technical_match_ratio,technical_partial_ratio,technical_missing_ratio,mandatory_requirement_compliance,document_completeness,required_documents_present,required_documents_missing,evidence_coverage,specification_match_score,specification_conflict_count,experience_years,relevant_experience_score,delivery_days,delivery_compliance,quoted_price,price_score,standards_coverage,high_risk_requirement_count,missing_evidence_count,conflict_count,compliance_class
0.68,0.0,0.32,1,0.543,2,3,0.451,68.0,4,2,33,30,1,26272.21,47.5,0.497,1,5,6,1
0.8,0.15,0.05,1,0.847,4,1,0.781,80.0,0,14,100,55,1,33367.11,33.3,0.72,0,2,0,3
0.482,0.182,0.336,0,0.488,2,3,0.448,48.2,5,4,48,13,1,14263.1,71.5,0.302,2,5,7,0
0.962,0.023,0.015,1,0.801,4,1,0.75,96.2,0,14,100,50,1,32331.19,35.3,0.772,0,2,2,3
0.565,0.241,0.194,1,0.584,2,3,0.489,56.5,2,1,25,50,0,33487.47,33.0,0.633,2,5,4,1
0.818,0.173,0.01,1,0.636,3,2,0.55,81.8,0,4,44,59,1,35536.29,28.9,0.907,0,4,0,2
0.419,0.432,0.15,0,0.388,1,4,0.341,41.9,2,2,28,87,0,27783.55,44.4,0.456,2,6,4,0
0.93,0.024,0.046,1,1.0,5,0,0.89,93.0,0,9,100,68,1,26381.42,47.2,0.949,0,1,0,3
0.894,0.1,0.006,1,0.98,4,1,0.933,89.4,0,9,93,33,1,33295.65,33.4,0.823,0,0,1,2
0.658,0.099,0.243,1,0.737,3,2,0.61,65.8,3,4,44,49,0,15076.53,69.8,0.741,1,3,5,2
0.864,0.042,0.094,1,0.706,3,2,0.63,86.4,1,13,100,68,1,12751.3,74.5,0.733,0,3,2,3
0.972,0.028,0.0,1,0.976,4,1,0.863,97.2,0,3,38,50,1,23544.39,52.9,0.823,0,1,0,3
0.721,0.269,0.01,1,0.62,3,2,0.582,72.1,0,3,24,62,1,10922.17,78.2,0.704,1,4,2,2
0.111,0.134,0.754,0,0.0,0,5,0.0,11.1,11,3,42,81,0,10544.82,78.9,0.0,4,10,12,0
0.895,0.045,0.06,1,1.0,5,0,0.83,89.5,0,8,85,9,1,24772.32,50.5,0.898,0,1,2,2
0.87,0.125,0.005,1,1.0,5,0,0.88,87.0,0,4,37,7,1,38649.15,22.7,0.89,0,1,2,3
0.809,0.157,0.034,1,1.0,5,0,0.903,80.9,0,4,30,54,1,34135.48,31.7,0.776,0,0,0,3
0.412,0.278,0.31,1,0.554,2,3,0.488,41.2,4,3,30,78,0,29633.52,40.7,0.412,2,5,4,1
0.676,0.0,0.392,0,0.598,2,3,0.537,67.6,5,4,38,39,0,10451.88,79.1,0.624,1,4,7,0
0.598,0.086,0.316,0,0.615,3,2,0.554,59.8,4,4,48,60,0,32652.47,34.7,0.528,2,4,5,0
0.801,0.07,0.13,1,0.8,4,1,0.732,80.1,1,3,31,36,1,33848.21,32.3,0.875,0,2,1,3
0.371,0.115,0.514,1,0.557,2,3,0.54,37.1,7,4,50,38,0,17767.05,64.5,0.266,3,4,9,1
0.881,0.015,0.104,1,0.72,3,2,0.664,88.1,1,9,81,33,1,17382.26,65.2,0.778,0,3,2,3
0.284,0.14,0.576,0,0.251,1,4,0.214,28.4,8,3,45,13,1,12522.74,75.0,0.323,3,7,8,0
0.839,0.028,0.134,1,0.789,3,2,0.646,83.9,2,8,88,31,1,13876.04,72.2,0.933,0,3,4,2
0.85,0.148,0.002,1,0.771,3,2,0.7,85.0,0,3,27,59,1,24504.0,51.0,0.94,0,3,0,3
0.839,0.141,0.021,1,0.919,4,1,0.76,83.9,0,4,57,36,1,16437.36,67.1,0.759,0,2,0,3
0.675,0.297,0.028,1,0.647,3,2,0.606,67.5,0,12,100,7,1,21058.81,57.9,0.547,1,3,0,3
0.674,0.035,0.291,1,0.737,3,2,0.654,67.4,4,2,21,32,0,18899.32,62.2,0.701,1,3,4,3
0.038,0.507,0.456,1,0.0,0,5,0.0,3.8,6,4,36,39,0,11970.11,76.1,0.033,4,10,7,1
0.614,0.33,0.056,1,0.615,3,2,0.597,61.4,0,6,65,30,1,33597.29,32.8,0.697,1,4,0,2
0.84,0.058,0.102,1,0.692,3,2,0.666,84.0,1,7,71,73,1,30510.67,39.0,0.836,0,3,3,2
0.386,0.401,0.213,0,0.433,2,3,0.376,38.6,3,4,55,80,0,10581.8,78.8,0.43,3,6,4,0
0.279,0.107,0.614,0,0.373,1,4,0.358,27.9,9,3,29,79,0,13527.8,72.9,0.251,3,6,9,0
0.1,0.31,0.59,0,0.125,0,5,0.106,10.0,8,4,52,36,0,18538.29,62.9,0.052,4,8,10,0
0.658,0.125,0.217,0,0.82,4,1,0.671,65.8,3,3,33,58,0,24335.95,51.3,0.648,1,3,5,0
0.431,0.267,0.302,1,0.548,2,3,0.525,43.1,4,4,39,64,0,11438.97,77.1,0.396,2,4,4,1
0.87,0.124,0.006,1,0.727,3,2,0.693,87.0,0,8,76,52,1,39533.92,20.9,0.692,0,3,0,3
0.624,0.363,0.013,1,0.574,2,3,0.502,62.4,0,9,100,51,1,28834.45,42.3,0.537,1,4,0,2
0.912,0.067,0.021,1,1.0,5,0,0.822,91.2,0,4,57,64,1,40934.09,18.1,0.942,0,1,2,3
0.804,0.16,0.036,1,0.795,3,2,0.65,80.4,0,8,90,12,1,30052.73,39.9,0.898,0,3,0,3
0.317,0.305,0.377,1,0.219,1,4,0.205,31.7,5,1,14,55,0,27393.72,45.2,0.254,3,7,5,0
0.87,0.123,0.007,1,1.0,5,0,0.978,87.0,0,10,100,42,1,21592.46,56.8,0.776,0,0,0,3
0.39,0.0,0.793,0,0.404,2,3,0.348,39.0,11,3,35,35,0,6997.78,86.0,0.213,3,6,11,0
0.774,0.088,0.138,1,0.925,4,1,0.842,77.4,2,9,100,39,1,29440.06,41.1,0.718,1,1,2,3
0.6,0.182,0.218,1,0.627,3,2,0.51,60.0,3,2,10,27,1,11409.39,77.2,0.659,2,4,3,2
0.999,0.0,0.028,1,1.0,5,0,0.989,99.9,0,5,56,84,1,22176.59,55.6,0.875,0,0,1,3
0.651,0.022,0.327,0,0.559,2,3,0.449,65.1,4,1,21,9,1,23004.09,54.0,0.707,1,5,5,0
0.863,0.076,0.061,1,0.675,3,2,0.641,86.3,0,4,40,57,1,32578.78,34.8,0.848,0,3,0,3
0.791,0.126,0.083,1,0.882,4,1,0.802,79.1,1,10,100,36,1,25552.17,48.9,0.85,1,1,1,3
0.371,0.083,0.546,0,0.354,1,4,0.353,37.1,8,1,12,49,0,8602.18,82.8,0.193,3,6,8,0
0.061,0.57,0.369,0,0.0,0,5,0.0,6.1,5,2,36,38,0,7584.8,84.8,0.0,4,10,7,0
0.439,0.451,0.11,1,0.453,2,3,0.394,43.9,1,1,16,84,0,18252.49,63.5,0.336,2,6,2,1
0.806,0.117,0.077,1,0.757,3,2,0.606,80.6,1,10,100,58,1,15233.73,69.5,0.717,0,3,1,3
0.711,0.22,0.069,1,0.525,2,3,0.447,71.1,1,5,54,29,1,22791.94,54.4,0.67,1,5,3,2
0.76,0.204,0.036,1,0.711,3,2,0.571,76.0,0,3,26,50,1,15830.41,68.3,0.663,1,4,0,2
0.56,0.197,0.244,1,0.654,3,2,0.596,56.0,3,3,38,48,0,17094.4,65.8,0.468,2,4,3,2
0.707,0.145,0.148,1,0.602,3,2,0.494,70.7,2,8,92,10,1,31270.44,37.5,0.533,1,5,3,2
0.337,0.337,0.326,0,0.416,2,3,0.415,33.7,4,1,19,81,0,17982.61,64.0,0.382,3,5,5,0
0.567,0.054,0.379,1,0.596,2,3,0.51,56.7,5,1,21,74,0,20635.91,58.7,0.52,2,4,5,1
0.244,0.311,0.444,0,0.106,0,5,0.095,24.4,6,2,10,12,1,10049.06,79.9,0.085,3,9,8,0
0.864,0.095,0.04,1,0.766,3,2,0.718,86.4,0,11,100,21,1,31505.17,37.0,0.788,0,2,0,3
0.966,0.0,0.048,1,0.816,4,1,0.772,96.6,0,4,41,41,1,47425.73,5.1,0.983,0,2,0,2
0.318,0.281,0.401,0,0.184,0,5,0.177,31.8,6,1,29,10,1,9742.95,80.5,0.295,3,8,8,0
0.814,0.051,0.135,1,0.83,4,1,0.737,81.4,2,11,100,72,1,23588.82,52.8,0.886,0,2,2,3
0.376,0.01,0.614,0,0.232,1,4,0.222,37.6,9,0,9,33,0,16828.96,66.3,0.221,3,7,9,0
0.598,0.292,0.11,1,0.703,3,2,0.685,59.8,1,4,44,58,0,19932.18,60.1,0.637,2,3,1,2
0.589,0.095,0.316,1,0.666,3,2,0.606,58.9,4,2,14,26,1,14539.94,70.9,0.661,2,3,6,1
0.739,0.119,0.142,1,0.773,3,2,0.697,73.9,2,3,34,66,1,24824.07,50.4,0.569,1,3,2,2
0.805,0.163,0.033,1,0.913,4,1,0.799,80.5,0,8,88,35,1,18648.64,62.7,0.857,0,2,0,3
0.094,0.523,0.383,0,0.229,1,4,0.199,9.4,5,2,17,21,1,10985.04,78.0,0.0,4,8,6,0
0.801,0.182,0.017,1,0.76,3,2,0.69,80.1,0,8,71,13,1,27143.36,45.7,0.822,0,3,2,3
0.481,0.377,0.142,0,0.48,2,3,0.425,48.1,2,0,18,69,0,16939.68,66.1,0.347,2,5,2,0
0.893,0.038,0.069,1,1.0,5,0,0.907,89.3,1,9,80,19,1,19932.95,60.1,0.821,0,0,1,3
0.487,0.225,0.287,0,0.622,3,2,0.571,48.7,4,2,24,72,0,23361.4,53.3,0.432,2,4,4,0
0.821,0.163,0.017,1,0.651,3,2,0.619,82.1,0,12,100,40,1,29305.7,41.4,0.628,0,3,1,3
0.798,0.198,0.004,1,0.69,3,2,0.645,79.8,0,10,100,73,1,32186.51,35.6,0.765,1,3,0,3
0.998,0.0,0.03,1,1.0,5,0,0.993,99.8,0,8,90,20,1,25260.17,49.5,1.0,0,0,0,2
0.854,0.127,0.018,1,0.912,4,1,0.858,85.4,0,7,79,17,1,16485.59,67.0,0.768,0,1,0,3
0.55,0.228,0.223,1,0.524,2,3,0.45,55.0,3,3,43,87,0,31711.7,36.6,0.496,2,5,4,1
0.885,0.114,0.001,1,0.793,3,2,0.72,88.5,0,11,100,79,1,19877.46,60.2,0.936,0,2,0,3
0.652,0.308,0.041,0,0.817,4,1,0.673,65.2,0,8,71,23,1,20131.2,59.7,0.601,1,3,0,1
0.056,0.512,0.432,0,0.149,0,5,0.127,5.6,6,0,10,77,0,13599.42,72.8,0.107,4,8,6,0
0.884,0.098,0.018,1,1.0,5,0,0.837,88.4,0,6,68,32,1,17388.74,65.2,0.936,0,1,0,3
0.944,0.025,0.031,1,1.0,5,0,0.879,94.4,0,8,74,62,1,22522.91,55.0,0.754,0,1,1,3
0.615,0.31,0.074,1,0.549,2,3,0.524,61.5,1,11,100,46,1,28204.72,43.6,0.564,1,4,1,2
0.674,0.203,0.123,1,0.752,3,2,0.642,67.4,1,14,100,50,1,30185.76,39.6,0.763,1,3,2,2
0.756,0.231,0.013,1,0.86,4,1,0.798,75.6,0,9,84,86,1,31229.89,37.5,0.631,1,2,0,3
0.695,0.0,0.383,0,0.777,3,2,0.766,69.5,5,1,20,13,1,10848.65,78.3,0.704,1,2,7,0
0.994,0.0,0.047,1,0.984,4,1,0.957,99.4,0,5,57,65,1,44012.04,12.0,0.805,0,0,2,3
0.348,0.529,0.123,1,0.284,1,4,0.269,34.8,1,0,-7,31,0,28446.39,43.1,0.304,3,7,3,1
0.884,0.093,0.023,1,1.0,5,0,0.8,88.4,0,4,32,45,1,15331.99,69.3,0.699,0,1,0,3
0.192,0.218,0.59,0,0.151,0,5,0.124,19.2,8,3,24,71,0,8581.66,82.8,0.025,4,8,10,0
0.419,0.411,0.17,0,0.226,1,4,0.225,41.9,2,0,14,74,0,15456.35,69.1,0.504,2,7,2,0
0.167,0.093,0.74,1,0.154,0,5,0.142,16.7,11,3,23,65,0,11023.7,78.0,0.218,4,8,11,0
0.824,0.174,0.002,1,0.778,3,2,0.628,82.4,0,5,63,12,1,43026.94,13.9,0.813,0,3,1,3
0.779,0.142,0.079,1,0.785,3,2,0.705,77.9,1,10,92,38,1,21584.52,56.8,0.766,1,2,1,3
0.358,0.0,0.73,0,0.314,1,4,0.269,35.8,10,0,-8,31,0,17782.9,64.4,0.169,3,7,10,0
0.947,0.039,0.014,1,0.848,4,1,0.679,94.7,0,7,75,24,1,17836.62,64.3,0.813,0,3,2,3
0.34,0.112,0.548,0,0.377,1,4,0.364,34.0,8,2,22,39,0,18179.45,63.6,0.38,3,6,9,0
0.973,0.0,0.035,1,1.0,5,0,0.939,97.3,0,6,76,44,1,21622.75,56.8,1.0,0,0,1,3
0.864,0.136,0.001,1,0.755,3,2,0.741,86.4,0,6,51,84,1,28915.9,42.2,0.741,0,2,1,3
0.131,0.29,0.58,0,0.081,0,5,0.065,13.1,8,2,25,76,0,9250.14,81.5,0.0,4,9,8,0
0.878,0.113,0.009,1,0.98,4,1,0.939,87.8,0,6,76,70,1,39786.02,20.4,0.699,0,0,1,3
0.548,0.338,0.114,1,0.738,3,2,0.733,54.8,1,2,29,82,0,10614.67,78.8,0.355,2,2,3,2
0.831,0.066,0.102,1,0.741,3,2,0.74,83.1,1,5,52,45,1,23175.6,53.6,0.879,0,2,1,3
0.955,0.034,0.012,1,0.807,4,1,0.786,95.5,0,14,100,27,1,46833.36,6.3,1.0,0,2,1,3
0.888,0.096,0.016,1,0.817,4,1,0.772,88.8,0,5,56,31,1,40022.34,20.0,0.857,0,2,1,3
0.648,0.322,0.031,1,0.509,2,3,0.454,64.8,0,6,56,9,1,29919.95,40.2,0.536,1,5,1,2
0.837,0.14,0.023,1,0.638,3,2,0.586,83.7,0,14,100,15,1,22018.37,56.0,0.785,0,4,1,3
0.681,0.2,0.12,1,0.663,3,2,0.532,68.1,1,4,43,44,1,17291.56,65.4,0.689,1,4,2,2
0.808,0.168,0.024,1,0.65,3,2,0.551,80.8,0,8,91,26,1,27110.58,45.8,0.841,0,4,0,3
0.214,0.045,0.741,0,0.344,1,4,0.299,21.4,11,1,5,52,0,15397.91,69.2,0.26,3,7,13,1
0.255,0.092,0.653,0,0.429,2,3,0.348,25.5,9,1,11,14,1,19210.26,61.6,0.242,3,6,9,0
0.745,0.156,0.099,1,0.784,3,2,0.75,74.5,1,5,48,66,1,28289.74,43.4,0.57,1,2,3,2
0.364,0.275,0.362,0,0.554,2,3,0.481,36.4,5,4,52,38,0,22454.89,55.1,0.33,3,5,5,0
0.699,0.0,0.392,1,0.578,2,3,0.541,69.9,5,0,-4,82,0,14354.83,71.3,0.787,1,4,5,1
0.926,0.037,0.037,1,1.0,5,0,0.901,92.6,0,3,38,42,1,16028.81,67.9,0.844,0,0,1,3
0.838,0.064,0.098,1,0.751,3,2,0.655,83.8,1,4,37,27,1,28327.83,43.3,0.677,0,3,3,2
0.836,0.152,0.012,1,1.0,5,0,0.836,83.6,0,8,82,47,1,23653.09,52.7,0.897,0,1,0,3
0.708,0.203,0.089,1,0.664,3,2,0.66,70.8,1,5,44,11,1,18129.75,63.7,0.74,1,3,2,2
0.891,0.097,0.012,1,0.72,3,2,0.601,89.1,0,12,100,7,1,30730.18,38.5,0.867,0,3,1,3
0.444,0.342,0.214,1,0.386,1,4,0.35,44.4,3,0,13,50,0,21159.22,57.7,0.503,2,6,3,1
0.61,0.242,0.148,1,0.503,2,3,0.407,61.0,2,9,82,76,1,14500.26,71.0,0.437,1,5,2,2
0.806,0.134,0.06,1,0.881,4,1,0.708,80.6,0,4,58,63,1,24502.81,51.0,0.683,0,2,0,3
0.513,0.349,0.138,0,0.37,1,4,0.366,51.3,2,1,20,7,1,28270.74,43.5,0.36,2,6,4,0
0.851,0.116,0.033,1,1.0,5,0,0.875,85.1,0,4,47,23,1,44080.7,11.8,0.91,0,1,1,3
0.318,0.0,0.759,0,0.495,2,3,0.477,31.8,11,0,15,68,0,14867.68,70.3,0.418,3,5,11,0
0.999,0.0,0.038,1,0.835,4,1,0.716,99.9,0,6,51,10,1,38365.77,23.3,1.0,0,2,2,3
0.887,0.072,0.041,1,0.735,3,2,0.668,88.7,0,7,74,71,1,27826.15,44.3,0.806,0,3,0,3
0.479,0.349,0.171,0,0.37,1,4,0.302,47.9,2,1,1,52,0,22511.13,55.0,0.442,2,6,4,0
0.983,0.0,0.041,1,0.826,4,1,0.686,98.3,0,14,100,21,1,28802.79,42.4,0.948,0,3,0,3
0.756,0.12,0.123,1,0.915,4,1,0.745,75.6,1,11,100,81,1,19501.86,61.0,0.616,1,2,3,3
0.367,0.348,0.285,1,0.435,2,3,0.428,36.7,4,1,3,36,0,27903.77,44.2,0.248,3,5,6,1
0.072,0.287,0.641,0,0.083,0,5,0.078,7.2,9,1,28,48,0,18766.29,62.5,0.0,4,9,9,0
0.875,0.099,0.026,1,0.72,3,2,0.576,87.5,0,8,90,15,1,42781.03,14.4,0.869,0,4,1,3
0.662,0.007,0.331,1,0.565,2,3,0.486,66.2,4,3,47,45,0,26688.75,46.6,0.491,1,5,6,1
0.776,0.199,0.025,1,0.921,4,1,0.777,77.6,0,8,85,43,1,26049.29,47.9,0.758,1,2,0,3
0.456,0.265,0.278,1,0.651,3,2,0.539,45.6,4,1,2,48,0,20704.99,58.6,0.472,2,4,4,1
0.826,0.169,0.005,1,0.915,4,1,0.838,82.6,0,6,57,42,1,21715.36,56.6,0.723,0,1,2,3
0.328,0.417,0.256,0,0.448,2,3,0.379,32.8,3,1,2,50,0,18108.34,63.8,0.228,3,6,3,0
0.932,0.04,0.028,1,1.0,5,0,0.893,93.2,0,14,100,42,1,48658.3,2.7,0.923,0,1,1,3
0.464,0.309,0.227,1,0.264,1,4,0.227,46.4,3,4,52,11,1,28429.51,43.1,0.494,2,7,5,1
0.628,0.334,0.039,1,0.774,3,2,0.713,62.8,0,6,51,20,1,12941.23,74.1,0.496,1,2,1,2
0.439,0.39,0.172,1,0.569,2,3,0.487,43.9,2,3,37,61,0,14044.11,71.9,0.474,2,5,3,1
0.717,0.208,0.075,1,0.733,3,2,0.679,71.7,1,10,99,36,1,28035.55,43.9,0.56,1,3,2,3
0.865,0.134,0.001,1,0.726,3,2,0.613,86.5,0,6,67,16,1,43786.82,12.4,0.704,0,3,1,3
0.897,0.072,0.03,1,1.0,5,0,0.835,89.7,0,5,48,12,1,20123.09,59.8,0.808,0,1,2,3
0.054,0.164,0.782,0,0.24,1,4,0.213,5.4,11,3,37,66,0,17771.73,64.5,0.0,4,7,11,1
0.646,0.345,0.009,1,0.63,3,2,0.511,64.6,0,4,58,37,1,27375.88,45.2,0.741,1,4,2,2
0.049,0.5,0.452,0,0.125,0,5,0.102,4.9,6,0,-6,58,0,7606.29,84.8,0.045,4,8,8,0
0.838,0.102,0.061,1,0.779,3,2,0.705,83.8,0,9,84,11,1,10275.78,79.4,0.762,0,2,1,3
0.104,0.216,0.68,0,0.118,0,5,0.1,10.4,10,1,17,59,0,17023.06,66.0,0.192,4,9,10,0
0.219,0.254,0.527,0,0.058,0,5,0.052,21.9,7,3,35,88,0,12140.27,75.7,0.132,3,9,8,0
0.836,0.031,0.134,1,0.95,4,1,0.82,83.6,2,4,57,54,1,16366.77,67.3,0.888,0,1,2,3
0.965,0.01,0.025,1,0.92,4,1,0.818,96.5,0,3,47,51,1,20255.92,59.5,0.986,0,1,0,3
0.613,0.375,0.013,1,0.441,2,3,0.359,61.3,0,7,79,27,1,19689.88,60.6,0.551,1,6,0,2
0.988,0.0,0.039,1,0.93,4,1,0.821,98.8,0,8,77,70,1,29850.39,40.3,0.813,0,1,0,3
0.956,0.032,0.011,1,1.0,5,0,0.933,95.6,0,3,23,74,1,42112.18,15.8,0.95,0,0,2,3
0.387,0.0,0.699,0,0.579,2,3,0.533,38.7,10,3,21,17,1,5656.03,88.7,0.221,3,4,10,0
0.15,0.275,0.575,0,0.016,0,5,0.014,15.0,8,3,38,52,0,5190.72,89.6,0.248,4,9,8,0
0.652,0.171,0.178,1,0.706,3,2,0.596,65.2,2,3,30,28,1,34616.74,30.8,0.733,1,4,3,3
0.274,0.38,0.346,1,0.269,1,4,0.224,27.4,5,2,14,67,0,16151.36,67.7,0.258,3,7,5,0
0.338,0.389,0.273,1,0.311,1,4,0.259,33.8,4,0,1,11,1,32036.27,35.9,0.221,3,7,5,1
0.932,0.053,0.016,1,1.0,5,0,0.963,93.2,0,13,100,47,1,28134.1,43.7,0.893,0,0,2,3
0.968,0.0,0.042,1,0.772,3,2,0.734,96.8,0,11,100,81,1,41469.26,17.1,1.0,0,2,0,3
0.637,0.305,0.058,1,0.75,3,2,0.632,63.7,0,7,65,60,1,27390.45,45.2,0.438,1,3,1,2
0.618,0.254,0.128,1,0.61,3,2,0.566,61.8,1,1,22,10,1,11320.1,77.4,0.564,1,4,1,2
0.607,0.345,0.048,1,0.466,2,3,0.438,60.7,0,12,100,37,1,30628.27,38.7,0.563,1,5,1,2
0.294,0.288,0.418,0,0.119,0,5,0.114,29.4,6,2,34,51,0,7602.2,84.8,0.285,3,8,8,0
0.574,0.028,0.397,1,0.67,3,2,0.664,57.4,5,0,9,67,0,34491.17,31.0,0.424,2,3,5,1
0.776,0.119,0.105,1,0.889,4,1,0.721,77.6,1,12,100,75,1,31048.34,37.9,0.632,1,2,3,3
0.745,0.235,0.02,1,0.836,4,1,0.752,74.5,0,10,100,76,1,11432.01,77.1,0.612,1,2,0,3
0.669,0.089,0.242,0,0.582,2,3,0.471,66.9,3,3,26,41,0,16890.31,66.2,0.705,1,5,4,0
0.472,0.175,0.353,0,0.334,1,4,0.324,47.2,5,3,37,63,0,18648.01,62.7,0.366,2,6,7,0
0.095,0.239,0.666,0,0.0,0,5,0.0,9.5,9,1,25,20,1,15962.31,68.1,0.189,4,10,9,0
0.659,0.256,0.085,1,0.848,4,1,0.782,65.9,1,11,100,56,1,28000.2,44.0,0.585,1,2,1,3
0.764,0.089,0.147,1,0.725,3,2,0.659,76.4,2,8,86,23,1,25322.5,49.4,0.631,1,3,4,2
0.642,0.258,0.1,1,0.481,2,3,0.468,64.2,1,9,100,82,1,11556.83,76.9,0.596,1,5,3,2
0.616,0.266,0.118,1,0.519,2,3,0.432,61.6,1,6,63,21,1,15122.03,69.8,0.679,1,5,3,2
0.848,0.13,0.023,1,1.0,5,0,0.954,84.8,0,4,54,9,1,46822.71,6.4,0.809,0,0,2,3
0.263,0.026,0.711,0,0.373,1,4,0.37,26.3,10,3,47,47,0,13663.9,72.7,0.253,3,6,11,0
0.666,0.074,0.26,0,0.744,3,2,0.714,66.6,3,2,22,9,1,32429.66,35.1,0.517,1,2,5,0
0.61,0.335,0.055,1,0.738,3,2,0.637,61.0,0,8,83,25,1,32060.41,35.9,0.651,1,3,1,2
0.884,0.067,0.049,1,0.951,4,1,0.881,88.4,0,12,100,33,1,39040.13,21.9,0.711,0,1,1,3
0.816,0.148,0.037,1,0.691,3,2,0.671,81.6,0,4,35,89,1,41585.38,16.8,0.912,0,3,1,2
0.694,0.268,0.038,1,0.846,4,1,0.766,69.4,0,14,100,68,1,27976.94,44.0,0.62,1,2,0,3
0.657,0.251,0.092,1,0.688,3,2,0.652,65.7,1,13,100,39,1,13156.62,73.7,0.66,1,3,3,2
0.621,0.353,0.026,1,0.512,2,3,0.495,62.1,0,5,43,64,1,22816.37,54.4,0.512,1,5,2,2
0.122,0.252,0.627,1,0.27,1,4,0.257,12.2,9,3,32,85,0,8904.3,82.2,0.194,4,7,11,0
0.633,0.3,0.067,1,0.779,3,2,0.708,63.3,1,5,69,84,1,21976.75,56.0,0.439,1,2,3,2
0.386,0.25,0.364,0,0.576,2,3,0.556,38.6,5,0,17,51,0,19442.16,61.1,0.404,3,4,7,0
0.856,0.1,0.044,1,0.701,3,2,0.66,85.6,0,6,57,87,1,23466.28,53.1,0.66,0,3,0,3
0.539,0.271,0.189,0,0.637,3,2,0.515,53.9,2,0,18,47,0,34725.71,30.5,0.527,2,4,3,0
0.857,0.121,0.021,1,0.764,3,2,0.732,85.7,0,7,64,54,1,44098.07,11.8,0.837,0,2,0,3
0.364,0.002,0.635,0,0.515,2,3,0.471,36.4,9,3,41,82,0,11966.5,76.1,0.205,3,5,9,0
0.368,0.247,0.384,1,0.484,2,3,0.449,36.8,5,3,47,10,1,19612.78,60.8,0.315,3,5,7,1
0.92,0.043,0.037,1,0.923,4,1,0.855,92.0,0,8,94,88,1,27664.86,44.7,0.862,0,1,1,3
0.488,0.277,0.235,1,0.537,2,3,0.48,48.8,3,3,43,55,0,22914.32,54.2,0.29,2,5,3,2
0.969,0.017,0.014,1,0.954,4,1,0.847,96.9,0,12,100,60,1,47611.38,4.8,0.888,0,1,1,3
0.634,0.314,0.052,1,0.784,3,2,0.704,63.4,0,5,50,83,1,33235.67,33.5,0.484,1,2,2,2
0.865,0.035,0.101,1,0.935,4,1,0.803,86.5,1,9,100,75,1,10039.13,79.9,0.856,0,1,2,3
0.324,0.395,0.281,1,0.17,0,5,0.149,32.4,4,3,37,25,1,24908.04,50.2,0.289,3,8,6,1
0.696,0.191,0.112,1,0.755,3,2,0.701,69.6,1,13,100,16,1,22553.84,54.9,0.538,1,2,3,2
0.369,0.34,0.291,1,0.381,1,4,0.368,36.9,4,1,16,47,0,20550.86,58.9,0.257,3,6,5,1
0.613,0.368,0.018,1,0.55,2,3,0.521,61.3,0,8,97,27,1,27312.32,45.4,0.542,1,4,0,2
0.423,0.241,0.337,1,0.542,2,3,0.523,42.3,5,0,12,81,0,24554.97,50.9,0.334,2,4,7,1
0.807,0.137,0.056,1,0.779,3,2,0.645,80.7,0,3,34,26,1,18494.22,63.0,0.762,0,3,0,3
0.154,0.15,0.696,0,0.0,0,5,0.0,15.4,10,3,43,82,0,13395.33,73.2,0.0,4,10,11,0
0.846,0.105,0.049,1,0.858,4,1,0.71,84.6,0,13,100,70,1,29495.26,41.0,0.764,0,2,1,3
0.195,0.44,0.365,0,0.143,0,5,0.125,19.5,5,3,37,79,0,19760.2,60.5,0.082,4,8,7,0
0.454,0.344,0.202,1,0.316,1,4,0.288,45.4,3,4,51,59,0,30841.25,38.3,0.386,2,7,4,1
0.378,0.505,0.117,0,0.286,1,4,0.284,37.8,1,3,38,7,1,24511.69,51.0,0.22,3,7,3,0
0.747,0.193,0.06,1,0.899,4,1,0.831,74.7,0,10,100,25,1,15032.8,69.9,0.665,1,1,0,2
0.872,0.108,0.02,1,0.912,4,1,0.794,87.2,0,14,100,27,1,28646.5,42.7,0.837,0,2,2,3
0.74,0.255,0.005,1,0.92,4,1,0.83,74.0,0,9,100,81,1,15080.58,69.8,0.769,1,1,1,3
0.748,0.166,0.087,1,0.94,4,1,0.829,74.8,1,6,56,41,1,15011.86,70.0,0.58,1,1,3,3
0.854,0.012,0.134,1,1.0,5,0,0.89,85.4,2,9,95,28,1,27193.05,45.6,0.871,0,1,2,3
0.12,0.401,0.479,0,0.031,0,5,0.026,12.0,7,2,28,14,1,19919.73,60.2,0.0,4,9,7,0
0.85,0.039,0.111,1,0.952,4,1,0.908,85.0,1,3,23,41,1,25340.1,49.3,0.677,0,0,1,3
0.163,0.333,0.504,0,0.103,0,5,0.084,16.3,7,4,31,51,0,19326.73,61.3,0.12,4,9,7,0
0.2,0.102,0.697,0,0.02,0,5,0.017,20.0,10,3,21,45,0,11019.59,78.0,0.088,3,9,10,0
0.309,0.416,0.275,1,0.328,1,4,0.277,30.9,4,4,48,59,0,20403.04,59.2,0.337,3,7,4,1
0.86,0.072,0.068,1,0.882,4,1,0.818,86.0,1,4,57,59,1,30098.96,39.8,0.826,0,1,2,3
0.31,0.254,0.436,0,0.224,1,4,0.185,31.0,6,2,18,82,0,11036.7,77.9,0.141,3,8,7,0
0.943,0.027,0.03,1,1.0,5,0,0.917,94.3,0,8,74,50,1,40931.64,18.1,0.838,0,0,0,3
0.408,0.239,0.353,0,0.524,2,3,0.512,40.8,5,2,26,76,0,19432.95,61.1,0.497,2,4,5,0
0.748,0.194,0.058,1,0.83,4,1,0.664,74.8,0,7,80,19,1,14570.18,70.9,0.632,1,3,2,3
0.883,0.076,0.04,1,0.937,4,1,0.937,88.3,0,7,81,54,1,19628.0,60.7,0.943,0,0,0,3
0.254,0.061,0.685,0,0.397,1,4,0.333,25.4,10,4,33,37,0,15794.81,68.4,0.165,3,6,10,0
0.794,0.086,0.119,1,0.609,3,2,0.535,79.4,1,6,67,9,1,17890.68,64.2,0.788,1,4,3,2
0.66,0.207,0.134,1,0.607,3,2,0.493,66.0,2,8,79,59,1,16689.82,66.6,0.71,1,5,3,1
0.968,0.0,0.035,1,1.0,5,0,0.806,96.8,0,8,86,18,1,35829.61,28.3,0.771,0,1,2,3
0.904,0.062,0.034,1,0.829,4,1,0.791,90.4,0,3,27,64,1,44999.53,10.0,0.876,0,2,2,3
0.447,0.398,0.155,1,0.38,1,4,0.33,44.7,2,1,6,63,0,19293.48,61.4,0.247,2,6,4,1
0.892,0.0,0.127,0,1.0,5,0,0.957,89.2,1,10,97,51,1,19950.13,60.1,0.783,0,0,1,1
0.399,0.356,0.245,1,0.388,1,4,0.315,39.9,3,0,12,11,1,23268.43,53.5,0.394,3,6,4,1
0.833,0.136,0.031,1,0.881,4,1,0.863,83.3,0,12,100,51,1,16905.93,66.2,0.928,0,1,0,3
0.833,0.135,0.032,1,0.957,4,1,0.947,83.3,0,10,100,66,1,33858.46,32.3,0.651,0,0,1,3
0.879,0.046,0.075,1,0.697,3,2,0.616,87.9,1,13,100,21,1,18856.69,62.3,0.964,0,3,2,3
0.879,0.007,0.114,1,0.751,3,2,0.669,87.9,1,8,98,14,1,15229.64,69.5,0.694,0,3,3,3
0.959,0.0,0.043,1,0.855,4,1,0.849,95.9,0,14,100,62,1,39910.3,20.2,1.0,0,1,2,3
0.475,0.247,0.278,0,0.524,2,3,0.522,47.5,4,4,56,23,1,34003.39,32.0,0.431,2,4,6,0
0.832,0.144,0.024,1,0.92,4,1,0.781,83.2,0,13,100,87,1,20694.49,58.6,0.802,0,2,0,3
0.604,0.395,0.001,1,0.774,3,2,0.655,60.4,0,7,83,48,1,18041.75,63.9,0.658,1,3,2,2
0.171,0.514,0.315,0,0.236,1,4,0.195,17.1,4,2,11,7,1,5673.67,88.7,0.2,4,8,4,0
0.602,0.023,0.376,1,0.633,3,2,0.551,60.2,5,4,49,59,0,18964.46,62.1,0.599,1,4,6,1
0.667,0.202,0.131,1,0.556,2,3,0.449,66.7,1,0,6,28,1,31669.26,36.7,0.552,1,5,2,2
0.731,0.182,0.087,1,0.834,4,1,0.715,73.1,1,9,86,32,1,32313.96,35.4,0.657,1,2,3,3
0.749,0.22,0.031,1,0.624,3,2,0.54,74.9,0,14,100,74,1,17381.05,65.2,0.813,1,4,2,2
0.331,0.345,0.324,0,0.44,2,3,0.383,33.1,4,1,24,55,0,13086.42,73.8,0.215,3,6,6,0
0.051,0.266,0.683,0,0.018,0,5,0.016,5.1,10,0,-1,46,0,8391.88,83.2,0.0,4,9,10,0
0.301,0.381,0.319,1,0.19,0,5,0.177,30.1,4,0,-6,19,1,20565.73,58.9,0.191,3,8,6,0
0.845,0.128,0.027,1,1.0,5,0,0.961,84.5,0,10,100,60,1,24765.95,50.5,0.843,0,0,2,3
0.813,0.162,0.025,1,0.846,4,1,0.838,81.3,0,8,94,23,1,25038.85,49.9,0.702,0,1,1,3
0.821,0.154,0.026,1,0.824,4,1,0.72,82.1,0,10,91,21,1,40001.43,20.0,0.759,0,2,0,3
0.819,0.052,0.129,1,0.942,4,1,0.79,81.9,1,8,75,58,1,13933.16,72.1,0.654,0,2,1,3
0.731,0.187,0.082,1,0.724,3,2,0.652,73.1,1,3,38,49,1,30974.93,38.1,0.534,1,3,2,2
0.888,0.101,0.012,1,0.969,4,1,0.934,88.8,0,3,36,46,1,16808.41,66.4,0.839,0,0,0,3
0.836,0.124,0.04,1,0.857,4,1,0.754,83.6,0,13,100,26,1,38700.33,22.6,0.823,0,2,2,3
0.9,0.096,0.004,1,0.825,4,1,0.815,90.0,0,9,98,57,1,15425.49,69.1,0.903,0,1,1,3
0.686,0.268,0.046,1,0.735,3,2,0.637,68.6,0,14,100,75,1,11708.83,76.6,0.721,1,3,0,3
0.806,0.144,0.05,1,0.755,3,2,0.747,80.6,0,6,71,13,1,25807.05,48.4,0.665,0,2,0,3
0.82,0.166,0.014,1,0.731,3,2,0.648,82.0,0,10,100,68,1,33154.53,33.7,0.674,0,3,0,3
0.161,0.17,0.669,0,0.131,0,5,0.113,16.1,10,2,12,16,1,12751.85,74.5,0.183,4,8,12,0
0.807,0.171,0.022,1,0.676,3,2,0.666,80.7,0,11,100,26,1,24976.11,50.0,0.794,0,3,2,3
0.306,0.304,0.39,0,0.376,1,4,0.354,30.6,5,0,16,65,0,24941.71,50.1,0.366,3,6,6,0
0.062,0.166,0.772,0,0.215,1,4,0.181,6.2,11,3,21,36,0,15201.68,69.6,0.0,4,8,12,1
0.908,0.045,0.047,1,0.797,3,2,0.753,90.8,0,12,100,54,1,38274.81,23.5,0.858,0,2,1,3
0.656,0.219,0.125,1,0.801,4,1,0.771,65.6,1,0,16,32,0,34906.56,30.2,0.525,1,2,3,2
0.81,0.159,0.031,1,0.938,4,1,0.759,81.0,0,3,44,75,1,11928.63,76.1,0.884,0,2,2,3
0.665,0.246,0.09,1,0.613,3,2,0.532,66.5,1,8,88,42,1,33317.76,33.4,0.628,1,4,2,2
0.823,0.066,0.111,1,0.65,3,2,0.568,82.3,1,8,80,45,1,16721.34,66.6,0.733,0,4,1,3
0.836,0.096,0.068,1,0.736,3,2,0.692,83.6,1,10,93,43,1,29599.68,40.8,0.762,0,3,2,3
0.92,0.07,0.01,1,0.956,4,1,0.843,92.0,0,8,93,74,1,22351.03,55.3,0.804,0,1,2,3
0.164,0.074,0.762,0,0.17,0,5,0.163,16.4,11,1,6,73,0,17211.89,65.6,0.169,4,8,11,0
0.424,0.401,0.175,1,0.438,2,3,0.382,42.4,2,1,19,31,0,30702.92,38.6,0.289,2,6,4,1
0.926,0.055,0.019,1,0.835,4,1,0.707,92.6,0,7,88,15,1,17717.43,64.6,0.975,0,2,0,3
0.838,0.029,0.133,1,0.823,4,1,0.727,83.8,1,8,78,35,1,21479.73,57.0,0.762,0,2,3,3
0.496,0.275,0.229,1,0.641,3,2,0.581,49.6,3,0,19,87,0,20355.02,59.3,0.515,2,4,4,1
0.254,0.155,0.591,0,0.139,0,5,0.12,25.4,8,2,31,21,1,16240.86,67.5,0.225,3,8,10,0
0.826,0.043,0.131,1,0.791,3,2,0.752,82.6,1,4,31,19,1,31763.17,36.5,0.816,0,2,1,3
0.242,0.399,0.359,0,0.099,0,5,0.093,24.2,5,4,34,32,0,18435.12,63.1,0.104,3,9,7,0
0.605,0.276,0.119,1,0.595,2,3,0.543,60.5,1,13,100,22,1,10249.47,79.5,0.622,1,4,1,2
0.964,0.0,0.042,1,0.958,4,1,0.831,96.4,0,9,93,35,1,21420.48,57.2,1.0,0,1,0,3
0.623,0.319,0.058,1,0.783,3,2,0.659,62.3,0,8,81,63,1,28577.04,42.8,0.677,1,3,1,2
0.89,0.084,0.026,1,1.0,5,0,0.846,89.0,0,13,100,73,1,22703.9,54.6,0.795,0,1,0,3
0.148,0.32,0.532,0,0.211,1,4,0.198,14.8,7,2,11,68,0,17634.88,64.7,0.06,4,8,9,0
0.041,0.634,0.324,0,0.012,0,5,0.011,4.1,4,1,19,87,0,5219.42,89.6,0.0,4,9,4,0
0.565,0.231,0.204,0,0.428,2,3,0.365,56.5,3,2,30,70,0,29357.57,41.3,0.621,2,6,5,0
0.861,0.118,0.021,1,0.946,4,1,0.83,86.1,0,11,100,65,1,45152.98,9.7,0.922,0,1,2,3
0.767,0.145,0.088,1,0.745,3,2,0.663,76.7,1,3,49,44,1,23331.28,53.3,0.758,1,3,2,2
0.511,0.141,0.348,1,0.423,2,3,0.394,51.1,5,1,6,59,0,30373.49,39.3,0.545,2,6,7,1
0.335,0.355,0.31,0,0.308,1,4,0.249,33.5,4,4,50,41,0,30608.17,38.8,0.324,3,7,6,0
0.886,0.104,0.01,1,0.891,4,1,0.844,88.6,0,10,100,24,1,44570.5,10.9,0.76,0,1,2,3
0.038,0.163,0.799,0,0.137,0,5,0.132,3.8,11,2,22,41,0,13567.43,72.9,0.0,4,8,12,0
0.978,0.0,0.042,1,0.941,4,1,0.755,97.8,0,5,61,44,1,15600.24,68.8,1.0,0,2,0,3
0.353,0.393,0.253,0,0.528,2,3,0.467,35.3,3,1,18,31,0,11733.21,76.5,0.345,3,5,3,0
0.642,0.272,0.087,1,0.789,3,2,0.691,64.2,1,9,100,75,1,25826.82,48.3,0.582,1,3,2,2
0.858,0.073,0.069,1,0.86,4,1,0.851,85.8,1,4,56,61,1,31591.04,36.8,0.691,0,1,1,3
0.616,0.287,0.097,1,0.444,2,3,0.405,61.6,1,9,83,71,1,14483.9,71.0,0.628,1,5,1,2
0.851,0.123,0.025,0,0.963,4,1,0.888,85.1,0,14,100,26,1,34023.0,32.0,0.812,0,1,2,1
0.646,0.268,0.086,1,0.815,4,1,0.747,64.6,1,8,89,14,1,11663.19,76.7,0.515,1,2,3,2
0.674,0.223,0.104,1,0.675,3,2,0.671,67.4,1,7,82,79,1,34930.95,30.1,0.483,1,3,3,2
0.892,0.038,0.07,1,0.717,3,2,0.622,89.2,1,7,82,18,1,30424.35,39.2,0.948,0,3,3,3
0.154,0.51,0.336,0,0.046,0,5,0.041,15.4,5,1,19,21,1,7209.13,85.6,0.246,4,9,6,0
0.888,0.098,0.014,1,1.0,5,0,0.865,88.8,0,10,100,16,1,23976.21,52.0,0.795,0,1,0,3
0.084,0.211,0.705,0,0.021,0,5,0.021,8.4,10,1,22,17,1,13451.13,73.1,0.125,4,9,12,0
0.752,0.227,0.022,1,0.661,3,2,0.593,75.2,0,3,42,63,1,27879.66,44.2,0.636,1,4,0,2
0.439,0.297,0.264,1,0.505,2,3,0.424,43.9,3,4,46,38,0,32237.98,35.5,0.35,2,5,5,1
0.822,0.104,0.074,1,0.958,4,1,0.835,82.2,1,4,45,61,1,27463.27,45.1,0.747,0,1,3,3
0.978,0.0,0.041,1,0.982,4,1,0.93,97.8,0,8,73,45,1,47631.3,4.7,1.0,0,0,1,3
0.342,0.275,0.383,0,0.338,1,4,0.298,34.2,5,4,35,78,0,13381.49,73.2,0.253,3,7,6,0
0.676,0.0,0.368,0,0.767,3,2,0.702,67.6,5,3,44,47,0,16316.15,67.4,0.632,1,2,5,0
0.826,0.081,0.094,1,0.647,3,2,0.566,82.6,1,8,73,7,1,18780.48,62.4,0.654,0,4,1,3
0.808,0.177,0.015,1,0.691,3,2,0.586,80.8,0,9,84,34,1,41620.15,16.8,0.654,0,4,2,3
0.779,0.071,0.15,1,0.738,3,2,0.713,77.9,2,13,100,27,1,11136.31,77.7,0.773,1,2,2,3
0.74,0.143,0.116,1,0.791,3,2,0.677,74.0,1,6,58,60,1,34909.96,30.2,0.779,1,3,1,2
0.434,0.326,0.24,1,0.6,3,2,0.503,43.4,3,3,20,48,0,19802.34,60.4,0.46,2,4,5,1
0.847,0.119,0.034,1,0.874,4,1,0.861,84.7,0,8,87,43,1,41229.91,17.5,0.777,0,1,1,3
0.467,0.345,0.188,0,0.385,1,4,0.311,46.7,2,3,46,23,1,26334.59,47.3,0.325,2,6,4,0
0.78,0.144,0.076,1,0.945,4,1,0.82,78.0,1,6,75,38,1,23575.54,52.8,0.684,1,1,1,3
0.856,0.137,0.007,1,0.781,3,2,0.757,85.6,0,4,45,46,1,33935.1,32.1,0.951,0,2,1,3
0.66,0.316,0.025,1,0.744,3,2,0.635,66.0,0,11,100,73,1,16166.47,67.7,0.601,1,3,2,2
0.951,0.02,0.029,1,1.0,5,0,0.963,95.1,0,13,100,21,1,31183.69,37.6,1.0,0,0,1,3
0.857,0.09,0.054,1,0.775,3,2,0.666,85.7,0,8,94,72,1,14615.81,70.8,0.759,0,3,0,3
0.824,0.139,0.037,1,0.837,4,1,0.717,82.4,0,12,100,58,1,40685.91,18.6,0.814,0,2,2,3
0.442,0.444,0.114,0,0.248,1,4,0.227,44.2,1,3,22,29,1,27492.25,45.0,0.365,2,7,1,0
0.817,0.171,0.013,1,0.929,4,1,0.761,81.7,0,9,84,62,1,18225.88,63.5,0.792,0,2,0,3
0.957,0.008,0.035,1,1.0,5,0,0.973,95.7,0,12,100,78,1,25372.52,49.3,1.0,0,0,2,3
0.852,0.1,0.048,1,0.824,4,1,0.717,85.2,0,6,74,82,1,33325.53,33.3,0.717,0,2,2,3
0.641,0.255,0.103,1,0.739,3,2,0.603,64.1,1,10,100,53,1,11294.65,77.4,0.609,1,3,3,2
0.872,0.083,0.046,1,0.898,4,1,0.751,87.2,0,8,98,33,1,42352.7,15.3,0.754,0,2,0,3
0.272,0.39,0.338,0,0.312,1,4,0.308,27.2,5,3,25,76,0,14812.4,70.4,0.257,3,6,6,0
0.969,0.02,0.011,1,0.865,4,1,0.78,96.9,0,13,100,41,1,17688.11,64.6,0.875,0,2,2,3
0.85,0.028,0.122,1,0.799,3,2,0.68,85.0,1,5,43,19,1,23291.53,53.4,0.811,0,3,1,3
0.415,0.318,0.267,0,0.578,2,3,0.481,41.5,4,3,32,72,0,23926.01,52.1,0.285,2,5,5,0
0.887,0.079,0.033,1,1.0,5,0,0.983,88.7,0,11,100,36,1,28809.95,42.4,0.847,0,0,1,3
0.819,0.057,0.124,1,0.953,4,1,0.865,81.9,1,14,100,29,1,22511.93,55.0,0.75,0,1,2,3
0.682,0.182,0.135,1,0.836,4,1,0.762,68.2,2,13,100,23,1,27417.38,45.2,0.58,1,2,3,3
0.643,0.011,0.346,1,0.496,2,3,0.435,64.3,5,2,22,9,1,34940.57,30.1,0.5,1,5,7,1
0.691,0.279,0.03,1,0.846,4,1,0.748,69.1,0,11,100,31,1,29930.28,40.1,0.709,1,2,2,3
0.622,0.262,0.116,0,0.556,2,3,0.454,62.2,1,2,30,27,1,33706.29,32.6,0.513,1,5,3,0
0.411,0.478,0.111,1,0.297,1,4,0.262,41.1,1,1,2,65,0,24581.31,50.8,0.214,2,7,3,1
0.316,0.407,0.277,0,0.506,2,3,0.46,31.6,4,2,36,85,0,16787.3,66.4,0.387,3,5,6,0
0.615,0.321,0.064,1,0.737,3,2,0.623,61.5,0,10,94,86,1,14831.24,70.3,0.43,1,3,0,3
0.412,0.389,0.2,1,0.56,2,3,0.533,41.2,2,2,24,53,0,23248.51,53.5,0.26,2,4,2,1
0.952,0.04,0.008,1,0.812,4,1,0.693,95.2,0,8,85,24,1,16983.82,66.0,0.762,0,3,1,3
0.658,0.246,0.096,1,0.812,4,1,0.796,65.8,1,9,98,25,1,26202.63,47.6,0.721,1,2,1,3
0.218,0.429,0.353,0,0.281,1,4,0.255,21.8,5,1,3,50,0,6218.44,87.6,0.316,3,7,6,0
0.995,0.0,0.04,1,1.0,5,0,0.916,99.5,0,5,60,38,1,36678.65,26.6,0.919,0,0,0,3
0.526,0.119,0.355,0,0.699,3,2,0.656,52.6,5,2,32,10,1,25079.8,49.8,0.483,2,3,5,0
0.748,0.223,0.029,1,0.86,4,1,0.824,74.8,0,10,93,25,1,13148.88,73.7,0.841,1,1,1,3
0.865,0.101,0.034,1,0.903,4,1,0.831,86.5,0,14,100,36,1,28233.53,43.5,0.708,0,1,1,3
0.67,0.236,0.094,1,0.557,2,3,0.453,67.0,1,8,94,33,1,28353.78,43.3,0.572,1,5,1,2
0.866,0.11,0.023,1,0.672,3,2,0.548,86.6,0,6,56,66,1,42210.94,15.6,0.868,0,4,1,3
0.79,0.089,0.121,1,0.912,4,1,0.838,79.0,1,9,100,27,1,11734.85,76.5,0.617,1,1,1,3
0.667,0.111,0.222,0,0.753,3,2,0.646,66.7,3,4,33,62,0,29804.78,40.4,0.67,1,3,4,0
0.859,0.141,0.0,1,0.768,3,2,0.648,85.9,0,10,100,84,1,30482.83,39.0,0.672,0,3,0,3
0.967,0.026,0.006,1,0.818,4,1,0.787,96.7,0,11,100,50,1,37742.58,24.5,0.798,0,2,0,3
0.834,0.148,0.018,0,0.919,4,1,0.801,83.4,0,8,99,38,1,31278.77,37.4,0.921,0,1,2,1
0.626,0.292,0.082,1,0.668,3,2,0.587,62.6,1,10,100,7,1,17872.96,64.3,0.455,1,4,1,2
0.889,0.085,0.027,1,1.0,5,0,0.999,88.9,0,5,40,64,1,31676.14,36.6,0.784,0,0,1,3
0.918,0.047,0.035,1,0.864,4,1,0.819,91.8,0,13,100,82,1,35042.5,29.9,0.795,0,1,0,3
0.898,0.088,0.014,1,0.968,4,1,0.923,89.8,0,7,72,49,1,14906.14,70.2,0.736,0,0,2,3
0.191,0.216,0.593,0,0.026,0,5,0.021,19.1,8,2,21,85,0,13165.17,73.7,0.062,4,9,10,0
0.808,0.167,0.025,1,0.884,4,1,0.752,80.8,0,3,29,71,1,49196.11,1.6,0.772,0,2,1,3
0.815,0.14,0.045,1,1.0,5,0,0.94,81.5,0,14,100,57,1,46896.87,6.2,0.621,0,0,1,3
0.307,0.042,0.651,0,0.377,1,4,0.331,30.7,9,1,10,60,0,13257.08,73.5,0.344,3,6,9,0
0.704,0.174,0.122,1,0.534,2,3,0.445,70.4,1,14,100,73,1,21293.49,57.4,0.61,1,5,3,2
0.353,0.139,0.507,0,0.417,2,3,0.371,35.3,7,0,-1,13,1,14731.48,70.5,0.44,3,6,8,0
0.781,0.132,0.087,1,0.716,3,2,0.591,78.1,1,14,100,10,1,28359.14,43.3,0.643,1,4,1,3
0.779,0.091,0.131,1,0.717,3,2,0.689,77.9,1,6,76,49,1,24146.26,51.7,0.851,1,3,2,2
0.357,0.497,0.145,1,0.396,1,4,0.323,35.7,2,1,15,45,0,22562.27,54.9,0.218,3,6,3,1
0.983,0.0,0.018,1,0.906,4,1,0.76,98.3,0,3,45,12,1,40272.31,19.5,0.795,0,2,0,3
0.774,0.085,0.14,1,0.767,3,2,0.738,77.4,2,13,100,15,1,31846.87,36.3,0.578,1,2,3,3
0.705,0.203,0.092,0,0.552,2,3,0.456,70.5,1,13,100,44,1,15408.32,69.2,0.638,1,5,3,1
0.66,0.301,0.04,1,0.487,2,3,0.411,66.0,0,8,79,31,1,21134.66,57.7,0.464,1,5,2,2
0.833,0.146,0.021,1,0.639,3,2,0.572,83.3,0,8,74,75,1,41729.23,16.5,0.79,0,4,1,3
0.624,0.31,0.066,1,0.498,2,3,0.418,62.4,0,5,45,18,1,19944.84,60.1,0.578,1,5,2,2
0.636,0.221,0.144,1,0.46,2,3,0.375,63.6,2,4,32,15,1,23946.84,52.1,0.724,1,6,4,1
0.964,0.0,0.045,1,0.974,4,1,0.867,96.4,0,13,100,78,1,25381.44,49.2,0.788,0,1,1,3
0.049,0.391,0.559,0,0.0,0,5,0.0,4.9,8,4,40,31,0,7138.35,85.7,0.0,4,10,10,0
0.002,0.363,0.635,0,0.0,0,5,0.0,0.2,9,3,33,73,0,19517.04,61.0,0.0,4,10,9,0
0.196,0.419,0.385,0,0.243,1,4,0.205,19.6,5,4,47,53,0,18836.51,62.3,0.018,4,7,6,0
0.613,0.0,0.398,0,0.763,3,2,0.737,61.3,5,0,8,49,0,34455.52,31.1,0.467,1,2,5,0
0.592,0.182,0.226,1,0.725,3,2,0.697,59.2,3,0,-6,32,0,32253.45,35.5,0.588,2,3,3,1
0.786,0.129,0.085,1,0.839,4,1,0.8,78.6,1,10,100,61,1,33731.83,32.5,0.849,1,2,1,3
0.842,0.141,0.018,1,0.909,4,1,0.815,84.2,0,13,100,85,1,20651.02,58.7,0.783,0,1,2,3
0.663,0.226,0.111,0,0.605,3,2,0.578,66.3,1,8,96,15,1,28618.42,42.8,0.587,1,4,3,0
0.639,0.295,0.066,1,0.804,4,1,0.653,63.9,0,4,54,64,1,10161.61,79.7,0.588,1,3,0,2
0.607,0.305,0.088,1,0.477,2,3,0.427,60.7,1,4,46,41,1,32414.37,35.2,0.466,1,5,3,3
0.235,0.307,0.458,0,0.359,1,4,0.331,23.5,6,2,18,7,1,9911.31,80.2,0.085,3,6,7,0
0.877,0.101,0.022,1,0.915,4,1,0.84,87.7,0,11,100,45,1,40307.51,19.4,0.909,0,1,1,3
0.604,0.342,0.054,1,0.559,2,3,0.544,60.4,0,11,100,10,1,16649.94,66.7,0.504,1,4,0,2
0.799,0.08,0.121,1,0.925,4,1,0.744,79.9,1,12,100,14,1,25962.22,48.1,0.695,1,2,1,3
0.0,0.248,0.752,0,0.0,0,5,0.0,0.0,11,1,27,79,0,16400.08,67.2,0.0,4,10,11,0
0.691,0.016,0.294,1,0.612,3,2,0.585,69.1,4,0,7,26,1,19838.88,60.3,0.53,1,4,6,1
0.773,0.196,0.031,1,0.697,3,2,0.618,77.3,0,6,54,89,1,19957.01,60.1,0.575,1,3,1,2
0.962,0.0,0.041,1,1.0,5,0,0.865,96.2,0,9,93,55,1,38020.07,24.0,0.955,0,1,2,2
0.194,0.451,0.355,0,0.121,0,5,0.117,19.4,5,0,2,83,0,18069.73,63.9,0.23,4,8,6,0
0.82,0.138,0.043,1,0.751,3,2,0.609,82.0,0,10,100,32,1,23524.99,53.0,0.711,0,3,1,3
0.302,0.464,0.234,0,0.375,1,4,0.318,30.2,3,2,29,65,0,30081.12,39.8,0.398,3,6,5,0
0.259,0.129,0.612,0,0.182,0,5,0.176,25.9,9,2,25,77,0,10750.96,78.5,0.109,3,8,9,0
0.657,0.235,0.108,1,0.698,3,2,0.623,65.7,1,5,59,53,1,12635.03,74.7,0.708,1,3,1,2
0.709,0.159,0.132,1,0.554,2,3,0.488,70.9,1,4,44,85,1,34035.42,31.9,0.713,1,5,2,2
0.4,0.218,0.383,0,0.51,2,3,0.448,40.0,5,3,36,19,1,34394.47,31.2,0.31,3,5,6,0
0.508,0.26,0.232,1,0.51,2,3,0.46,50.8,3,2,31,8,1,11834.1,76.3,0.507,2,5,4,1
0.727,0.156,0.118,1,0.855,4,1,0.795,72.7,1,13,100,86,1,16416.18,67.2,0.752,1,2,1,3
0.538,0.063,0.399,1,0.707,3,2,0.614,53.8,5,4,37,79,0,20467.38,59.1,0.404,2,3,5,2
0.684,0.192,0.123,1,0.778,3,2,0.758,68.4,1,3,20,7,1,12978.52,74.0,0.638,1,2,3,2
0.549,0.136,0.316,0,0.363,1,4,0.362,54.9,4,1,9,62,0,25616.6,48.8,0.373,2,6,5,0
0.806,0.072,0.122,1,0.915,4,1,0.855,80.6,1,12,100,64,1,10942.44,78.1,0.848,0,1,2,3
0.684,0.199,0.117,1,0.643,3,2,0.626,68.4,1,7,85,84,1,31469.04,37.1,0.582,1,3,1,2
0.007,0.241,0.752,0,0.204,1,4,0.202,0.7,11,2,31,69,0,5921.38,88.2,0.0,4,7,11,0
0.893,0.0,0.121,1,0.908,4,1,0.879,89.3,1,4,52,23,1,17865.72,64.3,0.895,0,1,2,3
0.944,0.042,0.014,1,0.874,4,1,0.703,94.4,0,3,39,76,1,17724.98,64.6,1.0,0,2,1,3
0.834,0.124,0.043,1,0.639,3,2,0.577,83.4,0,6,59,70,1,46822.07,6.4,0.88,0,4,0,3
0.414,0.4,0.187,0,0.371,1,4,0.337,41.4,2,2,11,16,1,14856.84,70.3,0.348,2,6,4,0
0.723,0.177,0.1,1,0.684,3,2,0.656,72.3,1,3,42,29,1,16849.7,66.3,0.81,1,3,2,2
0.317,0.529,0.154,0,0.496,2,3,0.411,31.7,2,1,0,86,0,34531.44,30.9,0.232,3,5,4,0
0.551,0.291,0.158,0,0.726,3,2,0.714,55.1,2,1,17,49,0,11725.92,76.5,0.452,2,2,4,0
0.707,0.271,0.022,1,0.833,4,1,0.73,70.7,0,3,29,69,1,26444.13,47.1,0.676,1,2,0,2
0.758,0.128,0.114,1,0.635,3,2,0.568,75.8,1,4,33,77,1,20327.68,59.3,0.618,1,4,2,2
0.23,0.043,0.727,0,0.174,0,5,0.143,23.0,10,4,53,46,0,8105.86,83.8,0.194,3,8,10,0
0.879,0.108,0.012,1,1.0,5,0,0.869,87.9,0,7,77,46,1,40014.35,20.0,0.752,0,1,0,3
0.332,0.305,0.363,1,0.253,1,4,0.233,33.2,5,0,3,55,0,12872.66,74.3,0.134,3,7,5,0
0.774,0.218,0.008,1,0.773,3,2,0.652,77.4,0,5,65,58,1,22184.61,55.6,0.781,1,3,2,2
0.849,0.123,0.029,1,0.87,4,1,0.748,84.9,0,10,92,55,1,31211.79,37.6,0.758,0,2,0,3
0.925,0.038,0.037,1,1.0,5,0,0.969,92.5,0,3,36,31,1,29065.67,41.9,0.927,0,0,1,3
0.707,0.198,0.095,1,0.807,4,1,0.734,70.7,1,9,80,32,1,10671.69,78.7,0.621,1,2,2,3
0.719,0.189,0.092,1,0.639,3,2,0.634,71.9,1,10,100,32,1,22774.27,54.5,0.647,1,3,1,3
0.143,0.39,0.467,0,0.0,0,5,0.0,14.3,7,2,32,18,1,15512.99,69.0,0.2,4,10,9,0
0.675,0.071,0.255,1,0.546,2,3,0.449,67.5,3,4,48,77,0,23887.43,52.2,0.65,1,5,5,1
0.817,0.165,0.018,1,0.889,4,1,0.76,81.7,0,12,100,29,1,42615.8,14.8,0.653,0,2,2,3
0.507,0.168,0.324,1,0.589,2,3,0.581,50.7,4,2,32,20,1,16627.03,66.7,0.516,2,4,4,2
0.213,0.076,0.711,0,0.33,1,4,0.317,21.3,10,3,26,10,1,7618.85,84.8,0.225,3,6,10,0
0.917,0.077,0.006,1,0.765,3,2,0.722,91.7,0,10,100,57,1,32052.42,35.9,0.724,0,2,1,3
0.684,0.296,0.02,1,0.809,4,1,0.689,68.4,0,12,100,20,1,31400.03,37.2,0.709,1,3,0,3
0.028,0.225,0.747,0,0.0,0,5,0.0,2.8,11,4,41,50,0,17783.19,64.4,0.0,4,10,12,0
0.746,0.242,0.013,1,0.753,3,2,0.695,74.6,0,9,100,39,1,20728.74,58.5,0.568,1,3,1,3
0.848,0.142,0.01,1,0.85,4,1,0.811,84.8,0,12,100,81,1,42717.75,14.6,0.769,0,1,1,3
0.588,0.148,0.264,1,0.488,2,3,0.4,58.8,3,1,19,41,0,31519.97,37.0,0.491,2,5,3,1
0.547,0.088,0.365,0,0.509,2,3,0.508,54.7,5,1,25,42,0,22915.69,54.2,0.432,2,4,6,0
0.937,0.048,0.015,1,0.818,4,1,0.697,93.7,0,14,100,40,1,16967.85,66.1,0.883,0,3,0,3
0.764,0.199,0.037,1,0.905,4,1,0.825,76.4,0,14,100,81,1,28585.88,42.8,0.724,1,1,1,3
0.603,0.338,0.059,1,0.542,2,3,0.437,60.3,0,14,100,38,1,14014.84,72.0,0.564,1,5,1,2
0.681,0.271,0.047,1,0.672,3,2,0.628,68.1,0,6,70,76,1,21853.95,56.3,0.549,1,3,2,2
0.13,0.335,0.534,0,0.324,1,4,0.273,13.0,8,2,25,67,0,19787.05,60.4,0.182,4,7,10,0
0.304,0.482,0.215,0,0.118,0,5,0.107,30.4,3,3,41,34,0,30739.15,38.5,0.144,3,8,3,0
0.988,0.0,0.034,1,0.934,4,1,0.922,98.8,0,3,26,62,1,36961.38,26.1,1.0,0,0,0,3
0.094,0.451,0.455,0,0.0,0,5,0.0,9.4,6,3,37,86,0,15765.14,68.5,0.187,4,10,7,0
0.887,0.07,0.043,1,0.759,3,2,0.751,88.7,0,11,100,84,1,28781.43,42.4,0.869,0,2,2,3
0.668,0.323,0.009,1,0.658,3,2,0.549,66.8,0,3,35,41,1,24430.4,51.1,0.671,1,4,1,3
0.726,0.169,0.105,1,0.728,3,2,0.583,72.6,1,10,100,57,1,22862.24,54.3,0.783,1,4,3,2
0.514,0.17,0.315,1,0.69,3,2,0.593,51.4,4,3,22,55,0,12778.77,74.4,0.324,2,4,5,1
0.844,0.148,0.008,1,0.669,3,2,0.645,84.4,0,7,74,23,1,31429.24,37.1,0.901,0,3,0,3
0.352,0.459,0.189,1,0.34,1,4,0.288,35.2,2,3,46,40,0,30513.62,39.0,0.154,3,7,2,1
0.321,0.444,0.235,0,0.262,1,4,0.246,32.1,3,0,17,84,0,14607.53,70.8,0.133,3,7,3,0
0.076,0.417,0.507,1,0.058,0,5,0.05,7.6,7,0,2,84,0,14142.59,71.7,0.046,4,9,8,0
0.85,0.124,0.025,1,1.0,5,0,0.957,85.0,0,7,87,86,1,48672.05,2.7,0.803,0,0,2,3
0.684,0.174,0.143,1,0.597,2,3,0.511,68.4,2,0,2,9,1,30514.79,39.0,0.601,1,4,2,2
0.707,0.283,0.01,1,0.553,2,3,0.539,70.7,0,9,85,83,1,18679.8,62.6,0.746,1,4,2,2
0.936,0.036,0.029,1,0.98,4,1,0.969,93.6,0,3,46,53,1,33694.89,32.6,0.942,0,0,0,3
0.647,0.0,0.387,0,0.8,3,2,0.655,64.7,5,0,-6,36,0,22458.33,55.1,0.628,1,3,6,0
0.808,0.114,0.077,1,0.853,4,1,0.746,80.8,1,5,62,87,1,32393.16,35.2,0.617,0,2,3,3
0.134,0.309,0.557,0,0.07,0,5,0.065,13.4,8,0,2,7,1,8539.95,82.9,0.0,4,9,8,0
0.505,0.141,0.353,0,0.588,2,3,0.547,50.5,5,4,47,50,0,21252.75,57.5,0.583,2,4,5,0
0.353,0.469,0.179,1,0.44,2,3,0.363,35.3,2,2,27,11,1,22848.89,54.3,0.36,3,6,4,1
0.656,0.196,0.148,0,0.562,2,3,0.463,65.6,2,3,34,7,1,28682.44,42.6,0.47,1,5,2,0
0.602,0.283,0.115,1,0.714,3,2,0.646,60.2,1,3,23,77,1,27032.05,45.9,0.617,1,3,2,2
0.271,0.397,0.332,0,0.367,1,4,0.309,27.1,4,1,4,38,0,8263.82,83.5,0.111,3,6,6,0
0.08,0.446,0.474,0,0.098,0,5,0.08,8.0,7,0,9,12,1,16404.92,67.2,0.096,4,9,9,0
0.456,0.151,0.393,1,0.576,2,3,0.489,45.6,5,2,33,46,0,12287.19,75.4,0.48,2,5,6,2
0.694,0.297,0.009,1,0.498,2,3,0.439,69.4,0,13,100,28,1,17602.37,64.8,0.737,1,5,2,2
0.818,0.078,0.104,1,0.708,3,2,0.66,81.8,1,10,99,63,1,28794.95,42.4,0.789,0,3,1,3
0.7,0.213,0.087,1,0.728,3,2,0.674,70.0,1,5,47,37,1,15821.46,68.4,0.648,1,3,2,2
0.502,0.302,0.197,0,0.487,2,3,0.403,50.2,2,4,40,76,0,27690.51,44.6,0.334,2,5,2,0
0.954,0.041,0.006,1,1.0,5,0,0.967,95.4,0,3,39,39,1,31042.72,37.9,0.912,0,0,0,3
0.346,0.104,0.55,0,0.253,1,4,0.224,34.6,8,0,5,60,0,13775.53,72.4,0.293,3,7,9,0
0.68,0.183,0.137,1,0.532,2,3,0.504,68.0,2,13,100,64,1,25537.97,48.9,0.546,1,4,2,2
0.827,0.154,0.019,1,0.955,4,1,0.949,82.7,0,5,48,70,1,24628.46,50.7,0.818,0,0,1,3
0.853,0.133,0.014,1,1.0,5,0,0.805,85.3,0,13,100,27,1,29276.36,41.4,0.757,0,1,1,3
0.929,0.038,0.032,1,0.781,3,2,0.726,92.9,0,3,44,49,1,30369.57,39.3,0.741,0,2,2,3
0.94,0.037,0.023,1,0.762,3,2,0.675,94.0,0,12,100,82,1,28928.61,42.1,1.0,0,3,1,3
0.996,0.0,0.033,1,1.0,5,0,0.95,99.6,0,8,81,32,1,26048.4,47.9,0.834,0,0,1,3
0.239,0.026,0.735,0,0.219,1,4,0.195,23.9,11,1,21,33,0,17318.89,65.4,0.112,3,8,11,0
0.975,0.012,0.012,1,0.996,4,1,0.835,97.5,0,10,100,69,1,15874.44,68.3,0.992,0,1,0,3
0.79,0.131,0.079,1,0.863,4,1,0.82,79.0,1,6,69,43,1,11425.06,77.1,0.766,1,1,2,3
0.02,0.394,0.586,0,0.0,0,5,0.0,2.0,8,2,33,83,0,5399.13,89.2,0.04,4,10,10,0
0.823,0.076,0.101,1,0.763,3,2,0.63,82.3,1,4,54,79,1,31465.0,37.1,0.911,0,3,2,2
0.342,0.314,0.344,1,0.39,1,4,0.373,34.2,5,1,22,8,1,11405.35,77.2,0.367,3,6,6,1
0.556,0.25,0.194,1,0.37,1,4,0.338,55.6,2,2,23,61,0,14397.26,71.2,0.427,2,6,4,1
0.842,0.15,0.007,1,0.946,4,1,0.851,84.2,0,3,38,60,1,46327.68,7.3,0.815,0,1,2,3
0.899,0.056,0.046,1,1.0,5,0,0.833,89.9,0,4,31,47,1,27409.19,45.2,0.868,0,1,2,3
0.853,0.102,0.045,1,0.695,3,2,0.647,85.3,0,9,83,26,1,30850.92,38.3,0.937,0,3,0,3
0.375,0.434,0.191,0,0.233,1,4,0.191,37.5,2,2,10,75,0,13534.59,72.9,0.214,3,8,3,0
0.339,0.511,0.15,1,0.468,2,3,0.407,33.9,2,1,21,72,0,26928.11,46.1,0.344,3,5,2,1
0.316,0.448,0.237,1,0.343,1,4,0.332,31.6,3,0,-6,8,1,27294.44,45.4,0.318,3,6,4,1
0.937,0.05,0.012,1,1.0,5,0,0.821,93.7,0,13,100,88,1,28399.17,43.2,0.927,0,1,2,3
0.693,0.193,0.114,1,0.869,4,1,0.726,69.3,1,12,100,55,1,16320.94,67.4,0.513,1,2,1,3
0.927,0.037,0.036,1,0.829,4,1,0.783,92.7,0,6,67,63,1,18344.57,63.3,0.996,0,2,0,3
0.974,0.018,0.009,1,0.792,3,2,0.726,97.4,0,6,75,63,1,22400.09,55.2,0.853,0,2,1,3
0.983,0.0,0.025,1,1.0,5,0,0.827,98.3,0,11,100,38,1,40702.25,18.6,0.94,0,1,2,3
0.841,0.146,0.013,1,0.678,3,2,0.596,84.1,0,6,74,57,1,20828.85,58.3,0.937,0,4,2,2
0.328,0.555,0.117,0,0.36,1,4,0.355,32.8,1,4,43,75,0,21147.17,57.7,0.341,3,6,2,0
0.444,0.264,0.291,0,0.389,1,4,0.353,44.4,4,2,35,63,0,30401.42,39.2,0.374,2,6,4,0
0.866,0.072,0.062,1,0.918,4,1,0.811,86.6,0,6,57,58,1,10416.79,79.2,0.928,0,1,0,3
0.594,0.21,0.196,1,0.459,2,3,0.456,59.4,2,2,14,81,0,29059.03,41.9,0.438,2,5,2,2
0.731,0.191,0.079,1,0.831,4,1,0.789,73.1,1,5,44,89,1,16729.74,66.5,0.825,1,2,1,2
0.441,0.327,0.232,0,0.472,2,3,0.434,44.1,3,4,57,39,0,23530.96,52.9,0.257,2,5,5,0
0.365,0.0,0.651,0,0.341,1,4,0.282,36.5,9,0,-5,52,0,18566.79,62.9,0.165,3,7,10,0
0.786,0.202,0.012,1,0.686,3,2,0.663,78.6,0,8,95,45,1,33372.33,33.3,0.777,1,3,1,3
0.645,0.216,0.139,1,0.517,2,3,0.445,64.5,2,6,51,31,1,33164.63,33.7,0.658,1,5,2,2
0.625,0.227,0.148,1,0.539,2,3,0.495,62.5,2,4,36,79,1,14369.62,71.3,0.62,1,5,4,2
0.833,0.066,0.101,1,0.99,4,1,0.808,83.3,1,7,72,86,1,34700.35,30.6,0.75,0,1,2,3
0.664,0.301,0.036,1,0.628,3,2,0.532,66.4,0,12,100,70,1,27560.13,44.9,0.553,1,4,2,2
0.972,0.008,0.02,1,1.0,5,0,0.93,97.2,0,3,40,73,1,37157.98,25.7,1.0,0,0,0,3
0.046,0.232,0.722,0,0.054,0,5,0.044,4.6,10,0,16,46,0,10122.04,79.8,0.0,4,9,10,0
0.517,0.093,0.39,0,0.693,3,2,0.58,51.7,5,0,-9,37,0,24394.81,51.2,0.51,2,4,7,1
0.751,0.211,0.039,1,0.557,2,3,0.451,75.1,0,7,85,11,1,33832.91,32.3,0.822,1,5,0,2
0.933,0.06,0.006,1,1.0,5,0,0.842,93.3,0,11,100,7,1,21033.52,57.9,0.995,0,1,0,3
0.685,0.06,0.256,0,0.736,3,2,0.626,68.5,3,2,37,59,0,33360.51,33.3,0.547,1,3,5,0
0.904,0.062,0.033,1,1.0,5,0,0.852,90.4,0,12,100,52,1,47114.07,5.8,0.934,0,1,0,3
0.631,0.367,0.002,1,0.815,4,1,0.799,63.1,0,6,66,69,1,16854.1,66.3,0.527,1,2,2,2
0.877,0.102,0.021,1,0.695,3,2,0.596,87.7,0,12,100,35,1,41560.38,16.9,0.709,0,4,2,3
0.987,0.0,0.026,1,1.0,5,0,0.907,98.7,0,5,60,62,1,31516.59,37.0,0.934,0,0,1,3
0.881,0.103,0.017,1,0.877,4,1,0.802,88.1,0,8,72,40,1,26691.59,46.6,0.713,0,1,2,3
0.861,0.131,0.008,1,0.845,4,1,0.728,86.1,0,5,65,22,1,34309.93,31.4,0.768,0,2,2,3
0.875,0.112,0.013,1,0.773,3,2,0.689,87.5,0,4,38,59,1,15740.24,68.5,0.801,0,3,0,3
0.525,0.313,0.161,1,0.346,1,4,0.336,52.5,2,1,21,77,0,18813.23,62.4,0.542,2,6,3,1
0.825,0.166,0.009,1,0.823,4,1,0.672,82.5,0,8,96,31,1,26253.66,47.5,0.636,0,3,0,3
0.899,0.079,0.023,1,0.714,3,2,0.675,89.9,0,5,69,59,1,18852.58,62.3,0.814,0,3,1,3
0.921,0.043,0.036,1,0.767,3,2,0.703,92.1,0,7,64,85,1,45805.42,8.4,0.779,0,2,2,3
0.792,0.104,0.105,1,0.931,4,1,0.844,79.2,1,13,100,35,1,12950.15,74.1,0.818,1,1,2,3
0.161,0.042,0.797,0,0.231,1,4,0.192,16.1,11,3,30,45,0,8043.1,83.9,0.185,4,8,13,0
0.748,0.113,0.138,0,0.84,4,1,0.821,74.8,2,10,98,41,1,11398.16,77.2,0.591,1,1,3,1
0.616,0.258,0.125,1,0.627,3,2,0.572,61.6,1,4,31,21,1,24837.41,50.3,0.479,1,4,1,2
0.804,0.155,0.04,1,0.92,4,1,0.79,80.4,0,13,100,30,1,21965.4,56.1,0.904,0,2,1,3
0.397,0.25,0.353,0,0.226,1,4,0.213,39.7,5,4,31,17,1,26256.38,47.5,0.225,3,7,7,0
0.435,0.344,0.221,0,0.433,2,3,0.357,43.5,3,3,24,55,0,16698.57,66.6,0.391,2,6,5,0
0.312,0.207,0.481,0,0.436,2,3,0.382,31.2,7,4,47,10,1,6056.08,87.9,0.219,3,6,9,0
0.601,0.324,0.075,1,0.79,3,2,0.657,60.1,1,10,92,13,1,26645.77,46.7,0.466,1,3,3,2
0.75,0.188,0.062,1,0.625,3,2,0.501,75.0,0,14,100,25,1,32296.83,35.4,0.636,1,4,1,3
0.155,0.526,0.319,1,0.225,1,4,0.224,15.5,4,2,39,28,1,7349.19,85.3,0.248,4,7,5,0
0.894,0.091,0.015,1,0.95,4,1,0.826,89.4,0,4,58,80,1,24771.66,50.5,0.89,0,1,0,3
0.637,0.204,0.158,1,0.663,3,2,0.631,63.7,2,3,20,46,0,13540.43,72.9,0.468,1,3,4,2
0.121,0.207,0.672,1,0.208,1,4,0.208,12.1,10,0,-8,68,0,6248.86,87.5,0.139,4,7,11,0
0.889,0.087,0.024,1,1.0,4,1,0.876,88.9,0,7,86,46,1,27700.3,44.6,0.869,0,1,1,3
0.897,0.067,0.036,1,0.823,4,1,0.715,89.7,0,7,85,75,1,16025.48,67.9,0.882,0,2,0,3
0.708,0.28,0.012,1,0.888,4,1,0.783,70.8,0,11,100,55,1,34472.99,31.1,0.624,1,2,1,3
0.628,0.353,0.019,1,0.733,3,2,0.719,62.8,0,6,55,74,1,30631.22,38.7,0.689,1,2,2,2
0.68,0.17,0.15,1,0.485,2,3,0.402,68.0,2,12,100,79,1,21455.12,57.1,0.764,1,5,4,2
0.186,0.394,0.42,0,0.168,0,5,0.154,18.6,6,0,9,48,0,14960.18,70.1,0.088,4,8,8,0
0.842,0.156,0.002,1,0.938,4,1,0.906,84.2,0,13,100,11,1,21078.51,57.8,0.849,0,0,1,3
0.947,0.028,0.025,1,1.0,5,0,0.853,94.7,0,4,51,14,1,29478.29,41.0,0.972,0,1,2,3
0.856,0.12,0.025,1,0.787,3,2,0.699,85.6,0,3,46,26,1,48607.63,2.8,0.854,0,3,1,3
0.165,0.385,0.45,0,0.049,0,5,0.041,16.5,6,0,4,79,0,9665.11,80.7,0.231,4,9,8,0
0.839,0.12,0.04,1,0.694,3,2,0.602,83.9,0,11,100,75,1,33689.13,32.6,0.869,0,3,1,3
0.816,0.042,0.141,1,0.823,4,1,0.785,81.6,2,6,54,29,1,12868.55,74.3,0.654,0,2,4,2
0.308,0.375,0.317,0,0.347,1,4,0.315,30.8,4,0,16,60,0,25098.01,49.8,0.123,3,6,6,0
0.2,0.2,0.6,0,0.288,1,4,0.244,20.0,9,0,1,36,0,19231.86,61.5,0.08,4,7,10,0
0.215,0.449,0.335,1,0.322,1,4,0.3,21.5,5,2,15,76,0,19534.17,60.9,0.229,3,7,6,0
0.635,0.286,0.079,1,0.672,3,2,0.603,63.5,1,5,54,12,1,12809.65,74.4,0.516,1,3,3,2
0.833,0.153,0.014,1,0.659,3,2,0.62,83.3,0,3,36,42,1,30529.55,38.9,0.9,0,3,2,2
0.21,0.009,0.781,0,0.403,2,3,0.39,21.0,11,3,22,69,0,9301.5,81.4,0.178,3,6,11,0
0.669,0.169,0.162,1,0.481,2,3,0.394,66.9,2,4,31,21,1,23427.09,53.1,0.69,1,6,2,2
0.888,0.011,0.101,1,0.98,4,1,0.928,88.8,1,8,77,83,1,31459.24,37.1,0.758,0,0,3,3
0.388,0.234,0.378,1,0.388,1,4,0.315,38.8,5,2,13,64,0,34263.87,31.5,0.356,3,6,6,1
0.894,0.002,0.104,1,0.79,3,2,0.75,89.4,1,3,20,83,1,22092.85,55.8,0.782,0,2,3,2
0.114,0.309,0.577,0,0.027,0,5,0.027,11.4,8,4,54,8,1,13654.04,72.7,0.0,4,9,8,0
0.768,0.174,0.058,1,0.793,3,2,0.635,76.8,0,10,93,87,1,11946.97,76.1,0.78,1,3,1,3
0.448,0.281,0.271,1,0.625,3,2,0.592,44.8,4,1,21,52,0,18492.32,63.0,0.464,2,4,5,1
0.442,0.404,0.153,1,0.489,2,3,0.438,44.2,2,3,47,50,0,33018.91,34.0,0.417,2,5,4,1
0.71,0.169,0.121,1,0.557,2,3,0.46,71.0,1,6,73,82,1,17708.8,64.6,0.771,1,5,2,2
0.315,0.555,0.131,1,0.194,0,5,0.17,31.5,1,2,33,54,0,23112.51,53.8,0.31,3,8,2,1
0.995,0.0,0.014,1,0.823,4,1,0.715,99.5,0,9,86,17,1,43622.6,12.8,0.959,0,2,1,3
0.814,0.163,0.023,1,0.858,4,1,0.73,81.4,0,14,100,21,1,42794.71,14.4,0.762,0,2,1,3
0.464,0.166,0.37,1,0.539,2,3,0.523,46.4,5,1,17,8,1,15984.25,68.0,0.39,2,4,7,1
0.354,0.457,0.189,1,0.331,1,4,0.288,35.4,2,4,53,74,0,18300.02,63.4,0.377,3,7,2,1
0.138,0.158,0.704,0,0.0,0,5,0.0,13.8,10,4,53,60,0,13329.44,73.3,0.097,4,10,10,0
0.646,0.161,0.193,1,0.452,2,3,0.395,64.6,2,2,12,16,1,29753.28,40.5,0.511,1,6,2,2
0.912,0.051,0.037,1,0.977,4,1,0.851,91.2,0,12,100,87,1,34992.45,30.0,0.936,0,1,1,3
0.484,0.171,0.345,1,0.502,2,3,0.468,48.4,5,3,28,28,1,15456.83,69.1,0.323,2,5,5,2
0.175,0.41,0.415,0,0.284,1,4,0.232,17.5,6,4,58,87,0,13626.06,72.7,0.211,4,7,8,0
0.961,0.016,0.023,1,0.851,4,1,0.84,96.1,0,6,62,83,1,15134.06,69.7,0.833,0,1,0,3
0.345,0.384,0.271,1,0.336,1,4,0.336,34.5,4,0,17,21,1,34993.79,30.0,0.363,3,6,4,1
0.776,0.198,0.026,1,0.646,3,2,0.54,77.6,0,11,100,55,1,24954.69,50.1,0.757,1,4,1,3
0.909,0.063,0.028,1,0.917,4,1,0.845,90.9,0,6,65,34,1,43234.0,13.5,0.724,0,1,1,3
0.831,0.168,0.001,1,0.756,3,2,0.694,83.1,0,4,30,45,1,34331.25,31.3,0.811,0,3,2,2
0.834,0.025,0.141,1,0.859,4,1,0.758,83.4,2,8,89,71,1,12663.78,74.7,0.84,0,2,3,3
0.699,0.144,0.156,0,0.539,2,3,0.493,69.9,2,2,38,70,0,29992.3,40.0,0.721,1,5,3,0
0.427,0.241,0.332,0,0.232,1,4,0.222,42.7,4,1,4,7,1,15889.15,68.2,0.506,2,7,4,0
0.745,0.177,0.078,1,0.931,4,1,0.785,74.5,1,4,39,22,1,26902.33,46.2,0.666,1,2,2,2
0.205,0.036,0.759,1,0.067,0,5,0.059,20.5,11,2,30,49,0,19520.33,61.0,0.279,3,9,13,0
0.034,0.211,0.755,0,0.001,0,5,0.001,3.4,11,3,45,23,1,15347.36,69.3,0.015,4,9,11,0
0.821,0.031,0.149,1,0.769,3,2,0.65,82.1,2,5,65,48,1,23309.01,53.4,0.712,0,3,2,3
0.531,0.081,0.387,1,0.364,1,4,0.337,53.1,5,1,7,65,0,20866.95,58.3,0.389,2,6,6,1
0.853,0.109,0.038,1,0.735,3,2,0.636,85.3,0,12,100,81,1,47783.15,4.4,0.685,0,3,2,3
0.798,0.126,0.077,1,0.932,4,1,0.886,79.8,1,8,95,48,1,30038.49,39.9,0.757,1,1,1,3
0.858,0.048,0.094,1,0.964,4,1,0.84,85.8,1,5,48,68,1,32583.4,34.8,0.679,0,1,1,3
0.93,0.051,0.019,1,1.0,5,0,0.934,93.0,0,14,100,58,1,34806.1,30.4,0.914,0,0,1,2
0.413,0.271,0.317,1,0.474,2,3,0.428,41.3,4,2,33,89,0,21142.29,57.7,0.228,2,5,5,1
0.603,0.205,0.192,1,0.618,3,2,0.495,60.3,2,0,6,30,1,13412.58,73.2,0.471,1,5,4,1
0.301,0.162,0.537,0,0.104,0,5,0.1,30.1,8,2,30,55,0,15539.44,68.9,0.388,3,8,9,0
0.681,0.026,0.293,0,0.532,2,3,0.515,68.1,4,4,59,85,0,21770.41,56.5,0.541,1,4,4,0
0.165,0.261,0.573,0,0.265,1,4,0.256,16.5,8,0,8,72,0,12630.38,74.7,0.182,4,7,9,0
0.489,0.148,0.363,0,0.611,3,2,0.534,48.9,5,3,48,21,1,18719.03,62.6,0.497,2,4,5,0
0.881,0.096,0.023,1,0.963,4,1,0.929,88.1,0,13,100,33,1,28719.93,42.6,0.792,0,0,0,3
0.438,0.211,0.351,0,0.509,2,3,0.432,43.8,5,1,8,45,0,25166.54,49.7,0.451,2,5,5,1
0.331,0.462,0.207,1,0.352,1,4,0.339,33.1,3,2,18,19,1,25095.08,49.8,0.279,3,6,5,2
0.601,0.398,0.001,1,0.505,2,3,0.468,60.1,0,14,100,18,1,32924.03,34.2,0.7,1,5,0,2
0.853,0.117,0.03,1,0.856,4,1,0.687,85.3,0,11,100,55,1,42835.07,14.3,0.694,0,3,1,3
0.861,0.116,0.023,1,0.77,3,2,0.687,86.1,0,4,43,7,1,29139.17,41.7,0.799,0,3,0,2
0.834,0.147,0.02,1,0.647,3,2,0.582,83.4,0,12,100,78,1,20810.93,58.4,0.821,0,4,2,3
0.655,0.259,0.086,1,0.677,3,2,0.642,65.5,1,6,64,19,1,22104.61,55.8,0.649,1,3,3,3
0.685,0.309,0.006,1,0.678,3,2,0.645,68.5,0,3,31,16,1,24812.07,50.4,0.736,1,3,0,3
0.687,0.116,0.196,1,0.886,4,1,0.742,68.7,2,1,8,16,1,23201.19,53.6,0.778,1,2,4,2
0.342,0.351,0.307,0,0.457,2,3,0.394,34.2,4,0,-4,29,1,32686.58,34.6,0.179,3,6,6,0
0.882,0.094,0.024,1,0.71,3,2,0.608,88.2,0,4,40,88,1,24893.36,50.2,0.82,0,3,1,3
0.495,0.184,0.322,1,0.545,2,3,0.509,49.5,4,1,2,41,0,13314.35,73.4,0.527,2,4,4,1
0.944,0.018,0.038,1,0.832,4,1,0.739,94.4,0,6,68,34,1,48682.79,2.6,1.0,0,2,0,3
0.904,0.073,0.023,1,0.829,4,1,0.76,90.4,0,8,95,88,1,37022.67,26.0,0.913,0,2,1,3
0.344,0.127,0.529,0,0.241,1,4,0.216,34.4,7,2,30,89,0,6514.22,87.0,0.432,3,7,9,0
0.719,0.232,0.049,1,0.573,2,3,0.495,71.9,0,11,100,8,1,19498.11,61.0,0.67,1,5,1,2
0.746,0.178,0.076,1,0.871,4,1,0.791,74.6,1,7,78,21,1,33311.1,33.4,0.83,1,2,1,3
0.207,0.436,0.356,1,0.081,0,5,0.069,20.7,5,2,29,29,1,9008.15,82.0,0.16,3,9,7,0
0.77,0.123,0.107,1,0.935,4,1,0.925,77.0,1,13,100,30,1,31461.76,37.1,0.734,1,0,2,3
0.525,0.353,0.122,1,0.439,2,3,0.429,52.5,1,2,31,61,0,14114.45,71.8,0.551,2,5,1,1
0.804,0.166,0.03,1,0.883,4,1,0.852,80.4,0,13,100,69,1,33737.98,32.5,0.655,0,1,1,3
0.85,0.011,0.139,1,0.808,4,1,0.687,85.0,2,12,100,27,1,21112.0,57.8,0.727,0,3,4,3
0.6,0.279,0.121,1,0.477,2,3,0.418,60.0,1,12,100,64,1,34097.9,31.8,0.593,1,5,2,3
0.264,0.22,0.516,0,0.461,2,3,0.43,26.4,7,1,12,65,0,18215.06,63.6,0.222,3,5,7,0
0.986,0.0,0.047,1,1.0,5,0,0.868,98.6,0,11,100,31,1,37497.18,25.0,0.962,0,1,1,3
0.705,0.15,0.145,1,0.757,3,2,0.65,70.5,2,3,36,82,1,11799.52,76.4,0.582,1,3,2,2
0.721,0.257,0.023,1,0.829,4,1,0.707,72.1,0,10,100,70,1,10982.3,78.0,0.717,1,2,1,3
0.849,0.124,0.027,1,0.842,4,1,0.792,84.9,0,5,66,80,1,38155.69,23.7,0.72,0,2,1,3
0.766,0.206,0.028,1,0.598,2,3,0.598,76.6,0,6,76,58,1,26355.89,47.3,0.726,1,4,2,2
0.578,0.176,0.247,1,0.485,2,3,0.432,57.8,3,4,40,33,0,18233.03,63.5,0.39,2,5,4,1
0.651,0.235,0.114,1,0.829,4,1,0.696,65.1,1,10,100,71,1,26369.27,47.3,0.568,1,3,2,2
0.646,0.225,0.128,1,0.489,2,3,0.459,64.6,1,14,100,49,1,20563.48,58.9,0.536,1,5,2,2
0.445,0.38,0.175,1,0.519,2,3,0.467,44.5,2,1,28,8,1,27185.92,45.6,0.343,2,5,3,1
0.857,0.122,0.021,1,0.917,4,1,0.738,85.7,0,14,100,86,1,20687.44,58.6,0.926,0,2,1,3
0.326,0.367,0.307,1,0.288,1,4,0.251,32.6,4,3,22,64,0,18318.35,63.4,0.148,3,7,6,0
0.707,0.216,0.077,1,0.782,3,2,0.761,70.7,1,3,31,38,1,27852.98,44.3,0.566,1,2,3,2
0.466,0.293,0.241,0,0.307,1,4,0.264,46.6,3,1,23,29,1,17155.61,65.7,0.404,2,7,5,0
0.309,0.322,0.369,0,0.2,1,4,0.171,30.9,5,4,55,10,1,21267.65,57.5,0.335,3,8,5,0
0.968,0.0,0.038,1,0.836,4,1,0.808,96.8,0,7,85,47,1,31052.75,37.9,0.972,0,1,2,3
0.116,0.092,0.792,1,0.044,0,5,0.044,11.6,11,0,14,20,1,18521.7,63.0,0.084,4,9,12,0
0.967,0.0,0.035,1,0.883,4,1,0.766,96.7,0,11,100,52,1,39459.18,21.1,1.0,0,2,2,3
0.602,0.383,0.014,1,0.693,3,2,0.565,60.2,0,3,21,75,1,33945.76,32.1,0.668,1,4,0,2
0.939,0.053,0.009,1,0.847,4,1,0.714,93.9,0,9,80,75,1,45347.8,9.3,1.0,0,2,0,3
0.891,0.067,0.041,1,0.782,3,2,0.732,89.1,0,8,95,39,1,33261.22,33.5,0.943,0,2,2,3
0.045,0.35,0.605,0,0.0,0,5,0.0,4.5,9,0,-8,15,1,14866.83,70.3,0.133,4,10,10,0
0.945,0.042,0.014,1,1.0,5,0,0.886,94.5,0,7,78,53,1,20202.16,59.6,0.882,0,1,2,3
0.078,0.208,0.713,0,0.0,0,5,0.0,7.8,10,3,29,76,0,11884.55,76.2,0.0,4,10,12,0
0.632,0.283,0.086,1,0.774,3,2,0.701,63.2,1,11,100,33,1,22697.44,54.6,0.59,1,2,1,3
0.799,0.184,0.017,1,0.799,3,2,0.782,79.9,0,8,97,25,1,33784.91,32.4,0.786,1,2,0,3
0.465,0.368,0.167,1,0.46,2,3,0.426,46.5,2,2,30,28,1,10032.11,79.9,0.301,2,5,2,1
0.725,0.165,0.11,1,0.555,2,3,0.465,72.5,1,7,86,86,1,32369.05,35.3,0.561,1,5,3,2
0.305,0.296,0.399,0,0.372,1,4,0.311,30.5,5,0,4,24,1,31015.82,38.0,0.359,3,6,5,0
0.961,0.009,0.03,1,0.879,4,1,0.86,96.1,0,8,96,22,1,30694.27,38.6,0.857,0,1,1,3
0.888,0.069,0.043,1,0.914,4,1,0.76,88.8,0,3,44,56,1,28050.68,43.9,0.731,0,2,2,3
0.231,0.449,0.32,0,0.385,1,4,0.373,23.1,4,1,12,67,0,5845.0,88.3,0.038,3,6,6,0
0.475,0.346,0.179,0,0.551,2,3,0.497,47.5,2,0,9,8,1,29475.13,41.0,0.281,2,5,2,0
0.844,0.035,0.121,1,0.688,3,2,0.649,84.4,1,13,100,13,1,28154.74,43.7,0.896,0,3,1,3
0.568,0.322,0.109,1,0.703,3,2,0.621,56.8,1,4,42,53,0,32070.91,35.9,0.527,2,3,1,2
0.825,0.031,0.145,1,0.646,3,2,0.638,82.5,2,6,52,21,1,22060.59,55.9,0.653,0,3,4,2
0.694,0.261,0.046,1,0.522,2,3,0.51,69.4,0,5,43,49,1,33399.85,33.2,0.697,1,4,2,2
0.703,0.255,0.042,1,0.804,4,1,0.746,70.3,0,10,93,89,1,23854.53,52.3,0.732,1,2,1,3
0.807,0.175,0.018,1,0.702,3,2,0.624,80.7,0,7,82,33,1,39334.04,21.3,0.649,0,3,2,3
0.163,0.448,0.389,0,0.19,0,5,0.187,16.3,5,2,26,61,0,11940.32,76.1,0.205,4,8,6,0
0.877,0.106,0.017,1,1.0,5,0,0.913,87.7,0,13,100,34,1,35294.2,29.4,0.726,0,0,1,3
0.322,0.0,0.795,0,0.3,1,4,0.243,32.2,11,1,9,71,0,6929.36,86.1,0.256,3,7,11,0
0.904,0.068,0.028,1,0.972,4,1,0.964,90.4,0,8,87,86,1,36484.61,27.0,0.73,0,0,1,3
0.798,0.108,0.094,1,0.749,3,2,0.615,79.8,1,9,100,60,1,27719.14,44.6,0.673,1,3,3,3
0.31,0.487,0.202,1,0.469,2,3,0.424,31.0,3,3,44,50,0,10325.26,79.3,0.394,3,5,4,1
0.67,0.223,0.107,1,0.689,3,2,0.582,67.0,1,2,36,58,0,15085.33,69.8,0.514,1,4,2,2
0.656,0.304,0.04,1,0.638,3,2,0.596,65.6,0,14,100,37,1,27986.5,44.0,0.712,1,4,2,2
0.089,0.583,0.328,0,0.062,0,5,0.052,8.9,4,2,37,8,1,19108.06,61.8,0.161,4,9,4,0
0.452,0.324,0.224,1,0.433,2,3,0.421,45.2,3,2,38,50,0,24017.36,52.0,0.281,2,5,5,1
0.662,0.207,0.131,1,0.644,3,2,0.593,66.2,1,3,49,84,1,20278.72,59.4,0.533,1,4,2,2
0.272,0.007,0.721,0,0.419,2,3,0.338,27.2,10,3,28,48,0,15469.86,69.1,0.309,3,6,10,0
0.726,0.212,0.062,1,0.581,2,3,0.488,72.6,0,12,100,62,1,25681.46,48.6,0.621,1,5,1,2
0.438,0.354,0.207,0,0.574,2,3,0.463,43.8,3,2,26,72,0,31781.62,36.4,0.243,2,5,3,0
0.455,0.32,0.225,1,0.293,1,4,0.264,45.5,3,4,51,41,0,15251.18,69.5,0.374,2,7,5,1
0.645,0.279,0.076,1,0.622,3,2,0.558,64.5,1,8,78,82,1,16442.39,67.1,0.711,1,4,3,2
0.408,0.251,0.341,0,0.604,3,2,0.499,40.8,5,3,34,86,0,32016.26,36.0,0.332,2,5,5,0
0.001,0.577,0.422,0,0.0,0,5,0.0,0.1,6,0,-4,18,1,19579.26,60.8,0.0,4,10,7,0
0.553,0.315,0.132,1,0.391,1,4,0.321,55.3,1,4,57,85,0,16562.72,66.9,0.39,2,6,1,2
0.708,0.221,0.071,1,0.764,3,2,0.749,70.8,1,3,36,62,1,13521.72,73.0,0.695,1,2,1,2
0.856,0.097,0.048,1,0.681,3,2,0.627,85.6,0,5,45,86,1,38427.19,23.1,0.905,0,3,1,3
0.352,0.191,0.457,0,0.339,1,4,0.312,35.2,6,4,59,36,0,14061.96,71.9,0.432,3,6,6,0
0.104,0.587,0.309,0,0.27,1,4,0.235,10.4,4,4,38,83,0,15637.71,68.7,0.0,4,7,4,0
0.666,0.268,0.066,1,0.779,3,2,0.694,66.6,0,10,100,47,1,27171.66,45.7,0.74,1,3,1,3
0.888,0.018,0.094,1,0.805,4,1,0.758,88.8,1,4,39,17,1,12393.85,75.2,0.965,0,2,1,3
0.603,0.22,0.177,1,0.418,2,3,0.405,60.3,2,4,33,41,0,23053.16,53.9,0.523,1,5,2,1
0.854,0.109,0.036,1,0.737,3,2,0.626,85.4,0,11,100,52,1,22474.86,55.1,0.658,0,3,1,3
0.812,0.158,0.031,1,0.763,3,2,0.732,81.2,0,7,73,9,1,24498.35,51.0,0.868,0,2,0,3
0.996,0.0,0.013,1,0.812,4,1,0.764,99.6,0,7,74,41,1,31506.3,37.0,1.0,0,2,0,3
0.282,0.0,0.756,0,0.392,1,4,0.342,28.2,11,0,11,45,0,14476.62,71.0,0.159,3,6,11,0
0.686,0.209,0.104,1,0.62,3,2,0.551,68.6,1,1,10,40,0,27885.91,44.2,0.507,1,4,2,2
0.522,0.159,0.319,1,0.694,3,2,0.688,52.2,4,0,17,15,1,28470.03,43.1,0.59,2,3,6,1
0.725,0.148,0.128,1,0.621,3,2,0.543,72.5,1,8,95,81,1,18004.66,64.0,0.799,1,4,2,2
0.634,0.329,0.037,1,0.739,3,2,0.648,63.4,0,6,77,77,1,34057.52,31.9,0.562,1,3,2,2
0.805,0.176,0.019,1,0.613,3,2,0.549,80.5,0,4,36,79,1,16054.59,67.9,0.657,0,4,2,2
0.552,0.313,0.135,1,0.465,2,3,0.372,55.2,2,2,35,67,0,10808.08,78.4,0.508,2,6,2,1
0.743,0.139,0.119,1,0.667,3,2,0.616,74.3,1,8,96,16,1,31884.28,36.2,0.667,1,3,1,3
0.22,0.125,0.654,0,0.143,0,5,0.136,22.0,9,0,16,57,0,15083.01,69.8,0.079,3,8,11,0
0.283,0.168,0.55,0,0.133,0,5,0.125,28.3,8,4,48,47,0,19066.12,61.9,0.11,3,8,10,0
0.731,0.24,0.029,1,0.852,4,1,0.764,73.1,0,9,100,63,1,17203.8,65.6,0.602,1,2,2,3
0.038,0.659,0.303,0,0.0,0,5,0.0,3.8,4,0,18,67,0,12802.4,74.4,0.0,4,10,4,0
0.434,0.404,0.162,0,0.361,1,4,0.337,43.4,2,2,15,41,0,33272.45,33.5,0.267,2,6,2,0
0.887,0.066,0.047,1,0.874,4,1,0.852,88.7,0,10,100,43,1,46434.33,7.1,0.907,0,1,2,3
0.275,0.0,0.789,0,0.447,2,3,0.429,27.5,11,4,32,21,1,10248.43,79.5,0.241,3,5,12,0
0.236,0.202,0.563,0,0.216,1,4,0.208,23.6,8,4,56,75,0,6526.32,86.9,0.05,3,7,8,1
0.607,0.331,0.062,1,0.675,3,2,0.569,60.7,0,5,42,58,1,29771.24,40.5,0.648,1,4,0,2
0.399,0.202,0.399,0,0.271,1,4,0.224,39.9,5,2,35,18,1,10549.66,78.9,0.444,3,7,5,0
0.744,0.134,0.122,1,0.87,4,1,0.782,74.4,1,12,100,79,1,26230.72,47.5,0.593,1,2,1,2
0.311,0.489,0.201,1,0.46,2,3,0.398,31.1,3,2,20,82,0,32582.53,34.8,0.312,3,6,4,1
0.731,0.151,0.118,1,0.739,3,2,0.715,73.1,1,5,68,46,1,27456.81,45.1,0.593,1,2,2,3
0.583,0.252,0.164,0,0.464,2,3,0.388,58.3,2,2,12,48,0,34648.07,30.7,0.575,2,6,4,0
0.986,0.0,0.019,1,0.817,4,1,0.682,98.6,0,13,100,30,1,22212.58,55.6,0.918,0,3,2,3
0.825,0.13,0.045,1,0.971,4,1,0.867,82.5,0,8,74,20,1,19434.95,61.1,0.795,0,1,1,3
0.368,0.431,0.201,1,0.398,1,4,0.332,36.8,3,2,25,39,0,28824.65,42.4,0.411,3,6,3,0
0.175,0.044,0.781,0,0.17,0,5,0.162,17.5,11,2,20,47,0,12962.89,74.1,0.0,4,8,12,0
0.827,0.162,0.012,1,0.808,4,1,0.73,82.7,0,14,100,47,1,42645.26,14.7,0.812,0,2,1,3
0.475,0.306,0.219,1,0.507,2,3,0.445,47.5,3,2,36,30,1,24387.53,51.2,0.402,2,5,4,1
0.565,0.079,0.356,0,0.562,2,3,0.559,56.5,5,0,1,57,0,33906.15,32.2,0.595,2,4,5,0
0.653,0.338,0.01,1,0.596,2,3,0.509,65.3,0,7,80,60,1,33288.38,33.4,0.628,1,4,2,2
0.663,0.337,0.001,1,0.667,3,2,0.584,66.3,0,6,68,50,1,18756.81,62.5,0.598,1,4,0,2
0.31,0.104,0.585,0,0.17,0,5,0.156,31.0,8,3,45,76,0,6955.11,86.1,0.203,3,8,9,0
0.862,0.132,0.007,1,0.741,3,2,0.68,86.2,0,10,100,34,1,23636.16,52.7,0.797,0,3,0,2
0.622,0.266,0.112,1,0.639,3,2,0.544,62.2,1,3,33,20,1,31466.8,37.1,0.457,1,4,2,2
0.635,0.261,0.104,1,0.812,4,1,0.673,63.5,1,12,100,22,1,18249.37,63.5,0.723,1,3,1,3
0.621,0.0,0.399,0,0.596,2,3,0.539,62.1,5,0,1,24,1,11393.74,77.2,0.437,1,4,7,0
0.803,0.118,0.078,1,0.665,3,2,0.584,80.3,1,14,100,30,1,33303.35,33.4,0.819,0,4,1,3
0.206,0.379,0.416,0,0.33,1,4,0.273,20.6,6,4,59,33,0,9313.25,81.4,0.105,3,7,6,0
0.009,0.257,0.735,0,0.052,0,5,0.052,0.9,11,4,56,65,0,16804.53,66.4,0.0,4,9,12,0
0.985,0.0,0.044,1,0.965,4,1,0.938,98.5,0,7,71,54,1,29488.87,41.0,0.93,0,0,2,3
0.365,0.388,0.247,1,0.43,2,3,0.353,36.5,3,0,16,10,1,19791.89,60.4,0.352,3,6,4,1
0.156,0.341,0.503,0,0.017,0,5,0.014,15.6,7,3,40,40,0,18171.73,63.7,0.132,4,9,8,0
0.932,0.048,0.02,1,0.937,4,1,0.9,93.2,0,9,91,50,1,48927.64,2.1,1.0,0,0,1,3
0.067,0.137,0.796,0,0.009,0,5,0.008,6.7,11,4,38,59,0,11290.82,77.4,0.156,4,9,13,0
0.859,0.137,0.004,1,0.854,4,1,0.737,85.9,0,11,100,86,1,30539.59,38.9,0.711,0,2,2,3
0.7,0.12,0.18,0,0.763,3,2,0.656,70.0,2,1,18,9,1,32125.38,35.7,0.566,1,3,3,0
0.862,0.024,0.114,1,0.93,4,1,0.902,86.2,1,8,73,37,1,26386.34,47.2,0.665,0,0,3,3
0.147,0.352,0.501,0,0.146,0,5,0.138,14.7,7,1,7,70,0,14459.54,71.1,0.0,4,8,8,0
0.448,0.353,0.199,1,0.477,2,3,0.467,44.8,2,3,45,33,0,22787.03,54.4,0.441,2,5,3,1
0.916,0.034,0.049,1,0.971,4,1,0.939,91.6,0,11,100,32,1,24921.14,50.2,0.922,0,0,0,3
0.314,0.463,0.223,0,0.438,2,3,0.42,31.4,3,2,24,17,1,25106.49,49.8,0.362,3,5,4,0
0.406,0.333,0.261,1,0.382,1,4,0.313,40.6,3,3,40,17,1,29199.17,41.6,0.494,2,6,4,1
0.176,0.284,0.539,0,0.134,0,5,0.133,17.6,8,2,28,12,1,5122.97,89.8,0.246,4,8,9,0
0.803,0.189,0.009,1,0.864,4,1,0.696,80.3,0,14,100,16,1,32935.39,34.1,0.766,0,3,2,2
0.357,0.33,0.313,1,0.215,1,4,0.172,35.7,4,2,20,54,0,25155.42,49.7,0.259,3,8,4,0
0.335,0.498,0.167,0,0.306,1,4,0.285,33.5,2,2,37,80,0,10148.1,79.7,0.248,3,7,3,0
0.883,0.094,0.023,1,0.823,4,1,0.762,88.3,0,11,100,43,1,46709.08,6.6,0.942,0,2,1,3
0.555,0.193,0.252,1,0.688,3,2,0.653,55.5,3,0,1,43,0,32516.65,35.0,0.602,2,3,5,1
0.818,0.041,0.141,1,0.867,4,1,0.809,81.8,2,14,100,19,1,13824.05,72.4,0.86,0,1,3,3
0.856,0.12,0.024,1,0.836,4,1,0.689,85.6,0,7,74,41,1,29656.56,40.7,0.786,0,3,0,3
0.751,0.226,0.022,1,0.601,3,2,0.493,75.1,0,14,100,70,1,16285.75,67.4,0.603,1,5,1,2
0.846,0.138,0.016,1,0.73,3,2,0.656,84.6,0,7,89,37,1,46452.36,7.1,0.695,0,3,2,3
0.825,0.155,0.02,1,0.693,3,2,0.59,82.5,0,13,100,18,1,33733.85,32.5,0.837,0,4,2,3
0.111,0.203,0.686,0,0.236,1,4,0.204,11.1,10,4,58,25,1,11784.12,76.4,0.0,4,7,10,0
0.345,0.452,0.202,1,0.349,1,4,0.323,34.5,3,3,34,88,0,13163.63,73.7,0.288,3,6,4,1
0.492,0.11,0.398,1,0.629,3,2,0.555,49.2,5,0,-3,40,0,13072.78,73.9,0.353,2,4,5,1
0.869,0.098,0.033,1,0.953,4,1,0.874,86.9,0,5,46,30,1,49748.14,0.5,0.707,0,1,2,3
0.86,0.107,0.033,1,0.792,3,2,0.696,86.0,0,7,78,82,1,37939.55,24.1,0.663,0,3,0,3
0.693,0.263,0.044,1,0.806,4,1,0.702,69.3,0,4,33,31,1,12066.68,75.9,0.53,1,2,0,2
0.898,0.004,0.098,1,0.908,4,1,0.817,89.8,1,11,100,50,1,21019.13,58.0,0.996,0,1,1,3
0.631,0.3,0.068,1,0.766,3,2,0.733,63.1,1,13,100,69,1,15020.72,70.0,0.567,1,2,2,2
0.815,0.151,0.034,1,0.982,4,1,0.895,81.5,0,13,100,53,1,19339.16,61.3,0.679,0,1,2,3
0.61,0.342,0.048,1,0.686,3,2,0.648,61.0,0,6,73,70,1,16811.68,66.4,0.66,1,3,0,2
0.603,0.376,0.021,1,0.634,3,2,0.517,60.3,0,14,100,8,1,32814.61,34.4,0.637,1,4,2,2
0.788,0.116,0.096,1,0.81,4,1,0.807,78.8,1,9,87,62,1,31811.57,36.4,0.653,1,1,2,3
0.754,0.121,0.124,1,0.783,3,2,0.709,75.4,1,13,100,31,1,30701.08,38.6,0.601,1,2,3,3
0.649,0.332,0.019,1,0.607,3,2,0.513,64.9,0,8,75,56,1,26088.8,47.8,0.476,1,4,1,2
0.425,0.336,0.239,0,0.571,2,3,0.563,42.5,3,2,31,11,1,33270.19,33.5,0.299,2,4,3,0
0.63,0.269,0.102,1,0.565,2,3,0.489,63.0,1,4,47,21,1,22987.55,54.0,0.565,1,5,2,1
0.961,0.013,0.027,1,0.835,4,1,0.739,96.1,0,3,23,21,1,24624.27,50.8,0.785,0,2,2,3
0.699,0.193,0.108,1,0.632,3,2,0.601,69.9,1,10,100,80,1,23835.69,52.3,0.502,1,3,1,3
0.677,0.0,0.345,1,0.578,2,3,0.486,67.7,5,3,42,34,0,17401.64,65.2,0.632,1,5,5,1
0.822,0.132,0.047,1,0.987,4,1,0.893,82.2,0,3,44,85,1,37051.21,25.9,0.724,0,1,0,3
0.749,0.164,0.087,1,0.696,3,2,0.569,74.9,1,3,32,33,1,29262.04,41.5,0.734,1,4,1,2
0.574,0.088,0.338,0,0.587,2,3,0.481,57.4,5,0,-9,74,0,30199.14,39.6,0.484,2,5,7,0
0.113,0.465,0.422,0,0.0,0,5,0.0,11.3,6,0,11,19,1,14511.38,71.0,0.208,4,10,7,0
0.727,0.21,0.063,1,0.723,3,2,0.654,72.7,0,4,37,16,1,17693.1,64.6,0.561,1,3,1,2
0.859,0.124,0.018,1,1.0,5,0,0.942,85.9,0,9,82,45,1,48048.04,3.9,0.902,0,0,1,3
0.653,0.223,0.124,1,0.826,4,1,0.721,65.3,1,4,46,35,1,20571.71,58.9,0.609,1,2,3,2
0.835,0.05,0.114,1,0.717,3,2,0.622,83.5,1,4,32,71,1,21027.9,57.9,0.855,0,3,1,2
0.96,0.037,0.002,1,0.912,4,1,0.736,96.0,0,8,79,30,1,45583.76,8.8,0.796,0,2,0,3
0.963,0.011,0.026,1,1.0,5,0,0.905,96.3,0,5,46,48,1,21592.89,56.8,0.868,0,0,2,3
0.887,0.089,0.025,1,0.793,3,2,0.746,88.7,0,5,55,71,1,36836.11,26.3,0.855,0,2,2,3
0.765,0.197,0.038,1,0.736,3,2,0.719,76.5,0,8,82,17,1,20394.65,59.2,0.746,1,2,0,3
0.849,0.114,0.037,1,0.857,4,1,0.732,84.9,0,14,100,49,1,38134.08,23.7,0.746,0,2,1,3
0.721,0.249,0.03,1,0.726,3,2,0.687,72.1,0,10,100,8,1,23604.5,52.8,0.685,1,3,2,3
0.198,0.417,0.385,0,0.371,1,4,0.342,19.8,5,3,24,40,0,18634.71,62.7,0.19,4,6,5,0
0.684,0.0,0.346,1,0.553,2,3,0.472,68.4,5,3,26,11,1,10757.33,78.5,0.715,1,5,5,2
0.764,0.148,0.089,1,0.567,2,3,0.459,76.4,1,11,100,32,1,26903.54,46.2,0.774,1,5,1,2
0.6,0.257,0.143,1,0.762,3,2,0.612,60.0,2,14,100,12,1,12332.18,75.3,0.622,1,3,3,2
0.771,0.087,0.142,1,0.811,4,1,0.726,77.1,2,3,40,73,1,27173.81,45.7,0.809,1,2,4,2
0.988,0.008,0.003,1,0.949,4,1,0.764,98.8,0,10,92,89,1,23643.71,52.7,1.0,0,2,1,3
0.718,0.239,0.044,1,0.698,3,2,0.629,71.8,0,8,81,47,1,13008.51,74.0,0.547,1,3,2,2
0.322,0.338,0.339,0,0.372,1,4,0.323,32.2,5,4,41,19,1,31026.12,37.9,0.276,3,6,7,0
0.479,0.364,0.157,0,0.493,2,3,0.476,47.9,2,3,48,53,0,30179.8,39.6,0.506,2,5,4,0
0.853,0.135,0.013,1,0.961,4,1,0.853,85.3,0,10,100,23,1,16566.3,66.9,0.741,0,1,1,3
0.116,0.429,0.455,0,0.181,0,5,0.159,11.6,6,0,-7,54,0,13117.82,73.8,0.0,4,8,6,0
0.883,0.009,0.108,1,1.0,5,0,0.946,88.3,1,6,61,62,1,20102.75,59.8,0.749,0,0,2,3
0.761,0.154,0.085,1,0.922,4,1,0.899,76.1,1,5,55,82,1,12462.37,75.1,0.641,1,1,2,3
0.901,0.062,0.037,1,0.757,3,2,0.643,90.1,0,3,26,74,1,24270.32,51.5,0.806,0,3,1,3
0.522,0.348,0.13,1,0.47,2,3,0.437,52.2,1,3,37,22,1,25405.61,49.2,0.451,2,5,3,2
0.951,0.039,0.01,1,0.886,4,1,0.852,95.1,0,3,30,35,1,19821.7,60.4,0.862,0,1,2,3
0.536,0.155,0.309,0,0.614,3,2,0.599,53.6,4,2,35,54,0,34960.53,30.1,0.562,2,4,4,0
0.857,0.126,0.017,1,1.0,5,0,0.84,85.7,0,12,100,66,1,24647.44,50.7,0.711,0,1,0,3
0.345,0.391,0.264,1,0.165,0,5,0.135,34.5,3,1,13,59,0,29783.82,40.4,0.32,3,8,4,0
0.32,0.318,0.362,0,0.219,1,4,0.205,32.0,5,2,27,69,0,10296.78,79.4,0.21,3,7,6,0
0.514,0.123,0.363,1,0.42,2,3,0.375,51.4,5,4,50,63,0,28174.5,43.7,0.427,2,6,7,0
0.639,0.282,0.079,1,0.511,2,3,0.495,63.9,1,3,29,55,1,20179.34,59.6,0.508,1,5,3,2
0.503,0.349,0.147,1,0.605,3,2,0.497,50.3,2,4,42,9,1,29253.28,41.5,0.346,2,5,2,2
0.085,0.307,0.608,0,0.279,1,4,0.225,8.5,9,4,57,64,0,5892.69,88.2,0.0,4,7,11,0
0.565,0.035,0.4,0,0.595,2,3,0.559,56.5,5,1,13,54,0,19497.51,61.0,0.507,2,4,6,0
0.64,0.337,0.023,1,0.795,3,2,0.681,64.0,0,10,100,66,1,26830.11,46.3,0.688,1,3,2,2
0.815,0.152,0.033,1,0.794,3,2,0.707,81.5,0,6,66,15,1,40044.7,19.9,0.832,0,2,1,3
0.863,0.1,0.036,1,0.712,3,2,0.593,86.3,0,13,100,11,1,49259.96,1.5,0.927,0,4,1,3
0.045,0.509,0.446,0,0.167,0,5,0.163,4.5,6,0,3,77,0,11489.02,77.0,0.0,4,8,8,0
0.584,0.265,0.151,1,0.613,3,2,0.562,58.4,2,1,10,45,0,21618.12,56.8,0.569,2,4,3,1
0.996,0.0,0.027,1,1.0,5,0,0.836,99.6,0,4,30,73,1,20610.82,58.8,0.959,0,1,1,3
0.279,0.109,0.612,0,0.267,1,4,0.252,27.9,9,3,29,19,1,14155.91,71.7,0.361,3,7,9,0
0.184,0.07,0.745,0,0.38,1,4,0.376,18.4,11,1,29,58,0,10446.99,79.1,0.238,4,6,13,0
0.79,0.094,0.116,0,0.828,4,1,0.693,79.0,1,9,100,50,1,13984.76,72.0,0.604,1,3,3,1
0.735,0.141,0.124,1,0.817,4,1,0.709,73.5,1,4,34,48,1,16878.19,66.2,0.687,1,2,2,2
0.968,0.003,0.029,1,0.867,4,1,0.809,96.8,0,14,100,39,1,30372.37,39.3,1.0,0,1,2,3
0.649,0.205,0.147,0,0.724,3,2,0.63,64.9,2,1,14,87,0,16306.73,67.4,0.496,1,3,3,0
0.701,0.297,0.002,1,0.67,3,2,0.545,70.1,0,8,73,28,1,29179.2,41.6,0.699,1,4,2,2
0.591,0.097,0.312,0,0.757,3,2,0.615,59.1,4,2,22,82,0,10479.32,79.0,0.622,2,3,5,0
0.261,0.052,0.687,0,0.259,1,4,0.218,26.1,10,0,2,34,0,11742.24,76.5,0.353,3,7,11,0
0.687,0.288,0.025,1,0.656,3,2,0.562,68.7,0,11,100,9,1,24066.02,51.9,0.728,1,4,2,2
0.698,0.0,0.387,1,0.773,3,2,0.664,69.8,5,1,2,75,0,33408.81,33.2,0.503,1,3,5,1
0.193,0.256,0.551,0,0.046,0,5,0.041,19.3,8,2,26,35,0,13847.52,72.3,0.054,4,9,8,0
0.4,0.433,0.167,1,0.425,2,3,0.42,40.0,2,1,2,72,0,16761.15,66.5,0.32,3,5,4,1
0.54,0.324,0.135,0,0.505,2,3,0.462,54.0,2,4,48,89,0,22877.11,54.2,0.546,2,5,3,0
0.727,0.251,0.021,1,0.762,3,2,0.683,72.7,0,9,92,87,1,11866.54,76.3,0.802,1,3,2,2
0.686,0.27,0.045,1,0.82,4,1,0.815,68.6,0,5,52,53,1,31163.77,37.7,0.614,1,1,1,3
0.597,0.143,0.26,1,0.71,3,2,0.598,59.7,3,2,38,20,1,14315.23,71.4,0.398,2,4,5,2
0.522,0.322,0.156,1,0.425,2,3,0.359,52.2,2,1,4,12,1,15377.13,69.2,0.404,2,6,2,1
0.831,0.1,0.069,1,0.925,4,1,0.766,83.1,1,14,100,63,1,24381.99,51.2,0.67,0,2,2,3
0.637,0.169,0.194,1,0.608,3,2,0.575,63.7,2,4,38,9,1,25945.55,48.1,0.44,1,4,4,3
0.85,0.052,0.099,1,0.918,4,1,0.852,85.0,1,9,91,43,1,26186.17,47.6,0.752,0,1,1,3
0.896,0.067,0.037,1,0.724,3,2,0.671,89.6,0,11,100,15,1,34271.35,31.5,0.98,0,3,0,3
0.554,0.118,0.328,1,0.426,2,3,0.406,55.4,4,1,24,25,1,23334.87,53.3,0.508,2,5,6,1
0.164,0.483,0.353,1,0.0,0,5,0.0,16.4,5,3,37,26,1,14883.0,70.2,0.158,4,10,5,0
0.101,0.34,0.559,0,0.007,0,5,0.006,10.1,8,3,20,11,1,11221.04,77.6,0.18,4,9,9,0
0.352,0.345,0.303,1,0.468,2,3,0.444,35.2,4,4,33,49,0,16488.81,67.0,0.351,3,5,5,2
0.991,0.0,0.035,1,1.0,5,0,0.892,99.1,0,6,64,80,1,45200.19,9.6,0.934,0,1,1,3
0.976,0.0,0.029,1,0.936,4,1,0.817,97.6,0,10,100,34,1,20689.85,58.6,1.0,0,1,1,3
0.356,0.222,0.422,0,0.48,2,3,0.467,35.6,6,3,29,69,0,6731.0,86.5,0.278,3,5,7,0
0.536,0.212,0.251,1,0.726,3,2,0.589,53.6,3,4,43,8,1,24013.48,52.0,0.436,2,4,5,2
0.904,0.049,0.047,1,1.0,5,0,0.939,90.4,0,7,73,43,1,21912.02,56.2,0.978,0,0,0,3
0.507,0.314,0.179,0,0.546,2,3,0.447,50.7,2,3,45,81,0,28016.61,44.0,0.473,2,5,2,0
0.71,0.15,0.14,1,0.779,3,2,0.762,71.0,2,9,95,67,1,15008.77,70.0,0.807,1,2,4,2
0.838,0.016,0.145,1,0.726,3,2,0.706,83.8,2,6,58,53,1,21839.24,56.3,0.762,0,2,2,3
0.685,0.0,0.373,1,0.717,3,2,0.627,68.5,5,0,5,44,0,28855.78,42.3,0.627,1,3,7,1
0.679,0.111,0.21,1,0.601,3,2,0.546,67.9,3,0,18,63,0,23297.77,53.4,0.507,1,4,3,2
0.967,0.0,0.045,1,1.0,5,0,0.821,96.7,0,9,100,85,1,42542.48,14.9,0.953,0,1,1,3
0.935,0.055,0.01,1,0.767,3,2,0.742,93.5,0,10,100,85,1,29959.29,40.1,0.776,0,2,0,3
0.771,0.09,0.139,1,0.712,3,2,0.683,77.1,2,12,100,67,1,30040.14,39.9,0.808,1,3,4,2
0.954,0.003,0.043,1,0.754,3,2,0.658,95.4,0,4,36,72,1,41236.9,17.5,0.795,0,3,0,3
0.991,0.006,0.003,1,0.969,4,1,0.811,99.1,0,4,50,37,1,36561.35,26.9,0.829,0,1,2,3
0.732,0.125,0.143,1,0.62,3,2,0.555,73.2,2,9,100,41,1,18128.32,63.7,0.673,1,4,4,2
0.343,0.0,0.749,1,0.302,1,4,0.255,34.3,11,3,37,43,0,18716.67,62.6,0.368,3,7,13,0
0.676,0.114,0.211,0,0.781,3,2,0.735,67.6,3,2,11,17,1,25614.93,48.8,0.601,1,2,3,0
0.89,0.02,0.091,1,1.0,5,0,0.918,89.0,1,4,56,22,1,32805.74,34.4,0.958,0,0,3,3
0.602,0.251,0.148,1,0.76,3,2,0.708,60.2,2,13,100,36,1,31669.1,36.7,0.557,1,2,4,2
0.12,0.269,0.612,0,0.0,0,5,0.0,12.0,9,3,38,10,1,18391.14,63.2,0.185,4,10,11,0
0.754,0.226,0.021,1,0.629,3,2,0.606,75.4,0,3,24,24,1,10943.68,78.1,0.729,1,3,2,2
0.262,0.098,0.641,0,0.263,1,4,0.257,26.2,9,4,34,60,0,6301.22,87.4,0.163,3,7,11,0
0.79,0.123,0.087,1,0.953,4,1,0.767,79.0,1,10,100,20,1,20402.96,59.2,0.595,1,2,3,3
0.043,0.332,0.625,0,0.0,0,5,0.0,4.3,9,3,20,69,0,13836.78,72.3,0.059,4,10,11,0
0.689,0.026,0.285,1,0.624,3,2,0.587,68.9,4,3,42,41,0,17990.45,64.0,0.539,1,4,5,2
0.282,0.172,0.546,0,0.15,0,5,0.123,28.2,8,2,30,46,0,5157.89,89.7,0.379,3,8,9,0
0.605,0.266,0.129,1,0.739,3,2,0.594,60.5,1,14,100,88,1,15808.39,68.4,0.592,1,4,1,2
0.006,0.635,0.36,0,0.033,0,5,0.03,0.6,5,4,51,14,1,18869.34,62.3,0.0,4,9,6,0
0.957,0.017,0.026,1,1.0,5,0,0.878,95.7,0,9,94,59,1,24807.57,50.4,0.773,0,1,1,3
0.669,0.296,0.035,1,0.802,4,1,0.731,66.9,0,4,41,89,1,19791.66,60.4,0.743,1,2,2,2
0.703,0.222,0.075,1,0.711,3,2,0.589,70.3,1,8,99,85,1,31509.25,37.0,0.666,1,4,1,3
0.732,0.201,0.067,1,0.747,3,2,0.635,73.2,1,10,96,74,1,13688.1,72.6,0.561,1,3,2,2
0.252,0.297,0.451,0,0.408,2,3,0.345,25.2,6,3,40,33,0,8021.92,84.0,0.122,3,6,8,0
0.422,0.381,0.196,0,0.304,1,4,0.291,42.2,2,4,50,58,0,34399.58,31.2,0.322,2,7,4,0
0.872,0.01,0.118,1,0.798,3,2,0.725,87.2,1,9,89,9,1,15957.19,68.1,0.934,0,2,2,3
0.742,0.157,0.101,1,0.708,3,2,0.62,74.2,1,7,67,33,1,26191.73,47.6,0.677,1,3,1,2
0.139,0.352,0.51,0,0.085,0,5,0.072,13.9,7,3,30,42,0,15892.73,68.2,0.092,4,9,9,0
0.82,0.138,0.042,1,0.992,4,1,0.858,82.0,0,14,100,66,1,38319.45,23.4,0.691,0,1,0,3
0.385,0.433,0.181,0,0.391,1,4,0.369,38.5,2,3,22,69,0,33033.07,33.9,0.201,3,6,4,0
0.922,0.039,0.039,1,1.0,5,0,0.899,92.2,0,13,100,55,1,44056.4,11.9,0.83,0,1,1,3
0.712,0.149,0.139,1,0.556,2,3,0.457,71.2,2,8,92,36,1,26694.43,46.6,0.53,1,5,2,2
0.915,0.067,0.018,1,1.0,5,0,0.957,91.5,0,14,100,28,1,23784.53,52.4,0.937,0,0,0,3
0.447,0.43,0.123,1,0.249,1,4,0.201,44.7,1,4,55,18,1,17438.67,65.1,0.521,2,7,3,1
0.676,0.096,0.228,1,0.508,2,3,0.487,67.6,3,4,46,84,0,33890.53,32.2,0.485,1,5,3,2
0.466,0.365,0.17,1,0.615,3,2,0.579,46.6,2,4,53,36,0,27349.8,45.3,0.316,2,4,3,1
0.467,0.328,0.205,1,0.317,1,4,0.29,46.7,3,0,15,42,0,32626.95,34.7,0.397,2,7,4,1
0.904,0.071,0.024,1,0.936,4,1,0.877,90.4,0,10,100,31,1,17532.2,64.9,0.94,0,1,2,3
0.254,0.006,0.74,0,0.437,2,3,0.425,25.4,11,1,24,34,0,10493.8,79.0,0.234,3,5,11,0
0.662,0.087,0.251,1,0.861,4,1,0.774,66.2,3,1,28,10,1,30350.42,39.3,0.695,1,2,4,2
0.676,0.194,0.129,1,0.554,2,3,0.458,67.6,1,7,87,50,1,32330.9,35.3,0.742,1,5,1,2
0.764,0.229,0.008,1,0.766,3,2,0.712,76.4,0,8,81,63,1,13971.32,72.1,0.622,1,2,0,3
0.408,0.315,0.277,1,0.269,1,4,0.258,40.8,4,4,30,74,0,33449.7,33.1,0.455,2,7,4,1
0.167,0.253,0.58,0,0.147,0,5,0.135,16.7,8,4,38,44,0,10191.66,79.6,0.191,4,8,9,0
0.419,0.215,0.367,1,0.487,2,3,0.486,41.9,5,2,16,32,0,21398.65,57.2,0.322,2,5,6,1
0.971,0.0,0.049,1,0.877,4,1,0.827,97.1,0,11,100,52,1,31659.36,36.7,1.0,0,1,2,3
0.967,0.0,0.045,1,1.0,5,0,0.892,96.7,0,8,98,47,1,20887.48,58.2,0.894,0,1,0,3
0.007,0.433,0.56,0,0.184,0,5,0.153,0.7,8,2,11,84,0,13581.5,72.8,0.063,4,8,10,0
0.286,0.197,0.518,0,0.106,0,5,0.095,28.6,7,2,10,57,0,8785.01,82.4,0.21,3,9,7,0
0.631,0.243,0.125,1,0.645,3,2,0.534,63.1,1,6,66,22,1,13443.21,73.1,0.615,1,4,3,2
0.777,0.178,0.045,0,0.592,2,3,0.477,77.7,0,11,100,66,1,29163.93,41.7,0.793,1,5,0,1
0.62,0.342,0.038,1,0.487,2,3,0.458,62.0,0,9,80,71,1,18057.44,63.9,0.588,1,5,2,2
0.677,0.044,0.28,1,0.512,2,3,0.423,67.7,4,1,2,9,1,21136.47,57.7,0.691,1,5,5,1
0.23,0.044,0.727,0,0.151,0,5,0.144,23.0,10,0,-2,24,1,13439.81,73.1,0.173,3,8,10,0
0.821,0.064,0.115,1,0.785,3,2,0.778,82.1,1,11,100,89,1,13982.08,72.0,0.752,0,2,3,3
0.775,0.112,0.112,1,0.617,3,2,0.599,77.5,1,4,49,46,1,33956.28,32.1,0.602,1,4,3,2
0.282,0.0,0.725,0,0.453,2,3,0.416,28.2,10,1,13,44,0,7879.88,84.2,0.15,3,5,11,0
0.796,0.076,0.128,1,0.669,3,2,0.586,79.6,1,4,46,58,1,23244.37,53.5,0.692,1,4,1,2
0.961,0.032,0.007,1,1.0,5,0,0.925,96.1,0,12,100,79,1,45090.51,9.8,0.971,0,0,2,3
0.627,0.302,0.071,1,0.511,2,3,0.476,62.7,1,4,44,38,1,15193.73,69.6,0.622,1,5,1,2
0.861,0.059,0.08,1,0.717,3,2,0.623,86.1,1,14,100,63,1,33226.91,33.5,0.923,0,3,3,3
0.443,0.37,0.187,1,0.604,3,2,0.6,44.3,2,0,11,70,0,22218.28,55.6,0.417,2,4,3,1
0.691,0.206,0.102,1,0.769,3,2,0.758,69.1,1,11,100,53,1,14197.58,71.6,0.617,1,2,3,2
0.511,0.301,0.187,1,0.5,2,3,0.445,51.1,2,4,56,40,0,19057.39,61.9,0.407,2,5,4,1
0.78,0.193,0.027,1,0.69,3,2,0.653,78.0,0,12,100,16,1,28256.1,43.5,0.734,1,3,1,3
0.795,0.166,0.039,1,0.761,3,2,0.679,79.5,0,13,100,87,1,14537.7,70.9,0.6,1,3,0,3
0.923,0.068,0.009,1,0.837,4,1,0.749,92.3,0,9,87,87,1,18640.44,62.7,0.839,0,2,2,3
0.862,0.089,0.05,1,0.677,3,2,0.559,86.2,0,9,100,62,1,48875.1,2.2,0.805,0,4,2,3
0.374,0.393,0.233,0,0.567,2,3,0.464,37.4,3,2,16,40,0,28195.85,43.6,0.202,3,5,3,0
0.6,0.259,0.141,1,0.497,2,3,0.433,60.0,2,3,23,85,0,16058.14,67.9,0.604,2,5,2,1
0.866,0.03,0.104,1,0.815,4,1,0.727,86.6,1,3,23,77,1,19103.82,61.8,0.922,0,2,3,2
0.709,0.259,0.031,1,0.704,3,2,0.595,70.9,0,13,100,14,1,11978.23,76.0,0.706,1,4,0,3
0.89,0.109,0.001,1,0.861,4,1,0.793,89.0,0,6,78,86,1,20392.65,59.2,0.884,0,2,1,3
0.868,0.097,0.035,1,0.687,3,2,0.606,86.8,0,3,38,77,1,37602.66,24.8,0.703,0,3,0,3
0.7,0.051,0.249,1,0.501,2,3,0.49,70.0,3,4,45,26,1,29854.07,40.3,0.561,1,5,4,2
0.875,0.019,0.106,1,0.709,3,2,0.598,87.5,1,7,69,28,1,22727.08,54.5,0.805,0,4,3,2
0.801,0.169,0.029,1,0.702,3,2,0.565,80.1,0,3,41,59,1,30931.0,38.1,0.622,0,4,0,2
0.818,0.168,0.015,1,0.767,3,2,0.732,81.8,0,6,54,17,1,41512.84,17.0,0.653,0,2,1,3
0.773,0.093,0.133,1,0.654,3,2,0.579,77.3,2,6,67,57,1,33865.94,32.3,0.612,1,4,3,2
0.608,0.254,0.139,1,0.617,3,2,0.522,60.8,2,5,44,52,1,29916.42,40.2,0.421,1,4,2,2
0.609,0.28,0.112,1,0.728,3,2,0.659,60.9,1,3,35,13,1,26924.99,46.2,0.611,1,3,1,2
0.748,0.123,0.129,1,0.728,3,2,0.624,74.8,1,3,41,42,1,30351.67,39.3,0.73,1,3,1,2
0.343,0.405,0.252,0,0.531,2,3,0.429,34.3,3,1,25,24,1,25554.17,48.9,0.319,3,5,3,0
0.861,0.117,0.022,1,0.878,4,1,0.72,86.1,0,5,57,58,1,29180.47,41.6,0.724,0,2,0,3
0.929,0.059,0.012,1,1.0,5,0,0.851,92.9,0,4,59,57,1,27627.59,44.7,0.913,0,1,0,3
0.086,0.55,0.364,0,0.092,0,5,0.085,8.6,5,3,39,10,1,14131.37,71.7,0.01,4,9,7,0
0.853,0.113,0.035,0,0.913,4,1,0.768,85.3,0,4,48,50,1,23390.37,53.2,0.671,0,2,2,1
0.74,0.115,0.146,1,0.544,2,3,0.487,74.0,2,4,32,29,1,20507.26,59.0,0.713,1,5,2,2
0.874,0.115,0.01,1,0.984,4,1,0.873,87.4,0,4,50,12,1,21933.65,56.1,0.682,0,1,2,3
0.43,0.181,0.39,1,0.609,3,2,0.588,43.0,5,2,35,21,1,34542.11,30.9,0.335,2,4,7,1
0.656,0.339,0.005,1,0.826,4,1,0.688,65.6,0,4,33,72,1,17876.4,64.2,0.613,1,3,1,2
0.657,0.194,0.15,0,0.687,3,2,0.64,65.7,2,0,11,49,0,16165.44,67.7,0.657,1,3,3,0
0.881,0.008,0.11,1,0.909,4,1,0.853,88.1,1,7,71,67,1,20005.87,60.0,0.888,0,1,1,3
0.229,0.345,0.427,0,0.057,0,5,0.053,22.9,6,3,44,13,1,10391.68,79.2,0.307,3,9,8,0
0.526,0.214,0.26,0,0.562,2,3,0.485,52.6,3,2,24,16,1,26037.26,47.9,0.589,2,5,5,0
0.505,0.192,0.303,1,0.407,2,3,0.396,50.5,4,3,48,16,1,10776.54,78.4,0.574,2,6,6,1
0.622,0.273,0.106,0,0.758,3,2,0.677,62.2,1,8,76,25,1,22232.25,55.5,0.479,1,3,1,1
0.84,0.019,0.142,1,0.741,3,2,0.73,84.0,2,8,96,48,1,27391.01,45.2,0.917,0,2,4,3
0.585,0.303,0.112,0,0.548,2,3,0.456,58.5,1,4,58,39,0,31646.06,36.7,0.425,2,5,2,0
0.727,0.235,0.038,1,0.57,2,3,0.485,72.7,0,8,84,21,1,12277.11,75.4,0.541,1,5,1,2
0.76,0.2,0.04,1,0.707,3,2,0.572,76.0,0,6,51,42,1,23695.29,52.6,0.783,1,4,1,2
0.062,0.417,0.521,0,0.015,0,5,0.013,6.2,7,2,11,25,1,11755.85,76.5,0.056,4,9,7,0
0.808,0.175,0.017,1,0.796,3,2,0.687,80.8,0,10,94,68,1,17089.88,65.8,0.906,0,3,1,3
0.141,0.074,0.785,0,0.105,0,5,0.097,14.1,11,1,0,54,0,14624.3,70.8,0.004,4,9,12,0
0.652,0.226,0.122,1,0.826,4,1,0.818,65.2,1,14,100,27,1,25855.7,48.3,0.457,1,1,1,3
0.88,0.098,0.022,1,1.0,5,0,0.955,88.0,0,5,49,68,1,47904.27,4.2,0.795,0,0,2,3
0.564,0.226,0.209,1,0.413,2,3,0.34,56.4,3,4,52,55,0,21732.06,56.5,0.468,2,6,4,1
0.804,0.165,0.03,1,0.752,3,2,0.664,80.4,0,7,70,85,1,21287.18,57.4,0.803,0,3,2,3
0.43,0.22,0.35,1,0.362,1,4,0.328,43.0,5,0,10,57,0,22145.51,55.7,0.256,2,6,7,0
0.883,0.013,0.104,1,0.905,4,1,0.833,88.3,1,11,100,84,1,28095.07,43.8,0.955,0,1,2,3
0.801,0.05,0.149,1,0.868,4,1,0.744,80.1,2,12,100,68,1,13836.42,72.3,0.663,0,2,2,3
0.106,0.176,0.718,0,0.101,0,5,0.1,10.6,10,4,59,7,1,16330.08,67.3,0.177,4,8,10,0
0.846,0.153,0.001,1,0.799,3,2,0.662,84.6,0,4,52,59,1,44220.17,11.6,0.734,0,3,1,3
0.171,0.063,0.766,0,0.142,0,5,0.116,17.1,11,3,27,61,0,11353.79,77.3,0.182,4,8,13,0
0.476,0.185,0.339,1,0.32,1,4,0.296,47.6,5,2,24,17,1,23594.96,52.8,0.477,2,7,7,2
0.834,0.145,0.021,1,0.709,3,2,0.677,83.4,0,7,80,68,1,27127.53,45.7,0.813,0,3,2,3
0.916,0.084,0.0,1,1.0,5,0,0.914,91.6,0,13,100,14,1,24612.29,50.8,0.798,0,0,0,3
0.731,0.159,0.109,1,0.801,4,1,0.674,73.1,1,9,94,19,1,12249.18,75.5,0.701,1,3,2,3
0.12,0.439,0.441,0,0.247,1,4,0.235,12.0,6,1,18,52,0,19486.87,61.0,0.0,4,7,7,0
0.679,0.118,0.203,1,0.762,3,2,0.699,67.9,3,1,7,49,0,31328.63,37.3,0.555,1,3,3,2
0.862,0.118,0.021,1,0.801,4,1,0.659,86.2,0,10,100,70,1,24882.81,50.2,0.75,0,3,1,3
0.895,0.065,0.04,1,0.989,4,1,0.85,89.5,0,13,100,24,1,40592.48,18.8,0.894,0,1,1,3
0.832,0.039,0.129,0,0.905,4,1,0.728,83.2,1,4,48,61,1,13708.7,72.6,0.861,0,2,2,1
0.852,0.113,0.034,1,1.0,5,0,0.868,85.2,0,12,100,40,1,21238.16,57.5,0.91,0,1,1,3
0.368,0.417,0.215,1,0.313,1,4,0.31,36.8,3,3,49,15,1,14432.78,71.1,0.427,3,6,5,1
0.11,0.292,0.599,0,0.0,0,5,0.0,11.0,8,1,22,88,0,5262.02,89.5,0.0,4,10,10,0
0.817,0.155,0.028,1,0.719,3,2,0.595,81.7,0,8,79,48,1,30197.65,39.6,0.658,0,4,1,3
0.653,0.034,0.312,1,0.607,3,2,0.523,65.3,4,1,21,89,0,28117.61,43.8,0.558,1,4,5,1
0.731,0.122,0.147,1,0.776,3,2,0.67,73.1,2,8,92,21,1,28325.61,43.3,0.612,1,3,2,3
0.994,0.0,0.021,1,1.0,5,0,0.811,99.4,0,7,85,11,1,32104.72,35.8,1.0,0,1,2,3
0.617,0.254,0.13,1,0.687,3,2,0.561,61.7,1,0,0,18,1,23256.19,53.5,0.628,1,4,3,2
0.906,0.052,0.042,1,0.852,4,1,0.699,90.6,0,6,78,68,1,21748.07,56.5,0.894,0,3,2,3
0.845,0.079,0.076,1,1.0,5,0,0.978,84.5,1,13,100,11,1,15597.43,68.8,0.778,0,0,1,3
0.979,0.0,0.021,1,0.786,3,2,0.765,97.9,0,12,100,45,1,33283.42,33.4,0.908,0,2,0,3
0.392,0.367,0.241,1,0.249,1,4,0.227,39.2,3,0,17,23,1,27083.41,45.8,0.271,3,7,3,1
0.88,0.078,0.041,1,0.742,3,2,0.716,88.0,0,12,100,87,1,40413.71,19.2,0.775,0,2,0,3
0.717,0.2,0.084,1,0.583,2,3,0.513,71.7,1,12,100,51,1,33580.86,32.8,0.734,1,4,3,2
0.96,0.033,0.007,1,0.899,4,1,0.893,96.0,0,3,37,84,1,31051.17,37.9,0.969,0,1,2,3
0.506,0.13,0.364,0,0.349,1,4,0.346,50.6,5,0,16,45,0,25530.0,48.9,0.307,2,6,6,0
0.459,0.389,0.152,0,0.58,2,3,0.557,45.9,2,0,15,51,0,22680.94,54.6,0.5,2,4,2,0
0.435,0.39,0.176,1,0.62,3,2,0.521,43.5,2,3,25,14,1,29577.47,40.8,0.34,2,4,3,1
0.558,0.178,0.264,1,0.494,2,3,0.44,55.8,3,1,25,18,1,21265.59,57.5,0.485,2,5,5,1
0.91,0.043,0.048,1,0.782,3,2,0.739,91.0,0,6,63,61,1,33360.5,33.3,0.776,0,2,0,3
0.695,0.255,0.05,1,0.544,2,3,0.445,69.5,0,6,60,48,1,10098.23,79.8,0.644,1,5,1,2
0.855,0.123,0.022,1,0.69,3,2,0.592,85.5,0,5,65,63,1,48177.81,3.6,0.827,0,4,2,2
0.75,0.246,0.003,1,0.846,4,1,0.763,75.0,0,6,63,69,1,31576.36,36.8,0.708,1,2,2,3
0.864,0.112,0.024,1,0.989,4,1,0.941,86.4,0,4,39,36,1,22527.5,54.9,0.861,0,0,2,3
0.99,0.0,0.04,1,0.941,4,1,0.901,99.0,0,5,61,37,1,16168.76,67.7,0.906,0,0,0,3
0.383,0.226,0.391,0,0.497,2,3,0.429,38.3,5,1,22,46,0,30478.26,39.0,0.204,3,5,6,0
0.772,0.159,0.069,1,0.758,3,2,0.674,77.2,1,10,99,86,1,27891.91,44.2,0.837,1,3,2,3
0.545,0.167,0.287,1,0.506,2,3,0.504,54.5,4,2,23,80,0,12504.23,75.0,0.451,2,4,5,1
0.326,0.194,0.48,0,0.156,0,5,0.13,32.6,7,1,28,87,0,19981.25,60.0,0.237,3,8,7,0
1.0,0.0,0.031,1,1.0,5,0,0.956,100.0,0,8,88,42,1,44156.99,11.7,1.0,0,0,1,2
0.95,0.001,0.05,1,0.908,4,1,0.802,95.0,0,9,100,87,1,35255.13,29.5,0.859,0,1,1,3
0.84,0.123,0.037,1,0.753,3,2,0.724,84.0,0,12,100,31,1,18434.16,63.1,0.774,0,2,1,3
0.414,0.226,0.359,1,0.232,1,4,0.194,41.4,5,3,42,33,0,12246.96,75.5,0.254,2,8,7,0
0.138,0.488,0.374,0,0.318,1,4,0.318,13.8,5,0,-9,40,0,17844.01,64.3,0.0,4,6,7,0
0.662,0.278,0.06,1,0.74,3,2,0.629,66.2,0,12,100,73,1,11498.17,77.0,0.467,1,3,1,3
0.629,0.103,0.269,0,0.481,2,3,0.432,62.9,4,4,50,24,1,21233.78,57.5,0.641,1,5,6,0
0.814,0.142,0.044,1,0.789,3,2,0.68,81.4,0,6,50,46,1,14116.37,71.8,0.616,0,3,2,3
0.943,0.055,0.002,1,0.915,4,1,0.87,94.3,0,9,88,71,1,45367.54,9.3,0.843,0,1,0,3
0.903,0.093,0.004,1,1.0,5,0,0.974,90.3,0,11,100,41,1,23994.51,52.0,0.719,0,0,2,2
0.84,0.016,0.145,1,0.647,3,2,0.63,84.0,2,7,79,54,1,14002.4,72.0,0.755,0,3,3,2
0.69,0.0,0.311,1,0.528,2,3,0.5,69.0,4,3,28,23,1,26755.04,46.5,0.71,1,5,5,2
0.828,0.162,0.01,1,1.0,5,0,0.956,82.8,0,10,100,52,1,34829.27,30.3,0.926,0,0,1,3
0.616,0.38,0.005,1,0.802,4,1,0.792,61.6,0,14,100,58,1,16013.38,68.0,0.57,1,2,2,2
0.603,0.204,0.193,1,0.665,3,2,0.59,60.3,2,4,42,43,0,13265.61,73.5,0.475,1,4,4,2
0.84,0.121,0.039,1,0.825,4,1,0.824,84.0,0,9,100,32,1,45475.42,9.0,0.83,0,1,1,3
0.339,0.376,0.285,1,0.31,1,4,0.28,33.9,4,2,29,21,1,30351.71,39.3,0.233,3,7,6,1
0.656,0.0,0.364,1,0.681,3,2,0.561,65.6,5,3,30,76,0,16825.3,66.3,0.644,1,4,6,1
0.744,0.168,0.088,1,0.785,3,2,0.751,74.4,1,4,50,36,1,27909.23,44.2,0.68,1,2,1,3
0.61,0.354,0.036,1,0.765,3,2,0.654,61.0,0,3,39,64,1,27499.75,45.0,0.412,1,3,1,2
0.34,0.0,0.779,1,0.317,1,4,0.294,34.0,11,4,53,85,0,11660.97,76.7,0.159,3,7,13,0
0.484,0.272,0.244,1,0.611,3,2,0.574,48.4,3,1,4,19,1,12398.89,75.2,0.405,2,4,5,1
0.946,0.043,0.011,1,0.787,3,2,0.695,94.6,0,7,70,54,1,36552.17,26.9,0.785,0,3,0,3
0.227,0.352,0.421,0,0.301,1,4,0.26,22.7,6,3,49,19,1,18063.38,63.9,0.028,3,7,7,1
0.755,0.133,0.112,1,0.83,4,1,0.737,75.5,1,7,63,48,1,27609.65,44.8,0.823,1,2,3,2
0.375,0.446,0.178,1,0.323,1,4,0.27,37.5,2,4,43,50,0,13403.41,73.2,0.222,3,7,4,1
0.047,0.231,0.722,0,0.0,0,5,0.0,4.7,10,1,11,75,0,17707.36,64.6,0.0,4,10,10,0
0.736,0.132,0.132,1,0.639,3,2,0.607,73.6,1,4,31,69,1,19321.76,61.4,0.788,1,3,1,2
0.608,0.287,0.104,1,0.674,3,2,0.56,60.8,1,6,76,14,1,20037.91,59.9,0.537,1,4,3,2
0.724,0.274,0.003,0,0.797,3,2,0.772,72.4,0,8,85,13,1,10116.11,79.8,0.786,1,2,1,1
0.863,0.104,0.033,1,0.695,3,2,0.59,86.3,0,12,100,46,1,47478.92,5.0,0.792,0,4,2,3
0.894,0.0,0.144,1,1.0,5,0,0.97,89.4,2,3,30,15,1,11817.06,76.4,0.945,0,0,2,3
0.16,0.251,0.588,0,0.35,1,4,0.311,16.0,8,3,21,81,0,15438.33,69.1,0.036,4,6,10,0
0.383,0.208,0.408,0,0.3,1,4,0.287,38.3,6,1,6,40,0,14638.7,70.7,0.321,3,7,7,0
0.244,0.09,0.665,1,0.316,1,4,0.267,24.4,9,1,2,68,0,16354.92,67.3,0.269,3,7,11,0
0.887,0.106,0.006,1,0.913,4,1,0.904,88.7,0,5,41,79,1,21635.84,56.7,0.697,0,0,0,3
0.768,0.136,0.096,1,0.596,2,3,0.526,76.8,1,5,48,29,1,31883.23,36.2,0.625,1,4,3,2
0.306,0.104,0.59,0,0.126,0,5,0.106,30.6,8,2,38,89,0,6045.09,87.9,0.238,3,8,9,0
0.79,0.094,0.116,1,0.886,4,1,0.862,79.0,1,11,100,80,1,32498.79,35.0,0.605,1,1,1,3
0.012,0.632,0.356,0,0.086,0,5,0.074,1.2,5,0,8,48,0,7789.3,84.4,0.0,4,9,6,0
0.628,0.0,0.399,0,0.617,3,2,0.593,62.8,5,2,29,81,0,21346.33,57.3,0.607,1,4,6,0
0.669,0.15,0.181,1,0.737,3,2,0.658,66.9,2,3,44,16,1,15804.62,68.4,0.733,1,3,3,2
0.314,0.344,0.341,1,0.155,0,5,0.142,31.4,5,1,20,27,1,21844.58,56.3,0.309,3,8,6,0
0.947,0.018,0.035,1,0.917,4,1,0.903,94.7,0,9,100,33,1,22533.15,54.9,0.845,0,0,2,3
0.968,0.003,0.029,1,0.929,4,1,0.919,96.8,0,14,100,67,1,36421.74,27.2,0.881,0,0,1,3
0.709,0.237,0.055,1,0.524,2,3,0.523,70.9,0,13,100,50,1,10949.95,78.1,0.69,1,4,1,2
0.111,0.144,0.745,0,0.077,0,5,0.062,11.1,11,0,18,39,0,17311.74,65.4,0.0,4,9,13,0
0.403,0.481,0.116,1,0.543,2,3,0.534,40.3,1,4,42,14,1,22564.17,54.9,0.255,2,4,1,2
0.974,0.0,0.043,1,1.0,5,0,0.979,97.4,0,6,66,37,1,24266.85,51.5,0.961,0,0,2,3
0.898,0.095,0.006,1,0.7,3,2,0.655,89.8,0,11,100,68,1,20914.03,58.2,0.838,0,3,1,3
0.452,0.309,0.24,1,0.354,1,4,0.344,45.2,3,3,48,60,0,11688.82,76.6,0.262,2,6,3,1
0.759,0.127,0.114,0,0.933,4,1,0.764,75.9,1,11,100,35,1,12835.69,74.3,0.569,1,2,1,1
0.688,0.012,0.3,1,0.798,3,2,0.724,68.8,4,3,42,61,0,30586.33,38.8,0.783,1,2,4,2
0.82,0.141,0.039,1,0.769,3,2,0.621,82.0,0,4,46,78,1,34943.89,30.1,0.67,0,3,1,3
0.808,0.188,0.004,1,0.962,4,1,0.927,80.8,0,13,100,57,1,22559.48,54.9,0.827,0,0,0,3
0.843,0.127,0.03,1,0.955,4,1,0.829,84.3,0,5,56,80,1,29361.82,41.3,0.939,0,1,1,3
0.656,0.096,0.247,1,0.495,2,3,0.434,65.6,3,2,15,50,0,16849.77,66.3,0.608,1,5,5,1
0.588,0.128,0.284,1,0.528,2,3,0.456,58.8,4,4,32,29,1,14704.37,70.6,0.39,2,5,4,2
0.891,0.088,0.021,1,0.771,3,2,0.739,89.1,0,5,62,88,1,26365.8,47.3,0.706,0,2,1,3
0.037,0.574,0.389,0,0.169,0,5,0.149,3.7,5,2,22,30,1,9853.66,80.3,0.0,4,8,6,0
0.844,0.133,0.023,1,0.669,3,2,0.561,84.4,0,13,100,25,1,16316.99,67.4,0.742,0,4,2,3
0.624,0.043,0.332,0,0.61,3,2,0.583,62.4,4,3,47,26,1,11255.33,77.5,0.607,1,4,4,0
0.871,0.115,0.014,1,1.0,5,0,0.81,87.1,0,5,60,74,1,24968.01,50.1,0.945,0,1,0,3
0.286,0.15,0.564,1,0.211,1,4,0.193,28.6,8,1,23,62,0,8084.44,83.8,0.313,3,8,10,0
0.852,0.114,0.034,1,1.0,5,0,0.933,85.2,0,9,100,18,1,36004.34,28.0,0.699,0,0,0,3
0.597,0.144,0.258,1,0.505,2,3,0.505,59.7,3,2,19,75,0,27136.81,45.7,0.434,2,4,5,1
0.681,0.26,0.059,1,0.552,2,3,0.442,68.1,0,3,36,24,1,19166.68,61.7,0.774,1,5,1,2
0.486,0.21,0.304,1,0.47,2,3,0.432,48.6,4,2,33,77,0,11226.34,77.5,0.552,2,5,5,1
0.682,0.073,0.245,0,0.555,2,3,0.471,68.2,3,3,45,10,1,32831.14,34.3,0.552,1,5,4,0
0.203,0.0,0.799,0,0.127,0,5,0.123,20.3,11,3,48,56,0,9507.9,81.0,0.048,3,8,13,0
0.727,0.229,0.043,1,0.832,4,1,0.831,72.7,0,5,61,77,1,16120.22,67.8,0.593,1,1,1,3
0.782,0.113,0.106,1,0.699,3,2,0.605,78.2,1,8,73,71,1,15315.58,69.4,0.694,1,3,3,2
0.332,0.0,0.727,0,0.158,0,5,0.15,33.2,10,1,2,32,0,8394.04,83.2,0.37,3,8,11,0
0.434,0.425,0.14,0,0.631,3,2,0.588,43.4,2,3,34,49,0,30167.87,39.7,0.239,2,4,2,0
0.713,0.14,0.147,1,0.895,4,1,0.752,71.3,2,12,100,36,1,16760.85,66.5,0.602,1,2,4,2
0.957,0.04,0.004,1,1.0,5,0,0.927,95.7,0,8,98,84,1,37685.88,24.6,0.878,0,0,0,3
0.996,0.0,0.016,1,0.89,4,1,0.771,99.6,0,11,100,80,1,34782.41,30.4,0.917,0,2,0,3
0.515,0.13,0.355,0,0.671,3,2,0.626,51.5,5,3,25,32,0,12522.22,75.0,0.497,2,3,6,0
0.858,0.069,0.073,1,0.774,3,2,0.722,85.8,1,12,100,48,1,27074.11,45.9,0.85,0,2,3,3
0.834,0.129,0.037,1,0.994,4,1,0.872,83.4,0,12,100,75,1,32515.42,35.0,0.673,0,1,1,3
0.748,0.205,0.047,1,0.613,3,2,0.536,74.8,0,13,100,25,1,12394.2,75.2,0.596,1,4,0,3
0.637,0.0,0.372,0,0.691,3,2,0.647,63.7,5,4,40,35,0,32036.67,35.9,0.628,1,3,7,0
0.623,0.373,0.005,1,0.598,2,3,0.544,62.3,0,10,100,9,1,21769.01,56.5,0.539,1,4,0,2
0.781,0.085,0.134,1,0.937,4,1,0.8,78.1,2,10,100,16,1,34659.07,30.7,0.738,1,1,3,3
0.862,0.03,0.108,1,0.888,4,1,0.839,86.2,1,6,71,79,1,21975.59,56.0,0.842,0,1,2,3
0.429,0.302,0.269,0,0.267,1,4,0.222,42.9,4,0,18,27,1,28660.48,42.7,0.35,2,7,5,0
0.998,0.0,0.017,1,0.963,4,1,0.802,99.8,0,10,100,38,1,17433.25,65.1,0.813,0,1,1,3
0.97,0.0,0.042,1,1.0,5,0,0.901,97.0,0,6,51,73,1,36115.2,27.8,0.971,0,0,2,3
0.704,0.171,0.125,1,0.632,3,2,0.519,70.4,1,4,35,63,1,11291.55,77.4,0.605,1,4,1,2
0.605,0.071,0.324,0,0.697,3,2,0.662,60.5,4,4,35,87,0,33034.94,33.9,0.597,1,3,6,0
0.728,0.183,0.089,1,0.734,3,2,0.707,72.8,1,6,58,21,1,13769.82,72.5,0.779,1,2,2,2
0.195,0.375,0.429,0,0.284,1,4,0.235,19.5,6,2,27,9,1,16958.89,66.1,0.132,4,7,7,0
0.367,0.334,0.299,1,0.216,1,4,0.178,36.7,4,4,46,21,1,12084.44,75.8,0.418,3,8,6,1
0.308,0.582,0.109,1,0.402,2,3,0.331,30.8,1,3,29,72,0,15451.92,69.1,0.226,3,6,1,1
0.889,0.0,0.14,1,0.983,4,1,0.973,88.9,2,13,100,13,1,24568.04,50.9,0.836,0,0,2,3
0.85,0.146,0.005,1,0.95,4,1,0.793,85.0,0,11,100,58,1,43068.12,13.9,0.868,0,2,0,3
0.801,0.099,0.1,1,0.746,3,2,0.706,80.1,1,7,80,58,1,23642.58,52.7,0.789,0,2,1,3
0.444,0.241,0.315,1,0.315,1,4,0.276,44.4,4,4,47,56,0,14456.87,71.1,0.521,2,7,6,1
0.804,0.061,0.135,1,0.704,3,2,0.64,80.4,2,3,38,69,1,34600.45,30.8,0.74,0,3,4,2
0.37,0.293,0.337,1,0.335,1,4,0.332,37.0,5,4,40,33,0,26850.65,46.3,0.3,3,6,5,1
0.279,0.395,0.326,0,0.408,2,3,0.346,27.9,4,2,31,33,0,13949.94,72.1,0.165,3,6,5,0
0.322,0.577,0.101,0,0.439,2,3,0.436,32.2,1,2,19,29,1,15337.43,69.3,0.21,3,5,1,0
0.864,0.129,0.007,1,0.981,4,1,0.903,86.4,0,9,91,89,1,28065.67,43.9,0.789,0,0,1,3
0.876,0.064,0.06,1,0.784,3,2,0.761,87.6,0,5,48,74,1,13740.92,72.5,0.811,0,2,2,3
0.977,0.019,0.004,1,0.983,4,1,0.831,97.7,0,9,100,9,1,27125.8,45.7,0.879,0,1,2,3
0.347,0.357,0.296,1,0.52,2,3,0.517,34.7,4,2,36,46,0,31327.8,37.3,0.267,3,4,5,1
0.849,0.088,0.064,1,0.871,4,1,0.727,84.9,0,7,60,82,1,25614.63,48.8,0.739,0,2,2,3
0.86,0.021,0.119,1,0.689,3,2,0.588,86.0,1,4,53,68,1,29590.57,40.8,0.858,0,4,1,3
0.691,0.096,0.213,0,0.689,3,2,0.672,69.1,3,3,29,27,1,32157.39,35.7,0.573,1,3,5,1
0.857,0.098,0.045,1,0.973,4,1,0.892,85.7,0,6,74,82,1,25234.1,49.5,0.777,0,1,1,3
0.636,0.152,0.213,1,0.812,4,1,0.761,63.6,3,4,43,59,0,33487.02,33.0,0.564,1,2,3,2
0.756,0.149,0.095,1,0.737,3,2,0.71,75.6,1,14,100,70,1,17147.66,65.7,0.666,1,2,3,3
0.212,0.037,0.751,0,0.331,1,4,0.31,21.2,11,3,28,57,0,12918.65,74.2,0.077,3,6,13,0
0.178,0.098,0.725,0,0.095,0,5,0.084,17.8,10,0,-1,29,1,10136.49,79.7,0.277,4,9,11,1
0.072,0.304,0.624,0,0.108,0,5,0.099,7.2,9,4,36,55,0,12549.06,74.9,0.15,4,9,10,0
0.693,0.0,0.313,0,0.507,2,3,0.423,69.3,4,1,18,26,1,11631.75,76.7,0.626,1,5,5,0
0.142,0.108,0.75,0,0.066,0,5,0.064,14.2,11,2,31,20,1,6654.15,86.7,0.057,4,9,12,0
0.86,0.085,0.055,0,1.0,5,0,0.803,86.0,0,10,100,68,1,27228.93,45.5,0.954,0,1,1,1
0.372,0.358,0.27,1,0.468,2,3,0.392,37.2,4,0,14,25,1,34005.16,32.0,0.255,3,6,4,1
0.844,0.045,0.112,1,0.896,4,1,0.76,84.4,1,14,100,70,1,32110.45,35.8,0.677,0,2,3,3
0.49,0.32,0.19,0,0.394,1,4,0.375,49.0,2,3,37,69,0,30691.99,38.6,0.419,2,6,2,0
0.968,0.011,0.021,1,1.0,5,0,0.835,96.8,0,8,79,52,1,20268.93,59.5,1.0,0,1,1,3
0.356,0.433,0.211,1,0.31,1,4,0.263,35.6,3,0,11,54,0,14145.16,71.7,0.202,3,7,3,1
0.847,0.115,0.039,1,0.682,3,2,0.597,84.7,0,7,76,64,1,34048.29,31.9,0.932,0,4,0,3
0.931,0.027,0.042,1,1.0,5,0,0.855,93.1,0,12,100,21,1,25391.94,49.2,0.978,0,1,2,3
0.303,0.099,0.598,0,0.204,1,4,0.203,30.3,8,3,22,51,0,6920.27,86.2,0.33,3,7,10,0
0.81,0.172,0.018,1,0.782,3,2,0.754,81.0,0,3,48,48,1,44245.83,11.5,0.616,0,2,0,3
0.806,0.191,0.002,1,0.744,3,2,0.608,80.6,0,12,100,79,1,21875.12,56.2,0.803,0,3,0,3
0.829,0.136,0.035,1,0.994,4,1,0.895,82.9,0,9,99,24,1,45337.54,9.3,0.748,0,1,1,3
0.875,0.096,0.029,1,0.686,3,2,0.585,87.5,0,8,73,76,1,27367.93,45.3,0.918,0,4,0,3
0.742,0.207,0.051,1,0.82,4,1,0.745,74.2,0,12,100,54,1,29049.24,41.9,0.621,1,2,1,2
0.625,0.36,0.015,1,0.637,3,2,0.543,62.5,0,6,74,62,1,28960.62,42.1,0.487,1,4,2,2
0.907,0.047,0.045,1,0.731,3,2,0.671,90.7,0,9,90,19,1,28556.67,42.9,0.96,0,3,1,3
0.827,0.11,0.063,1,0.815,4,1,0.668,82.7,0,11,100,46,1,14678.63,70.6,0.778,0,3,1,3
0.674,0.0,0.386,1,0.809,4,1,0.706,67.4,5,3,48,76,0,12025.37,75.9,0.569,1,2,7,2
0.597,0.196,0.207,1,0.437,2,3,0.376,59.7,3,1,14,25,1,25702.09,48.6,0.649,2,6,5,1
0.935,0.056,0.009,1,0.811,4,1,0.799,93.5,0,4,31,58,1,21968.37,56.1,1.0,0,2,1,3
0.672,0.311,0.018,1,0.474,2,3,0.416,67.2,0,6,73,73,1,16262.71,67.5,0.565,1,5,0,2
0.644,0.247,0.109,1,0.617,3,2,0.573,64.4,1,6,67,82,1,34056.95,31.9,0.514,1,4,1,2
0.281,0.056,0.663,0,0.215,1,4,0.18,28.1,9,2,16,14,1,11620.4,76.8,0.182,3,8,9,0
0.406,0.465,0.128,0,0.221,1,4,0.185,40.6,1,2,28,78,0,14604.91,70.8,0.293,2,8,2,0
0.656,0.262,0.081,1,0.629,3,2,0.584,65.6,1,10,100,9,1,17926.84,64.1,0.618,1,4,1,2
0.856,0.028,0.116,1,0.905,4,1,0.766,85.6,1,10,100,19,1,20112.91,59.8,0.744,0,2,2,3
0.634,0.283,0.082,0,0.564,2,3,0.476,63.4,1,9,100,86,1,17829.03,64.3,0.605,1,5,1,0
0.865,0.1,0.035,1,0.946,4,1,0.791,86.5,0,13,100,10,1,15692.74,68.6,0.694,0,2,0,3
0.175,0.159,0.666,0,0.087,0,5,0.081,17.5,9,4,55,48,0,5758.63,88.5,0.123,4,9,10,0
0.684,0.161,0.155,0,0.688,3,2,0.669,68.4,2,4,55,83,0,31409.35,37.2,0.577,1,3,2,0
0.633,0.254,0.113,0,0.705,3,2,0.644,63.3,1,4,48,55,0,20767.92,58.5,0.584,1,3,3,0
0.647,0.06,0.293,0,0.737,3,2,0.595,64.7,4,1,23,81,0,17433.59,65.1,0.524,1,4,6,0
0.449,0.356,0.195,1,0.315,1,4,0.305,44.9,2,4,55,42,0,29646.67,40.7,0.416,2,6,2,1
0.622,0.224,0.154,1,0.799,3,2,0.692,62.2,2,1,9,80,0,20784.14,58.4,0.556,1,3,3,2
0.656,0.25,0.094,1,0.481,2,3,0.417,65.6,1,3,31,82,1,14415.34,71.2,0.62,1,5,2,2
0.003,0.203,0.794,0,0.0,0,5,0.0,0.3,11,3,44,53,0,16515.65,67.0,0.072,4,10,12,0
0.927,0.033,0.039,1,1.0,5,0,0.841,92.7,0,4,54,75,1,45764.73,8.5,0.954,0,1,0,3
0.635,0.058,0.307,1,0.753,3,2,0.655,63.5,4,1,14,52,0,18214.8,63.6,0.467,1,3,5,1
0.508,0.274,0.217,1,0.442,2,3,0.423,50.8,3,0,2,41,0,28237.75,43.5,0.37,2,5,4,1
0.303,0.084,0.613,0,0.286,1,4,0.274,30.3,9,3,47,45,0,12408.37,75.2,0.289,3,7,11,0
0.763,0.158,0.079,1,0.801,4,1,0.645,76.3,1,5,54,84,1,18047.28,63.9,0.667,1,3,2,2
0.616,0.339,0.045,1,0.602,3,2,0.602,61.6,0,9,89,30,1,22589.54,54.8,0.473,1,3,0,2
0.658,0.223,0.119,0,0.851,4,1,0.828,65.8,1,3,31,69,1,27069.49,45.9,0.529,1,1,3,0
0.833,0.153,0.013,1,0.812,4,1,0.765,83.3,0,3,31,12,1,18306.0,63.4,0.745,0,2,0,3
0.563,0.288,0.149,0,0.411,2,3,0.405,56.3,2,2,37,45,0,24816.47,50.4,0.511,2,5,3,0
0.819,0.174,0.007,1,0.806,4,1,0.794,81.9,0,14,100,86,1,16084.24,67.8,0.658,0,2,1,3
0.858,0.017,0.125,1,0.878,4,1,0.717,85.8,1,11,100,48,1,34603.49,30.8,0.715,0,2,1,3
0.453,0.369,0.179,0,0.36,1,4,0.292,45.3,2,0,14,36,0,32165.57,35.7,0.468,2,7,4,0
0.98,0.003,0.017,1,0.825,4,1,0.776,98.0,0,8,78,33,1,28987.35,42.0,0.837,0,2,0,3
0.206,0.462,0.332,0,0.246,1,4,0.224,20.6,4,0,7,13,1,11838.24,76.3,0.292,3,7,6,0
0.012,0.221,0.767,0,0.027,0,5,0.026,1.2,11,2,11,54,0,14573.76,70.9,0.078,4,9,13,0
0.994,0.0,0.018,1,0.956,4,1,0.938,99.4,0,13,100,44,1,23226.01,53.5,0.921,0,0,2,3
0.891,0.088,0.021,1,0.913,4,1,0.775,89.1,0,12,100,44,1,34954.22,30.1,0.725,0,2,2,3
0.597,0.037,0.366,1,0.496,2,3,0.428,59.7,5,4,48,65,0,34754.13,30.5,0.697,2,5,7,1
0.998,0.0,0.019,1,0.899,4,1,0.74,99.8,0,13,100,70,1,35605.31,28.8,1.0,0,2,0,3
0.783,0.21,0.007,1,0.75,3,2,0.684,78.3,0,7,75,53,1,26536.02,46.9,0.837,1,3,1,3
0.784,0.113,0.103,1,0.774,3,2,0.719,78.4,1,6,51,66,1,25321.37,49.4,0.8,1,2,3,2
0.805,0.128,0.067,1,0.605,3,2,0.552,80.5,1,10,93,35,1,28083.97,43.8,0.719,0,4,1,3
0.844,0.147,0.009,1,0.65,3,2,0.548,84.4,0,13,100,32,1,24971.8,50.1,0.913,0,4,1,3
0.31,0.563,0.127,0,0.499,2,3,0.455,31.0,1,3,32,20,1,21328.41,57.3,0.205,3,5,2,0
0.969,0.006,0.026,1,1.0,5,0,0.836,96.9,0,10,100,85,1,32166.74,35.7,0.781,0,1,0,3
0.553,0.322,0.126,1,0.469,2,3,0.397,55.3,1,3,30,75,0,31629.23,36.7,0.482,2,6,3,1
0.853,0.102,0.045,1,1.0,5,0,0.899,85.3,0,13,100,53,1,42486.61,15.0,0.69,0,1,1,3
0.523,0.141,0.336,0,0.357,1,4,0.318,52.3,5,4,51,52,0,20416.7,59.2,0.389,2,6,5,0
0.63,0.231,0.139,1,0.53,2,3,0.446,63.0,2,8,73,81,1,30696.76,38.6,0.479,1,5,3,2
0.332,0.371,0.297,1,0.17,0,5,0.147,33.2,4,3,30,88,0,24432.0,51.1,0.335,3,8,4,0
0.358,0.255,0.386,0,0.197,0,5,0.177,35.8,5,4,30,59,0,11395.96,77.2,0.452,3,8,7,0
0.626,0.285,0.089,1,0.502,2,3,0.459,62.6,1,12,100,18,1,16006.62,68.0,0.505,1,5,2,2
0.279,0.317,0.404,1,0.165,0,5,0.141,27.9,6,1,13,54,0,11414.1,77.2,0.325,3,8,7,0
0.951,0.046,0.003,1,1.0,5,0,0.988,95.1,0,4,52,21,1,44824.88,10.4,1.0,0,0,0,3
0.962,0.0,0.045,1,0.766,3,2,0.761,96.2,0,14,100,15,1,19452.14,61.1,0.88,0,2,2,3
0.349,0.309,0.342,0,0.274,1,4,0.229,34.9,5,1,27,10,1,22208.45,55.6,0.345,3,7,7,0
0.399,0.209,0.392,0,0.438,2,3,0.372,39.9,5,2,31,34,0,21718.34,56.6,0.318,3,6,7,0
0.898,0.043,0.059,1,1.0,5,0,0.966,89.8,0,10,100,9,1,13203.38,73.6,0.852,0,0,2,3
0.471,0.39,0.139,1,0.453,2,3,0.411,47.1,2,4,52,81,0,34625.24,30.7,0.299,2,5,2,1
0.814,0.142,0.044,1,0.824,4,1,0.727,81.4,0,7,88,16,1,45968.11,8.1,0.832,0,2,2,3
0.851,0.118,0.031,1,0.835,4,1,0.799,85.1,0,3,41,44,1,33463.21,33.1,0.72,0,2,2,3
0.853,0.133,0.014,1,0.818,4,1,0.677,85.3,0,14,100,14,1,23872.72,52.3,0.928,0,3,1,3
0.082,0.277,0.641,0,0.218,1,4,0.187,8.2,9,0,-8,17,1,6841.1,86.3,0.171,4,8,10,0
0.625,0.089,0.286,1,0.632,3,2,0.553,62.5,4,0,8,46,0,11198.13,77.6,0.638,1,4,5,1
0.32,0.548,0.133,1,0.423,2,3,0.367,32.0,1,4,50,37,0,14328.14,71.3,0.134,3,6,1,1
0.223,0.384,0.392,0,0.038,0,5,0.036,22.3,5,1,22,22,1,8157.24,83.7,0.232,3,9,6,0
0.867,0.102,0.031,1,0.782,3,2,0.769,86.7,0,13,100,17,1,27500.52,45.0,0.863,0,2,0,3
0.384,0.144,0.472,0,0.524,2,3,0.493,38.4,7,3,20,59,0,15727.88,68.5,0.206,3,5,9,0
0.701,0.245,0.054,1,0.645,3,2,0.617,70.1,0,10,100,18,1,21150.93,57.7,0.567,1,3,1,3
0.806,0.19,0.004,1,0.741,3,2,0.703,80.6,0,11,100,32,1,19871.66,60.3,0.788,0,2,1,3
0.345,0.302,0.353,0,0.259,1,4,0.257,34.5,5,2,16,53,0,13314.24,73.4,0.343,3,7,5,0
0.081,0.486,0.434,0,0.022,0,5,0.018,8.1,6,1,24,16,1,9305.05,81.4,0.154,4,9,7,0
0.539,0.3,0.161,0,0.348,1,4,0.344,53.9,2,0,1,24,1,30777.11,38.4,0.613,2,6,2,0
0.853,0.136,0.01,1,1.0,5,0,0.804,85.3,0,4,43,75,1,21186.61,57.6,0.831,0,1,1,3
0.754,0.221,0.025,1,0.796,3,2,0.715,75.4,0,11,100,48,1,14769.35,70.5,0.65,1,2,0,3
0.859,0.117,0.024,0,0.839,4,1,0.743,85.9,0,11,100,79,1,14742.41,70.5,0.76,0,2,1,1
0.665,0.23,0.106,1,0.618,3,2,0.578,66.5,1,4,43,21,1,21631.96,56.7,0.662,1,4,1,2
0.829,0.126,0.045,1,0.809,4,1,0.736,82.9,0,13,100,81,1,26359.32,47.3,0.869,0,2,0,3
0.654,0.294,0.052,1,0.512,2,3,0.475,65.4,0,5,59,89,1,25756.56,48.5,0.587,1,5,0,2
0.388,0.0,0.665,0,0.478,2,3,0.437,38.8,9,0,19,11,1,19349.01,61.3,0.305,3,5,9,0
0.939,0.025,0.036,1,0.964,4,1,0.959,93.9,0,11,100,8,1,39478.26,21.0,0.959,0,0,0,3
0.613,0.198,0.189,1,0.513,2,3,0.494,61.3,2,4,57,49,0,25068.25,49.9,0.469,1,5,3,2
0.429,0.365,0.205,0,0.624,3,2,0.503,42.9,3,2,14,53,0,18906.21,62.2,0.432,2,4,5,0
0.634,0.267,0.099,1,0.446,2,3,0.394,63.4,1,3,27,86,1,13787.07,72.4,0.512,1,6,2,2
0.946,0.026,0.028,1,0.836,4,1,0.754,94.6,0,5,50,59,1,49051.57,1.9,0.886,0,2,1,3
0.099,0.549,0.352,0,0.027,0,5,0.026,9.9,5,2,11,69,0,5231.22,89.5,0.0,4,9,7,0
0.621,0.305,0.074,1,0.545,2,3,0.531,62.1,1,10,100,82,1,10760.56,78.5,0.623,1,4,1,2
0.975,0.009,0.016,1,1.0,5,0,0.815,97.5,0,9,99,10,1,26031.56,47.9,1.0,0,1,0,3
0.73,0.201,0.069,1,0.648,3,2,0.6,73.0,1,9,96,32,1,21523.89,57.0,0.743,1,3,3,2
0.785,0.18,0.035,1,0.674,3,2,0.559,78.5,0,8,92,84,1,26067.93,47.9,0.722,1,4,1,3
0.805,0.193,0.003,1,0.988,4,1,0.845,80.5,0,13,100,9,1,20477.78,59.0,0.68,0,1,2,3
0.896,0.038,0.066,1,0.905,4,1,0.821,89.6,0,4,55,47,1,27619.67,44.8,0.792,0,1,2,3
0.695,0.253,0.052,1,0.728,3,2,0.604,69.5,0,10,100,45,1,30155.24,39.7,0.761,1,3,2,2
0.828,0.158,0.015,0,0.929,4,1,0.822,82.8,0,14,100,64,1,21999.58,56.0,0.876,0,1,0,1
0.86,0.093,0.047,1,0.72,3,2,0.588,86.0,0,10,100,17,1,33928.43,32.1,0.875,0,4,2,3
0.634,0.158,0.208,1,0.445,2,3,0.39,63.4,3,4,41,77,0,27468.87,45.1,0.642,1,6,3,1
0.823,0.14,0.037,1,1.0,5,0,0.806,82.3,0,10,91,85,1,31496.29,37.0,0.856,0,1,0,3
0.803,0.187,0.011,1,0.629,3,2,0.601,80.3,0,12,100,75,1,39351.08,21.3,0.835,0,3,2,2
0.625,0.348,0.027,1,0.687,3,2,0.569,62.5,0,12,100,37,1,15663.85,68.7,0.544,1,4,1,2
0.833,0.059,0.108,1,0.652,3,2,0.636,83.3,1,6,63,59,1,25708.41,48.6,0.808,0,3,1,3
0.882,0.099,0.019,1,0.801,4,1,0.665,88.2,0,4,50,7,1,25733.4,48.5,0.971,0,3,2,3
0.874,0.103,0.023,1,0.804,4,1,0.673,87.4,0,5,63,16,1,20262.11,59.5,0.802,0,3,2,3
0.352,0.411,0.237,0,0.292,1,4,0.239,35.2,3,2,14,56,0,18220.83,63.6,0.415,3,7,3,0
0.958,0.009,0.033,1,1.0,5,0,0.815,95.8,0,5,42,59,1,42287.2,15.4,1.0,0,1,0,3
0.905,0.049,0.046,1,1.0,5,0,0.969,90.5,0,13,100,43,1,16247.04,67.5,0.985,0,0,2,3
0.36,0.291,0.349,1,0.485,2,3,0.451,36.0,5,2,31,46,0,10213.87,79.6,0.41,3,5,5,1
0.751,0.17,0.079,1,0.564,2,3,0.538,75.1,1,14,100,71,1,32468.15,35.1,0.729,1,4,1,2
0.473,0.39,0.137,0,0.545,2,3,0.48,47.3,2,3,28,35,0,15619.01,68.8,0.457,2,5,4,0
0.786,0.068,0.145,1,0.967,4,1,0.877,78.6,2,12,100,67,1,10221.66,79.6,0.69,1,1,2,3
0.497,0.302,0.202,1,0.436,2,3,0.403,49.7,3,1,10,54,0,20818.77,58.4,0.404,2,5,3,1
0.977,0.01,0.012,1,1.0,5,0,0.892,97.7,0,7,62,86,1,43868.06,12.3,1.0,0,1,1,3
0.201,0.179,0.619,0,0.346,1,4,0.313,20.1,9,4,38,26,1,16104.57,67.8,0.232,3,6,10,0
0.849,0.149,0.002,1,1.0,5,0,0.868,84.9,0,7,70,28,1,41835.34,16.3,0.85,0,1,2,3
0.878,0.096,0.026,1,1.0,5,0,0.995,87.8,0,14,100,70,1,34618.61,30.8,0.792,0,0,2,2
0.162,0.518,0.32,0,0.046,0,5,0.04,16.2,4,3,35,25,1,14250.95,71.5,0.058,4,9,5,0
0.928,0.035,0.038,1,1.0,5,0,0.866,92.8,0,3,22,31,1,39134.01,21.7,1.0,0,1,0,3
0.396,0.143,0.461,0,0.268,1,4,0.218,39.6,6,3,37,81,0,12070.52,75.9,0.483,3,7,7,0
0.988,0.0,0.044,1,0.872,4,1,0.784,98.8,0,6,78,73,1,27628.24,44.7,1.0,0,2,1,3
0.895,0.096,0.009,1,1.0,5,0,0.83,89.5,0,11,100,43,1,18371.41,63.3,0.971,0,1,1,3
0.489,0.157,0.354,0,0.499,2,3,0.467,48.9,5,2,13,7,1,34208.99,31.6,0.486,2,5,7,0
0.733,0.184,0.083,1,0.693,3,2,0.618,73.3,1,12,100,70,1,21280.38,57.4,0.578,1,3,2,3
0.954,0.025,0.021,1,0.828,4,1,0.818,95.4,0,8,84,28,1,20017.26,60.0,0.805,0,1,0,3
0.072,0.527,0.401,0,0.128,0,5,0.128,7.2,6,2,23,63,0,13864.8,72.3,0.0,4,8,6,0
0.964,0.008,0.028,1,0.958,4,1,0.926,96.4,0,13,100,71,1,28878.87,42.2,1.0,0,0,1,3
0.336,0.483,0.182,1,0.477,2,3,0.456,33.6,2,1,13,81,0,26929.75,46.1,0.345,3,5,3,1
0.85,0.131,0.019,1,0.961,4,1,0.864,85.0,0,5,67,35,1,27926.56,44.1,0.917,0,1,0,3
0.7,0.259,0.042,1,0.548,2,3,0.535,70.0,0,9,100,19,1,17881.41,64.2,0.654,1,4,2,2
0.863,0.125,0.012,1,0.963,4,1,0.774,86.3,0,4,48,16,1,48265.46,3.5,0.878,0,2,2,3
0.724,0.231,0.045,1,0.57,2,3,0.496,72.4,0,7,73,22,1,10577.49,78.8,0.679,1,5,0,2
0.691,0.161,0.148,1,0.687,3,2,0.605,69.1,2,3,35,12,1,31456.99,37.1,0.55,1,3,4,2
0.551,0.325,0.124,1,0.371,1,4,0.338,55.1,1,1,10,7,1,17686.24,64.6,0.518,2,6,1,2
0.319,0.378,0.303,1,0.503,2,3,0.418,31.9,4,3,22,69,0,14818.59,70.4,0.21,3,5,5,1
0.381,0.325,0.293,1,0.186,0,5,0.169,38.1,4,4,30,71,0,19707.44,60.6,0.258,3,8,5,0
0.993,0.0,0.032,1,1.0,5,0,0.907,99.3,0,4,53,52,1,30344.66,39.3,0.813,0,0,1,3
0.88,0.071,0.049,1,0.818,4,1,0.715,88.0,0,7,67,35,1,39450.0,21.1,0.726,0,2,0,3
0.767,0.217,0.016,1,0.796,3,2,0.661,76.7,0,7,67,24,1,12571.22,74.9,0.696,1,3,2,2
0.878,0.085,0.037,1,1.0,5,0,0.98,87.8,0,10,97,57,1,20246.15,59.5,0.825,0,0,2,3
0.364,0.494,0.142,1,0.468,2,3,0.421,36.4,2,0,14,60,0,24205.7,51.6,0.283,3,5,2,1
0.766,0.127,0.107,1,0.656,3,2,0.595,76.6,1,12,100,34,1,30895.16,38.2,0.787,1,4,1,3
0.192,0.079,0.729,0,0.374,1,4,0.365,19.2,10,1,0,82,0,16097.32,67.8,0.153,4,6,12,0
0.891,0.091,0.018,1,0.943,4,1,0.881,89.1,0,9,83,27,1,25147.8,49.7,0.747,0,1,2,3
0.89,0.0,0.121,1,0.746,3,2,0.607,89.0,1,3,29,13,1,30701.37,38.6,0.891,0,3,1,3
0.494,0.255,0.25,0,0.53,2,3,0.471,49.4,3,2,37,74,0,18381.2,63.2,0.295,2,5,4,0
0.457,0.403,0.14,1,0.534,2,3,0.495,45.7,2,0,6,8,1,26744.68,46.5,0.338,2,5,2,1
0.754,0.107,0.14,1,0.78,3,2,0.762,75.4,2,3,35,58,1,16159.28,67.7,0.672,1,2,4,2
0.863,0.126,0.011,1,0.901,4,1,0.733,86.3,0,5,57,47,1,46243.72,7.5,0.814,0,2,0,3
0.467,0.174,0.359,0,0.423,2,3,0.365,46.7,5,4,39,24,1,15819.31,68.4,0.544,2,6,5,0
0.605,0.288,0.107,1,0.505,2,3,0.416,60.5,1,0,-3,89,0,30559.78,38.9,0.529,1,5,3,2
0.328,0.272,0.4,0,0.314,1,4,0.278,32.8,6,1,27,77,0,6130.16,87.7,0.412,3,7,8,0
0.74,0.246,0.014,1,0.571,2,3,0.464,74.0,0,4,47,19,1,10193.26,79.6,0.667,1,5,1,2
0.331,0.508,0.162,1,0.454,2,3,0.405,33.1,2,4,49,85,0,17272.67,65.5,0.408,3,5,3,1
0.849,0.117,0.033,1,0.779,3,2,0.702,84.9,0,10,94,13,1,33728.74,32.5,0.803,0,2,1,3
0.892,0.102,0.006,1,0.865,4,1,0.714,89.2,0,12,100,84,1,26821.45,46.4,0.713,0,2,0,3
0.968,0.014,0.018,1,1.0,5,0,0.897,96.8,0,3,35,22,1,19814.32,60.4,1.0,0,1,2,3
0.726,0.212,0.063,0,0.699,3,2,0.653,72.6,0,8,93,59,1,13317.05,73.4,0.769,1,3,0,1
0.515,0.265,0.221,1,0.558,2,3,0.464,51.5,3,2,14,39,0,20283.07,59.4,0.495,2,5,4,1
0.663,0.313,0.024,0,0.686,3,2,0.624,66.3,0,8,94,68,1,16477.46,67.0,0.566,1,3,0,1
0.604,0.16,0.236,1,0.712,3,2,0.665,60.4,3,0,-10,9,1,24499.58,51.0,0.476,1,3,3,2
0.93,0.061,0.009,1,0.751,3,2,0.703,93.0,0,14,100,22,1,34693.34,30.6,0.755,0,2,2,3
0.403,0.327,0.27,1,0.284,1,4,0.231,40.3,4,3,38,76,0,21713.67,56.6,0.463,2,7,6,1
0.812,0.159,0.029,1,0.721,3,2,0.697,81.2,0,4,47,88,1,12498.42,75.0,0.876,0,3,0,3
0.746,0.199,0.055,1,0.925,4,1,0.748,74.6,0,9,80,14,1,12151.36,75.7,0.563,1,2,1,3
0.861,0.105,0.035,1,0.664,3,2,0.556,86.1,0,7,84,72,1,30589.19,38.8,0.767,0,4,2,3
0.955,0.041,0.004,1,1.0,5,0,0.894,95.5,0,6,60,22,1,38475.18,23.0,0.826,0,1,1,3
0.061,0.593,0.346,0,0.0,0,5,0.0,6.1,5,0,-1,79,0,7110.62,85.8,0.144,4,10,5,0
0.546,0.346,0.108,1,0.555,2,3,0.449,54.6,1,0,-6,47,0,26748.16,46.5,0.487,2,5,2,1
0.098,0.552,0.35,0,0.0,0,5,0.0,9.8,5,2,15,32,0,11002.18,78.0,0.076,4,10,6,0
0.524,0.176,0.301,0,0.51,2,3,0.414,52.4,4,2,35,29,1,31654.72,36.7,0.588,2,5,4,0
0.775,0.203,0.022,1,0.873,4,1,0.856,77.5,0,4,51,35,1,30679.67,38.6,0.776,1,1,1,3
0.239,0.177,0.585,0,0.244,1,4,0.225,23.9,8,0,9,40,0,19263.67,61.5,0.101,3,7,10,0
0.749,0.116,0.135,1,0.694,3,2,0.646,74.9,2,7,74,81,1,16733.65,66.5,0.795,1,3,3,2
0.942,0.037,0.021,1,1.0,5,0,1.0,94.2,0,14,100,24,1,28073.27,43.9,0.766,0,0,0,3
0.712,0.177,0.111,1,0.684,3,2,0.603,71.2,1,7,81,37,1,17880.25,64.2,0.732,1,3,3,2
0.19,0.134,0.676,0,0.338,1,4,0.296,19.0,10,0,-7,74,0,16239.36,67.5,0.082,4,7,12,0
0.698,0.259,0.043,1,0.53,2,3,0.436,69.8,0,14,100,13,1,22846.43,54.3,0.501,1,5,0,2
0.753,0.215,0.032,1,0.945,4,1,0.77,75.3,0,13,100,63,1,19467.66,61.1,0.799,1,2,1,3
0.517,0.192,0.291,1,0.491,2,3,0.411,51.7,4,3,32,79,0,34877.38,30.2,0.371,2,5,6,1
0.374,0.18,0.446,0,0.287,1,4,0.276,37.4,6,3,29,32,0,17522.99,65.0,0.365,3,7,7,0
0.893,0.059,0.048,1,0.772,3,2,0.757,89.3,0,5,62,41,1,33378.07,33.2,0.859,0,2,0,3
0.995,0.0,0.048,1,1.0,5,0,0.959,99.5,0,7,72,57,1,34023.91,32.0,0.937,0,0,0,3
0.376,0.282,0.342,0,0.495,2,3,0.423,37.6,5,4,52,83,0,28946.16,42.1,0.368,3,5,7,0
0.836,0.124,0.04,1,0.893,4,1,0.834,83.6,0,6,69,11,1,31310.12,37.4,0.827,0,1,1,3
0.547,0.283,0.17,0,0.347,1,4,0.32,54.7,2,2,31,30,1,22150.09,55.7,0.469,2,6,4,0
0.686,0.0,0.381,1,0.854,4,1,0.76,68.6,5,4,59,7,1,20042.74,59.9,0.63,1,2,6,2
0.559,0.223,0.218,1,0.698,3,2,0.592,55.9,3,3,33,75,0,25637.42,48.7,0.477,2,4,3,2
0.668,0.274,0.057,1,0.499,2,3,0.459,66.8,0,12,100,88,1,11691.84,76.6,0.767,1,5,1,2
0.305,0.544,0.151,1,0.114,0,5,0.096,30.5,2,0,17,13,1,26725.28,46.5,0.216,3,9,4,1
0.996,0.003,0.001,1,1.0,5,0,0.868,99.6,0,4,54,87,1,21675.06,56.6,1.0,0,1,1,3
0.606,0.289,0.105,1,0.548,2,3,0.476,60.6,1,2,32,74,0,10084.47,79.8,0.622,1,5,2,2
0.526,0.306,0.168,1,0.331,1,4,0.297,52.6,2,1,11,30,1,19533.4,60.9,0.555,2,7,2,1
0.88,0.104,0.016,1,1.0,5,0,0.81,88.0,0,3,27,9,1,15371.26,69.3,0.938,0,1,0,3
0.161,0.446,0.393,0,0.232,1,4,0.209,16.1,5,0,-10,16,1,11351.25,77.3,0.238,4,7,7,0
0.812,0.049,0.138,1,0.846,4,1,0.829,81.2,2,13,100,82,1,10814.46,78.4,0.724,0,1,2,3
0.696,0.283,0.022,1,0.61,3,2,0.517,69.6,0,11,100,9,1,27111.23,45.8,0.683,1,4,1,2
0.839,0.114,0.047,1,0.739,3,2,0.7,83.9,0,13,100,33,1,27468.1,45.1,0.676,0,2,1,2
0.577,0.097,0.326,0,0.537,2,3,0.481,57.7,4,1,5,89,0,25659.11,48.7,0.51,2,5,5,0
0.649,0.339,0.011,1,0.814,4,1,0.726,64.9,0,5,45,83,1,28117.74,43.8,0.583,1,2,0,2
0.807,0.158,0.035,1,0.616,3,2,0.599,80.7,0,14,100,54,1,16207.28,67.6,0.705,0,4,1,3
0.802,0.188,0.01,1,1.0,4,1,0.898,80.2,0,8,70,12,1,46301.75,7.4,0.672,0,1,1,3
0.668,0.021,0.311,1,0.619,3,2,0.607,66.8,4,4,45,61,0,19154.92,61.7,0.651,1,3,4,2
0.913,0.084,0.004,1,0.974,4,1,0.882,91.3,0,4,48,58,1,27013.7,46.0,0.829,0,1,0,3
0.627,0.315,0.058,1,0.503,2,3,0.403,62.7,0,11,100,69,1,32981.93,34.0,0.589,1,5,2,2
0.601,0.113,0.286,1,0.478,2,3,0.412,60.1,4,4,42,69,0,32234.66,35.5,0.471,1,5,4,1
0.866,0.079,0.055,1,0.758,3,2,0.691,86.6,0,11,100,62,1,12627.98,74.7,0.773,0,3,2,3
0.276,0.16,0.564,0,0.402,2,3,0.345,27.6,8,0,-2,66,0,15619.71,68.8,0.095,3,6,10,0
0.846,0.135,0.02,1,0.753,3,2,0.751,84.6,0,9,91,54,1,46893.58,6.2,0.674,0,2,1,3
0.857,0.11,0.033,1,0.871,4,1,0.8,85.7,0,10,100,52,1,32112.76,35.8,0.857,0,1,1,3
0.941,0.021,0.038,1,0.838,4,1,0.699,94.1,0,3,38,85,1,17195.26,65.6,0.846,0,3,2,3
0.979,0.0,0.046,1,1.0,5,0,0.905,97.9,0,4,50,13,1,22479.95,55.0,0.86,0,0,1,3
0.697,0.28,0.023,1,0.846,4,1,0.773,69.7,0,5,42,19,1,14174.35,71.7,0.669,1,2,0,3
0.838,0.049,0.113,1,0.798,3,2,0.671,83.8,1,8,92,42,1,22595.48,54.8,0.775,0,3,1,3
0.244,0.424,0.333,0,0.045,0,5,0.042,24.4,4,2,21,7,1,13544.91,72.9,0.241,3,9,6,0
0.822,0.173,0.004,1,0.64,3,2,0.581,82.2,0,11,100,45,1,49557.06,0.9,0.838,0,4,1,3
0.899,0.0,0.147,1,0.881,4,1,0.786,89.9,2,5,64,64,1,16839.61,66.3,0.977,0,2,3,3
0.895,0.069,0.036,1,0.83,4,1,0.768,89.5,0,10,100,66,1,45854.47,8.3,0.729,0,2,1,3
0.644,0.18,0.176,1,0.511,2,3,0.45,64.4,2,3,35,10,1,32433.47,35.1,0.531,1,5,4,2
0.962,0.0,0.041,1,0.84,4,1,0.696,96.2,0,3,24,71,1,42096.67,15.8,0.834,0,3,2,3
0.458,0.147,0.395,0,0.409,2,3,0.352,45.8,5,1,24,54,0,31839.85,36.3,0.413,2,6,7,0
0.739,0.121,0.14,1,0.7,3,2,0.651,73.9,2,11,100,30,1,34744.36,30.5,0.629,1,3,2,3
0.801,0.189,0.01,1,0.837,4,1,0.697,80.1,0,9,95,19,1,47550.94,4.9,0.636,0,3,1,3
0.835,0.13,0.034,1,0.848,4,1,0.692,83.5,0,13,100,30,1,19264.37,61.5,0.8,0,3,2,2
0.348,0.43,0.223,0,0.232,1,4,0.206,34.8,3,2,31,49,0,23742.11,52.5,0.171,3,7,3,0
0.342,0.358,0.3,0,0.15,0,5,0.143,34.2,4,1,10,16,1,15605.51,68.8,0.212,3,8,5,0
0.857,0.102,0.041,1,0.887,4,1,0.718,85.7,0,12,100,84,1,33067.37,33.9,0.77,0,2,1,3
0.403,0.272,0.325,0,0.374,1,4,0.329,40.3,4,3,34,21,1,21789.56,56.4,0.437,2,6,5,0
0.038,0.643,0.319,0,0.169,0,5,0.145,3.8,4,2,23,73,0,19786.6,60.4,0.035,4,8,6,0
0.939,0.044,0.017,1,1.0,5,0,0.933,93.9,0,8,76,20,1,37119.37,25.8,0.924,0,0,1,3
0.448,0.423,0.129,0,0.608,3,2,0.605,44.8,1,2,35,54,0,24057.04,51.9,0.531,2,3,1,0
0.251,0.082,0.666,0,0.34,1,4,0.294,25.1,9,1,2,87,0,18187.72,63.6,0.216,3,7,11,0
0.938,0.051,0.011,1,0.984,4,1,0.959,93.8,0,5,56,26,1,32289.12,35.4,0.821,0,0,1,3
0.73,0.253,0.017,1,0.859,4,1,0.839,73.0,0,10,100,24,1,18609.28,62.8,0.73,1,1,2,3
0.813,0.129,0.057,1,0.724,3,2,0.609,81.3,0,4,53,66,1,24366.05,51.3,0.638,0,3,0,3
0.524,0.298,0.177,0,0.617,3,2,0.53,52.4,2,4,37,43,0,32296.88,35.4,0.514,2,4,2,0
0.826,0.164,0.01,1,0.811,4,1,0.747,82.6,0,9,88,9,1,28048.1,43.9,0.858,0,2,0,3
0.653,0.248,0.099,1,0.815,4,1,0.689,65.3,1,12,100,79,1,21461.69,57.1,0.46,1,3,3,2
0.394,0.012,0.594,0,0.42,2,3,0.342,39.4,8,4,39,12,1,18608.61,62.8,0.456,3,6,9,0
0.632,0.171,0.197,1,0.705,3,2,0.614,63.2,2,4,49,87,0,29934.33,40.1,0.547,1,3,2,2
0.439,0.313,0.248,1,0.293,1,4,0.244,43.9,3,2,23,30,1,31360.57,37.3,0.416,2,7,3,1
0.572,0.061,0.367,0,0.401,2,3,0.347,57.2,5,1,3,14,1,15531.75,68.9,0.431,2,6,6,0
0.829,0.161,0.01,1,0.727,3,2,0.718,82.9,0,6,53,34,1,29286.76,41.4,0.708,0,2,0,3
0.956,0.0,0.044,1,1.0,5,0,0.848,95.6,0,7,72,31,1,45151.62,9.7,0.855,0,1,1,3
0.131,0.125,0.744,0,0.093,0,5,0.075,13.1,11,4,49,63,0,8783.28,82.4,0.194,4,9,11,0
0.536,0.322,0.143,0,0.554,2,3,0.47,53.6,2,3,32,83,0,12895.12,74.2,0.436,2,5,3,0
0.624,0.048,0.328,1,0.639,3,2,0.519,62.4,4,4,44,8,1,24345.69,51.3,0.504,1,4,5,2
0.518,0.236,0.246,0,0.606,3,2,0.591,51.8,3,4,41,29,1,32988.13,34.0,0.406,2,4,4,0
0.246,0.029,0.725,0,0.142,0,5,0.141,24.6,10,4,51,69,0,8311.97,83.4,0.261,3,8,10,0
0.622,0.301,0.077,1,0.801,4,1,0.658,62.2,1,5,40,73,1,32257.81,35.5,0.647,1,3,3,2
0.845,0.119,0.036,1,0.857,4,1,0.723,84.5,0,4,44,28,1,26357.67,47.3,0.902,0,2,2,3
0.688,0.244,0.069,1,0.582,2,3,0.562,68.8,1,8,76,72,1,27409.4,45.2,0.521,1,4,2,2
0.901,0.064,0.035,1,0.999,4,1,0.85,90.1,0,10,100,40,1,22356.48,55.3,0.961,0,1,0,3
0.91,0.071,0.019,1,1.0,5,0,0.917,91.0,0,4,48,74,1,45211.56,9.6,0.818,0,0,2,3
0.83,0.141,0.028,1,0.936,4,1,0.891,83.0,0,11,100,88,1,41513.44,17.0,0.883,0,1,1,3
0.699,0.071,0.23,0,0.644,3,2,0.531,69.9,3,1,9,56,0,11334.39,77.3,0.705,1,4,4,0
0.337,0.544,0.119,0,0.366,1,4,0.363,33.7,1,2,21,65,0,23816.71,52.4,0.33,3,6,2,0
0.873,0.121,0.006,1,0.73,3,2,0.714,87.3,0,7,64,35,1,31877.43,36.2,0.885,0,2,0,3
0.964,0.0,0.043,1,0.98,4,1,0.848,96.4,0,5,64,33,1,28672.42,42.7,0.905,0,1,2,3
0.613,0.305,0.081,0,0.725,3,2,0.627,61.3,1,12,100,57,1,13963.54,72.1,0.533,1,3,2,0
0.699,0.0,0.348,1,0.874,4,1,0.759,69.9,5,0,5,70,0,30752.92,38.5,0.703,1,2,7,1
0.503,0.239,0.258,1,0.455,2,3,0.447,50.3,3,1,22,57,0,17264.48,65.5,0.595,2,5,4,1
0.274,0.273,0.453,0,0.243,1,4,0.242,27.4,6,0,10,73,0,19468.7,61.1,0.218,3,7,7,0
0.939,0.043,0.018,1,1.0,5,0,0.995,93.9,0,8,87,43,1,25412.97,49.2,0.915,0,0,2,3
0.327,0.497,0.176,0,0.344,1,4,0.316,32.7,2,1,9,17,1,30855.96,38.3,0.27,3,6,4,0
0.795,0.198,0.008,1,0.935,4,1,0.925,79.5,0,14,100,64,1,16237.09,67.5,0.649,1,0,0,3
0.317,0.0,0.742,0,0.224,1,4,0.185,31.7,11,0,-1,49,0,5513.82,89.0,0.199,3,8,12,0
0.87,0.014,0.116,1,0.73,3,2,0.635,87.0,1,9,81,21,1,13030.67,73.9,0.838,0,3,3,3
0.679,0.286,0.035,1,0.716,3,2,0.651,67.9,0,10,100,14,1,18150.59,63.7,0.673,1,3,1,3
0.894,0.0,0.121,1,0.838,4,1,0.725,89.4,1,3,33,89,1,21787.91,56.4,0.976,0,2,2,3
0.922,0.062,0.017,1,1.0,5,0,0.858,92.2,0,12,100,32,1,45763.21,8.5,1.0,0,1,2,3
0.266,0.042,0.692,1,0.216,1,4,0.18,26.6,10,4,42,69,0,13973.03,72.1,0.183,3,8,12,0
0.708,0.188,0.104,0,0.638,3,2,0.551,70.8,1,5,58,79,1,25833.18,48.3,0.715,1,4,1,0
0.724,0.22,0.056,1,0.55,2,3,0.536,72.4,0,8,71,62,1,24170.48,51.7,0.804,1,4,1,2
0.625,0.297,0.079,1,0.646,3,2,0.596,62.5,1,14,100,75,1,24659.6,50.7,0.615,1,4,3,2
0.959,0.006,0.035,1,0.813,4,1,0.784,95.9,0,7,87,18,1,24051.66,51.9,0.857,0,2,2,3
0.901,0.067,0.033,1,0.867,4,1,0.803,90.1,0,9,88,50,1,45891.64,8.2,0.767,0,1,2,3
0.732,0.148,0.119,1,0.871,4,1,0.751,73.2,1,7,83,32,1,28225.94,43.5,0.605,1,2,2,3
0.982,0.0,0.048,1,1.0,5,0,0.981,98.2,0,8,92,49,1,15227.08,69.5,0.994,0,0,2,3
0.555,0.121,0.324,1,0.614,3,2,0.61,55.5,4,4,53,71,0,25528.36,48.9,0.477,2,3,5,1
0.893,0.069,0.037,1,0.764,3,2,0.613,89.3,0,4,46,28,1,32730.95,34.5,0.96,0,3,0,3
0.666,0.112,0.222,0,0.505,2,3,0.485,66.6,3,3,36,88,0,10420.83,79.2,0.584,1,5,3,0
0.473,0.41,0.117,1,0.575,2,3,0.508,47.3,1,4,55,43,0,15048.52,69.9,0.319,2,4,2,2
0.885,0.104,0.011,1,0.895,4,1,0.809,88.5,0,6,51,74,1,11019.33,78.0,0.886,0,1,1,3
0.101,0.445,0.455,0,0.0,0,5,0.0,10.1,6,3,49,27,1,18628.9,62.7,0.024,4,10,7,0
0.603,0.346,0.051,1,0.75,3,2,0.68,60.3,0,4,51,62,1,24762.75,50.5,0.448,1,3,0,2
0.543,0.245,0.212,1,0.603,3,2,0.598,54.3,3,0,6,58,0,27868.06,44.3,0.5,2,4,3,1
0.539,0.227,0.233,1,0.456,2,3,0.43,53.9,3,4,57,83,0,17515.51,65.0,0.538,2,5,3,1
0.805,0.136,0.059,1,0.707,3,2,0.588,80.5,0,7,83,34,1,33444.81,33.1,0.853,0,4,0,3
0.882,0.076,0.042,1,0.745,3,2,0.599,88.2,0,13,100,23,1,38617.88,22.8,0.908,0,4,0,3
0.613,0.261,0.126,1,0.692,3,2,0.585,61.3,1,10,94,78,1,14232.16,71.5,0.632,1,4,3,2
0.527,0.288,0.185,0,0.653,3,2,0.546,52.7,2,0,11,57,0,20609.42,58.8,0.49,2,4,4,0
0.808,0.171,0.022,1,0.761,3,2,0.707,80.8,0,6,76,18,1,22431.25,55.1,0.63,0,2,1,3
0.862,0.109,0.029,1,1.0,5,0,0.93,86.2,0,11,100,20,1,32241.34,35.5,0.772,0,0,0,3
0.892,0.105,0.003,1,1.0,5,0,0.909,89.2,0,4,30,24,1,19076.2,61.8,0.956,0,0,2,3
0.747,0.122,0.131,1,0.739,3,2,0.728,74.7,1,3,45,19,1,14442.61,71.1,0.783,1,2,2,2
0.766,0.139,0.095,1,0.838,4,1,0.689,76.6,1,12,100,47,1,17908.05,64.2,0.615,1,3,3,3
0.79,0.152,0.057,1,0.916,4,1,0.737,79.0,0,12,100,60,1,34633.94,30.7,0.701,1,2,2,3
0.905,0.078,0.016,1,0.915,4,1,0.753,90.5,0,11,100,43,1,47111.12,5.8,0.923,0,2,2,3
0.601,0.323,0.077,1,0.748,3,2,0.614,60.1,1,13,100,44,1,13885.83,72.2,0.622,1,3,2,2
0.158,0.043,0.798,0,0.34,1,4,0.283,15.8,11,0,-9,17,1,15964.43,68.1,0.213,4,7,11,0
0.632,0.266,0.102,0,0.674,3,2,0.552,63.2,1,3,46,79,0,31313.08,37.4,0.619,1,4,2,0
0.996,0.0,0.033,1,1.0,5,0,0.922,99.6,0,5,68,63,1,25185.24,49.6,0.814,0,0,2,3
0.889,0.079,0.032,1,0.93,4,1,0.929,88.9,0,12,100,30,1,18654.63,62.7,0.847,0,0,2,3
0.229,0.303,0.468,0,0.159,0,5,0.128,22.9,7,4,42,73,0,18549.72,62.9,0.174,3,8,7,0
0.82,0.095,0.085,1,0.678,3,2,0.625,82.0,1,12,100,67,1,19890.44,60.2,0.774,0,3,3,3
0.139,0.149,0.711,0,0.055,0,5,0.054,13.9,10,0,6,65,0,19648.81,60.7,0.224,4,9,11,0
0.13,0.554,0.315,0,0.088,0,5,0.087,13.0,4,1,6,16,1,15296.16,69.4,0.066,4,9,5,0
0.306,0.0,0.718,0,0.405,2,3,0.367,30.6,10,2,11,8,1,16878.11,66.2,0.246,3,6,11,0
0.811,0.072,0.118,1,0.936,4,1,0.842,81.1,1,4,45,40,1,14278.54,71.4,0.86,0,1,2,3
0.944,0.052,0.004,1,0.902,4,1,0.815,94.4,0,6,60,85,1,27927.6,44.1,0.94,0,1,2,3
0.094,0.435,0.471,0,0.0,0,5,0.0,9.4,7,0,18,20,1,8093.42,83.8,0.037,4,10,9,0
0.543,0.14,0.317,0,0.578,2,3,0.52,54.3,4,4,44,54,0,30036.33,39.9,0.538,2,4,5,0
0.891,0.096,0.013,1,0.854,4,1,0.802,89.1,0,8,73,29,1,36722.29,26.6,0.92,0,1,2,3
0.806,0.191,0.002,1,0.922,4,1,0.836,80.6,0,14,100,33,1,31126.18,37.7,0.675,0,1,0,3
0.84,0.12,0.04,1,0.812,4,1,0.811,84.0,0,13,100,53,1,17640.16,64.7,0.891,0,1,0,3
0.35,0.0,0.738,0,0.249,1,4,0.218,35.0,11,1,22,85,0,7307.4,85.4,0.223,3,7,13,0
0.59,0.166,0.243,1,0.655,3,2,0.581,59.0,3,0,5,88,0,23184.33,53.6,0.463,2,4,4,1
0.857,0.009,0.134,1,0.947,4,1,0.862,85.7,2,13,100,89,1,32707.22,34.6,0.782,0,1,4,3
0.474,0.404,0.122,1,0.472,2,3,0.433,47.4,1,4,38,41,0,31438.66,37.1,0.428,2,5,3,1
0.18,0.473,0.347,0,0.092,0,5,0.079,18.0,5,3,37,47,0,12600.16,74.8,0.155,4,9,7,0
0.747,0.173,0.081,1,0.684,3,2,0.571,74.7,1,8,96,67,1,30797.8,38.4,0.774,1,4,2,2
0.722,0.198,0.08,1,0.806,4,1,0.711,72.2,1,14,100,14,1,20717.9,58.6,0.545,1,2,1,3
0.814,0.141,0.045,1,0.726,3,2,0.712,81.4,0,8,73,47,1,19591.48,60.8,0.791,0,2,2,3
0.342,0.0,0.753,0,0.472,2,3,0.448,34.2,11,4,45,46,0,18271.35,63.5,0.301,3,5,12,0
0.482,0.21,0.308,1,0.45,2,3,0.441,48.2,4,0,6,37,0,17115.75,65.8,0.416,2,5,6,1
0.473,0.314,0.214,1,0.598,2,3,0.514,47.3,3,4,48,29,1,16715.45,66.6,0.443,2,4,5,1
0.881,0.0,0.122,1,0.836,4,1,0.781,88.1,1,14,100,49,1,28594.52,42.8,0.858,0,2,3,3
0.892,0.024,0.084,1,0.784,3,2,0.723,89.2,1,8,86,26,1,26545.73,46.9,0.712,0,2,2,3
0.973,0.013,0.014,1,0.835,4,1,0.743,97.3,0,4,54,55,1,48825.22,2.3,0.881,0,2,1,3
0.808,0.145,0.048,1,0.873,4,1,0.863,80.8,0,12,100,88,1,46052.15,7.9,0.837,0,1,2,3
0.838,0.028,0.133,1,0.997,4,1,0.899,83.8,2,12,100,65,1,11580.61,76.8,0.877,0,1,4,3
0.366,0.522,0.112,0,0.347,1,4,0.295,36.6,1,1,20,40,0,22878.44,54.2,0.384,3,7,3,1
0.827,0.135,0.038,1,0.874,4,1,0.843,82.7,0,11,100,61,1,48540.0,2.9,0.652,0,1,1,3
0.996,0.0,0.024,1,0.861,4,1,0.723,99.6,0,9,100,11,1,36275.79,27.4,1.0,0,2,1,3
0.848,0.049,0.103,1,0.743,3,2,0.705,84.8,1,5,60,9,1,30048.66,39.9,0.857,0,2,3,2
0.56,0.267,0.173,1,0.399,1,4,0.372,56.0,2,3,35,64,0,15329.46,69.3,0.547,2,6,3,1
0.369,0.468,0.163,1,0.268,1,4,0.261,36.9,2,4,46,34,0,31141.08,37.7,0.365,3,7,3,1
0.385,0.346,0.269,1,0.421,2,3,0.366,38.5,4,3,39,37,0,23081.45,53.8,0.431,3,6,6,1
0.885,0.11,0.005,1,1.0,5,0,0.902,88.5,0,12,100,22,1,27684.43,44.6,0.909,0,0,1,3
0.563,0.11,0.327,0,0.496,2,3,0.407,56.3,4,4,50,11,1,26535.05,46.9,0.46,2,5,5,0
0.702,0.171,0.127,1,0.835,4,1,0.685,70.2,1,13,100,75,1,23078.9,53.8,0.566,1,3,2,3
0.229,0.185,0.585,1,0.24,1,4,0.198,22.9,8,3,28,58,0,12699.4,74.6,0.055,3,8,8,0
0.944,0.052,0.004,1,0.834,4,1,0.779,94.4,0,14,100,80,1,43435.79,13.1,0.912,0,2,0,3
0.95,0.008,0.043,1,0.891,4,1,0.812,95.0,0,11,100,82,1,20018.15,60.0,0.862,0,1,0,3
0.892,0.076,0.032,1,0.733,3,2,0.719,89.2,0,6,78,70,1,42805.44,14.4,0.768,0,2,1,3
0.818,0.148,0.034,1,1.0,5,0,0.86,81.8,0,11,100,46,1,41148.02,17.7,0.687,0,1,1,3
0.333,0.0,0.725,0,0.274,1,4,0.223,33.3,10,2,25,57,0,5522.99,89.0,0.16,3,7,11,0
0.198,0.322,0.48,0,0.286,1,4,0.243,19.8,7,1,2,73,0,8318.53,83.4,0.156,4,7,8,0
0.897,0.074,0.029,1,0.756,3,2,0.654,89.7,0,7,83,36,1,36566.27,26.9,0.77,0,3,2,3
0.913,0.052,0.035,1,1.0,5,0,0.944,91.3,0,8,72,44,1,35875.96,28.2,0.904,0,0,2,3
0.82,0.145,0.035,1,0.679,3,2,0.612,82.0,0,6,64,25,1,25280.22,49.4,0.856,0,3,2,2
0.923,0.042,0.035,1,0.841,4,1,0.765,92.3,0,5,57,36,1,36955.25,26.1,0.769,0,2,1,3
0.707,0.177,0.116,1,0.68,3,2,0.675,70.7,1,8,75,83,1,26644.31,46.7,0.75,1,3,3,2
0.712,0.216,0.072,1,0.784,3,2,0.662,71.2,1,8,97,41,1,17650.38,64.7,0.571,1,3,3,2
0.49,0.389,0.121,0,0.407,2,3,0.35,49.0,1,4,45,12,1,17100.72,65.8,0.298,2,6,3,0
0.842,0.15,0.008,1,0.861,4,1,0.797,84.2,0,9,80,43,1,31383.57,37.2,0.864,0,2,1,3
0.829,0.14,0.031,1,0.661,3,2,0.621,82.9,0,4,55,37,1,45171.78,9.7,0.813,0,3,2,2
0.215,0.023,0.762,0,0.404,2,3,0.334,21.5,11,2,24,72,0,6366.0,87.3,0.19,3,6,13,0
0.828,0.056,0.116,1,0.715,3,2,0.63,82.8,1,4,47,80,1,11973.67,76.1,0.789,0,3,3,2
0.502,0.216,0.282,0,0.614,3,2,0.592,50.2,4,1,21,44,0,20665.63,58.7,0.403,2,4,5,0
0.805,0.147,0.048,1,0.929,4,1,0.882,80.5,0,6,53,16,1,28536.96,42.9,0.874,0,1,0,3
0.521,0.284,0.196,1,0.518,2,3,0.503,52.1,2,0,-1,8,1,16193.4,67.6,0.443,2,4,4,1
0.636,0.33,0.033,1,0.58,2,3,0.51,63.6,0,6,79,60,1,21524.49,57.0,0.566,1,4,2,2
0.86,0.11,0.031,1,0.755,3,2,0.675,86.0,0,6,54,29,1,43615.39,12.8,0.84,0,3,0,3
0.764,0.226,0.009,1,0.896,4,1,0.727,76.4,0,8,79,81,1,32243.12,35.5,0.683,1,2,2,3
0.93,0.049,0.021,1,0.957,4,1,0.87,93.0,0,14,100,60,1,29050.79,41.9,0.846,0,1,1,2
0.308,0.0,0.733,1,0.374,1,4,0.335,30.8,10,1,23,16,1,7855.28,84.3,0.213,3,6,12,0
0.406,0.27,0.325,0,0.304,1,4,0.244,40.6,4,0,10,44,0,29808.77,40.4,0.283,2,7,5,0
0.732,0.163,0.105,1,0.578,2,3,0.552,73.2,1,7,79,87,1,21734.55,56.5,0.796,1,4,2,2
0.815,0.179,0.006,1,0.809,4,1,0.699,81.5,0,13,100,66,1,11122.14,77.8,0.663,0,3,0,2
0.382,0.421,0.197,0,0.454,2,3,0.388,38.2,2,0,10,28,1,21998.91,56.0,0.471,3,6,3,0
0.827,0.14,0.033,1,0.767,3,2,0.732,82.7,0,9,96,89,1,18326.87,63.3,0.801,0,2,1,3
0.882,0.069,0.049,1,0.833,4,1,0.773,88.2,0,14,100,38,1,33879.86,32.2,0.831,0,2,1,3
0.353,0.142,0.505,0,0.365,1,4,0.319,35.3,7,2,32,47,0,7117.13,85.8,0.269,3,6,9,0
0.87,0.097,0.032,1,0.725,3,2,0.59,87.0,0,10,90,52,1,15789.66,68.4,0.715,0,4,2,3
0.303,0.124,0.573,0,0.448,2,3,0.447,30.3,8,2,39,25,1,19011.15,62.0,0.263,3,5,9,0
0.829,0.159,0.011,1,0.672,3,2,0.557,82.9,0,8,76,39,1,17540.64,64.9,0.631,0,4,2,2
0.839,0.08,0.081,1,0.717,3,2,0.716,83.9,1,12,100,57,1,15749.74,68.5,0.824,0,2,2,3
0.783,0.154,0.063,0,0.977,4,1,0.853,78.3,0,10,99,52,1,32139.62,35.7,0.739,1,1,0,1
0.425,0.298,0.277,0,0.523,2,3,0.483,42.5,4,3,41,40,0,18279.41,63.4,0.523,2,5,6,0
0.843,0.144,0.013,1,0.677,3,2,0.56,84.3,0,6,52,21,1,22874.7,54.3,0.787,0,4,1,2
0.88,0.084,0.036,1,1.0,5,0,0.815,88.0,0,9,93,64,1,22638.54,54.7,0.889,0,1,2,3
0.828,0.152,0.02,1,0.658,3,2,0.598,82.8,0,7,77,11,1,30446.35,39.1,0.646,0,4,1,3
0.58,0.306,0.114,0,0.658,3,2,0.631,58.0,1,0,0,56,0,29734.4,40.5,0.594,2,3,3,0
0.793,0.146,0.061,1,0.871,4,1,0.862,79.3,0,11,100,86,1,25045.17,49.9,0.632,1,1,2,3
0.196,0.194,0.61,0,0.079,0,5,0.069,19.6,9,1,5,72,0,16009.05,68.0,0.273,4,9,9,0
0.362,0.331,0.307,1,0.418,2,3,0.386,36.2,4,2,13,58,0,25051.24,49.9,0.36,3,6,4,1
0.956,0.0,0.046,1,1.0,5,0,0.916,95.6,0,5,49,18,1,30689.7,38.6,0.785,0,0,2,3
0.914,0.074,0.012,1,1.0,5,0,0.971,91.4,0,7,72,58,1,20715.21,58.6,0.993,0,0,2,3
0.85,0.107,0.043,1,0.849,4,1,0.78,85.0,0,6,77,32,1,27702.99,44.6,0.895,0,2,0,3
0.834,0.131,0.035,1,0.692,3,2,0.663,83.4,0,14,100,63,1,30925.06,38.1,0.93,0,3,0,3
0.71,0.179,0.11,1,0.518,2,3,0.477,71.0,1,8,75,84,1,15526.59,68.9,0.693,1,5,1,2
0.673,0.0,0.378,0,0.578,2,3,0.544,67.3,5,3,45,43,0,14225.03,71.5,0.611,1,4,6,0
0.504,0.357,0.139,1,0.34,1,4,0.276,50.4,2,1,18,44,0,24378.88,51.2,0.349,2,7,3,1
0.357,0.529,0.114,1,0.162,0,5,0.132,35.7,1,4,36,24,1,15932.04,68.1,0.329,3,8,3,1
0.16,0.518,0.322,0,0.323,1,4,0.265,16.0,4,0,7,85,0,17926.77,64.1,0.122,4,7,4,0
0.605,0.091,0.304,1,0.729,3,2,0.678,60.5,4,2,12,76,0,22143.53,55.7,0.693,1,3,4,1
0.44,0.194,0.366,1,0.62,3,2,0.583,44.0,5,4,37,19,1,17048.96,65.9,0.327,2,4,5,1
0.325,0.395,0.28,0,0.444,2,3,0.412,32.5,4,3,45,42,0,19526.77,60.9,0.358,3,5,6,0
0.947,0.052,0.001,1,1.0,5,0,0.82,94.7,0,9,94,73,1,33772.24,32.5,0.834,0,1,2,3
0.431,0.396,0.173,1,0.591,2,3,0.509,43.1,2,1,6,43,0,28544.58,42.9,0.51,2,4,3,1
0.217,0.176,0.607,0,0.256,1,4,0.214,21.7,9,0,3,29,1,12636.62,74.7,0.229,3,7,11,0
0.926,0.035,0.039,1,1.0,5,0,0.839,92.6,0,3,28,60,1,49537.15,0.9,0.805,0,1,2,3
0.595,0.216,0.188,1,0.562,2,3,0.463,59.5,2,2,18,28,1,25674.3,48.7,0.399,2,5,2,2
0.849,0.025,0.126,1,0.961,4,1,0.864,84.9,1,9,93,33,1,16463.26,67.1,0.68,0,1,2,3
0.669,0.247,0.083,1,0.572,2,3,0.524,66.9,1,11,100,7,1,18760.56,62.5,0.768,1,4,1,2
0.945,0.012,0.043,1,0.815,4,1,0.688,94.5,0,9,85,27,1,48987.3,2.0,0.783,0,3,1,3
0.534,0.09,0.375,0,0.556,2,3,0.464,53.4,5,1,9,87,0,21465.71,57.1,0.397,2,5,6,0
0.407,0.229,0.364,0,0.233,1,4,0.199,40.7,5,4,46,66,0,26284.29,47.4,0.452,2,8,5,0
0.799,0.119,0.083,1,0.917,4,1,0.765,79.9,1,9,81,18,1,26332.26,47.3,0.669,1,2,1,3
0.189,0.297,0.514,0,0.01,0,5,0.009,18.9,7,4,41,88,0,10865.63,78.3,0.161,4,9,9,0
0.802,0.196,0.003,1,0.846,4,1,0.782,80.2,0,10,100,87,1,22970.01,54.1,0.742,0,2,0,3
0.847,0.126,0.027,1,0.711,3,2,0.639,84.7,0,6,67,53,1,37331.98,25.3,0.904,0,3,1,3
0.578,0.056,0.366,1,0.634,3,2,0.558,57.8,5,0,-9,16,1,16983.91,66.0,0.597,2,4,5,1
0.405,0.348,0.247,1,0.321,1,4,0.309,40.5,3,0,0,86,0,18338.84,63.3,0.479,2,6,5,1
0.335,0.38,0.285,0,0.348,1,4,0.343,33.5,4,1,21,35,0,31802.76,36.4,0.29,3,6,6,0
0.152,0.096,0.752,0,0.142,0,5,0.14,15.2,11,0,11,27,1,6805.71,86.4,0.0,4,8,12,0
0.397,0.493,0.111,0,0.474,2,3,0.42,39.7,1,3,30,62,0,11781.02,76.4,0.452,3,5,3,0
0.43,0.377,0.193,1,0.254,1,4,0.228,43.0,2,1,7,32,0,23189.3,53.6,0.238,2,7,3,1
0.83,0.063,0.107,1,0.672,3,2,0.631,83.0,1,7,70,44,1,28929.02,42.1,0.897,0,3,2,2
0.998,0.0,0.007,1,1.0,5,0,0.92,99.8,0,6,65,10,1,45971.97,8.1,1.0,0,0,1,3
0.815,0.137,0.048,1,0.714,3,2,0.572,81.5,0,3,23,10,1,42887.05,14.2,0.868,0,4,0,2
0.644,0.348,0.007,1,0.47,2,3,0.445,64.4,0,9,86,15,1,14574.94,70.9,0.576,1,5,0,2
0.645,0.247,0.109,1,0.74,3,2,0.663,64.5,1,13,100,39,1,10822.77,78.4,0.533,1,3,3,2
0.218,0.118,0.664,0,0.322,1,4,0.305,21.8,9,1,11,27,1,5065.3,89.9,0.185,3,6,11,0
0.687,0.106,0.207,0,0.646,3,2,0.581,68.7,3,2,38,59,0,10601.68,78.8,0.563,1,4,5,0
0.859,0.096,0.045,1,0.781,3,2,0.64,85.9,0,5,65,17,1,38600.2,22.8,0.939,0,3,2,3
0.803,0.104,0.094,1,0.709,3,2,0.625,80.3,1,14,100,28,1,22070.87,55.9,0.861,0,3,3,3
0.661,0.22,0.119,1,0.843,4,1,0.842,66.1,1,10,100,74,1,13463.69,73.1,0.47,1,1,2,3
0.324,0.0,0.712,0,0.176,0,5,0.165,32.4,10,2,38,14,1,11202.75,77.6,0.257,3,8,11,0
0.974,0.0,0.05,1,1.0,5,0,0.95,97.4,0,7,75,7,1,49244.47,1.5,0.983,0,0,1,3
0.87,0.11,0.019,1,1.0,5,0,0.989,87.0,0,3,36,56,1,17069.55,65.9,0.82,0,0,0,3
0.168,0.076,0.756,0,0.275,1,4,0.242,16.8,11,4,53,54,0,6917.09,86.2,0.074,4,7,11,0
0.611,0.247,0.143,1,0.417,2,3,0.34,61.1,2,4,44,42,1,11043.12,77.9,0.525,1,6,4,1
0.125,0.366,0.509,0,0.128,0,5,0.104,12.5,7,1,1,33,0,11358.69,77.3,0.2,4,8,9,0
0.974,0.0,0.049,1,1.0,5,0,0.922,97.4,0,9,100,42,1,39033.1,21.9,1.0,0,0,1,3
0.749,0.187,0.065,1,0.75,3,2,0.655,74.9,0,11,100,36,1,32397.73,35.2,0.651,1,3,2,3
0.691,0.301,0.008,1,0.78,3,2,0.675,69.1,0,5,69,22,1,21142.32,57.7,0.764,1,3,1,2
0.67,0.198,0.132,0,0.822,4,1,0.773,67.0,1,4,58,51,0,30295.27,39.4,0.705,1,2,2,0
0.895,0.02,0.085,1,0.812,4,1,0.762,89.5,1,6,55,76,1,30452.81,39.1,0.933,0,2,1,3
0.319,0.0,0.76,0,0.279,1,4,0.279,31.9,11,4,30,73,0,13482.29,73.0,0.25,3,7,13,0
0.649,0.241,0.11,1,0.637,3,2,0.59,64.9,1,5,51,60,1,21228.26,57.5,0.717,1,4,3,2
0.964,0.034,0.002,1,0.892,4,1,0.816,96.4,0,6,66,82,1,24892.95,50.2,0.819,0,1,2,3
0.807,0.144,0.049,1,0.627,3,2,0.514,80.7,0,13,100,57,1,26783.35,46.4,0.856,0,4,1,3
0.495,0.185,0.32,1,0.608,3,2,0.514,49.5,4,3,49,34,0,17978.49,64.0,0.326,2,4,5,1
0.367,0.489,0.144,0,0.404,2,3,0.352,36.7,2,4,51,8,1,17262.58,65.5,0.364,3,6,4,0
0.636,0.332,0.032,1,0.463,2,3,0.432,63.6,0,4,52,69,1,12472.27,75.1,0.479,1,5,2,2
0.861,0.118,0.02,1,0.782,3,2,0.638,86.1,0,7,65,17,1,34643.88,30.7,0.699,0,3,0,3
0.831,0.16,0.009,1,0.836,4,1,0.798,83.1,0,13,100,22,1,34093.7,31.8,0.839,0,2,2,3
0.885,0.094,0.021,1,0.708,3,2,0.596,88.5,0,5,43,83,1,30520.79,39.0,0.858,0,4,0,3
0.221,0.412,0.366,0,0.225,1,4,0.221,22.1,5,0,17,77,0,7216.76,85.6,0.245,3,7,6,0
0.368,0.271,0.361,1,0.43,2,3,0.387,36.8,5,4,51,74,0,17184.5,65.6,0.277,3,6,6,1
0.664,0.196,0.14,1,0.486,2,3,0.486,66.4,2,12,100,50,1,15561.15,68.9,0.524,1,5,4,2
0.846,0.15,0.004,1,0.772,3,2,0.719,84.6,0,3,25,23,1,28594.27,42.8,0.934,0,2,2,2
0.454,0.283,0.263,1,0.441,2,3,0.424,45.4,3,0,16,62,0,31360.73,37.3,0.479,2,5,5,1
0.853,0.133,0.013,1,1.0,5,0,0.954,85.3,0,12,100,73,1,36971.5,26.1,0.697,0,0,0,3
0.351,0.545,0.104,1,0.295,1,4,0.242,35.1,1,4,34,20,1,28837.39,42.3,0.366,3,7,1,1
0.231,0.151,0.618,0,0.221,1,4,0.19,23.1,9,1,0,85,0,12772.01,74.5,0.035,3,8,10,0
0.264,0.154,0.583,0,0.146,0,5,0.139,26.4,8,4,52,65,0,9679.98,80.6,0.34,3,8,10,0
0.625,0.369,0.006,1,0.549,2,3,0.514,62.5,0,10,95,9,1,14089.14,71.8,0.444,1,4,1,2
0.795,0.159,0.046,1,0.628,3,2,0.61,79.5,0,6,76,66,1,30113.24,39.8,0.728,1,3,1,3
0.011,0.603,0.385,0,0.117,0,5,0.11,1.1,5,3,34,25,1,13977.55,72.0,0.0,4,8,5,0
0.376,0.0,0.675,0,0.483,2,3,0.457,37.6,10,0,18,7,1,11791.26,76.4,0.41,3,5,12,0
0.691,0.137,0.173,1,0.548,2,3,0.474,69.1,2,4,50,19,1,10800.93,78.4,0.499,1,5,2,2
0.95,0.046,0.004,1,1.0,5,0,0.941,95.0,0,13,100,80,1,39287.87,21.4,1.0,0,0,0,3
0.853,0.131,0.016,1,1.0,5,0,0.994,85.3,0,11,100,79,1,41566.94,16.9,0.932,0,0,0,3
0.829,0.148,0.023,1,0.775,3,2,0.717,82.9,0,6,68,13,1,34767.39,30.5,0.893,0,2,0,3
0.739,0.234,0.028,1,0.848,4,1,0.756,73.9,0,4,42,10,1,26174.14,47.7,0.694,1,2,0,3
0.823,0.17,0.006,1,0.675,3,2,0.632,82.3,0,6,78,74,1,36966.24,26.1,0.854,0,3,2,3
0.626,0.312,0.062,1,0.611,3,2,0.599,62.6,0,6,77,81,1,34983.82,30.0,0.557,1,4,2,2
0.823,0.05,0.127,1,0.861,4,1,0.834,82.3,1,5,54,39,1,22974.89,54.1,0.825,0,1,3,3
0.162,0.071,0.767,0,0.299,1,4,0.288,16.2,11,1,22,62,0,14237.53,71.5,0.062,4,7,13,0
0.731,0.14,0.128,1,0.884,4,1,0.858,73.1,1,8,72,71,1,34854.34,30.3,0.565,1,1,3,3
0.88,0.003,0.117,1,0.727,3,2,0.636,88.0,1,13,100,19,1,19012.17,62.0,0.8,0,3,1,3
0.86,0.046,0.094,1,0.672,3,2,0.575,86.0,1,11,100,83,1,13380.72,73.2,0.755,0,4,1,3
0.634,0.242,0.124,1,0.509,2,3,0.48,63.4,1,14,100,17,1,14723.21,70.6,0.481,1,5,3,2
0.617,0.061,0.321,1,0.441,2,3,0.354,61.7,4,3,48,61,0,24601.07,50.8,0.629,1,6,6,1
0.736,0.262,0.001,1,0.771,3,2,0.705,73.6,0,4,44,35,1,29355.55,41.3,0.718,1,2,2,2
0.875,0.114,0.011,1,0.919,4,1,0.85,87.5,0,13,100,63,1,48584.37,2.8,0.895,0,1,1,3
0.69,0.0,0.318,1,0.612,3,2,0.58,69.0,4,1,18,84,0,25685.38,48.6,0.635,1,4,5,1
0.97,0.0,0.04,1,0.965,4,1,0.846,97.0,0,10,92,88,1,19964.74,60.1,0.978,0,1,1,3
0.683,0.0,0.333,1,0.732,3,2,0.709,68.3,4,4,44,57,0,34028.11,31.9,0.54,1,2,4,2
0.759,0.223,0.018,1,0.803,4,1,0.803,75.9,0,4,48,59,1,32230.64,35.5,0.65,1,1,2,2
0.605,0.259,0.136,1,0.581,2,3,0.564,60.5,2,4,30,25,1,25451.27,49.1,0.433,1,4,2,2
0.29,0.339,0.371,0,0.233,1,4,0.212,29.0,5,2,29,28,1,11965.02,76.1,0.209,3,7,7,0
0.404,0.273,0.323,0,0.543,2,3,0.47,40.4,4,0,15,41,0,19639.07,60.7,0.307,2,5,4,0
0.892,0.067,0.041,1,0.972,4,1,0.966,89.2,0,3,38,84,1,23795.95,52.4,0.969,0,0,0,3
0.996,0.0,0.04,1,0.8,4,1,0.686,99.6,0,11,100,11,1,22659.43,54.7,0.947,0,3,0,3
0.923,0.03,0.046,1,0.923,4,1,0.903,92.3,0,8,85,60,1,47074.45,5.9,0.84,0,0,2,3
0.565,0.036,0.399,0,0.725,3,2,0.581,56.5,5,1,5,9,1,28933.54,42.1,0.38,2,4,5,0
0.353,0.315,0.332,0,0.243,1,4,0.208,35.3,4,0,11,70,0,10440.06,79.1,0.226,3,7,6,0
0.654,0.01,0.336,1,0.589,2,3,0.554,65.4,5,0,-4,60,0,29611.54,40.8,0.678,1,4,7,1
0.598,0.24,0.162,1,0.72,3,2,0.695,59.8,2,4,48,63,0,12493.09,75.0,0.621,2,3,4,2
0.643,0.217,0.14,1,0.617,3,2,0.567,64.3,2,10,100,26,1,34194.68,31.6,0.478,1,4,4,2
0.867,0.002,0.131,1,0.872,4,1,0.842,86.7,1,12,100,36,1,16333.71,67.3,0.913,0,1,2,3
0.322,0.333,0.345,1,0.506,2,3,0.431,32.2,5,2,31,68,0,13149.45,73.7,0.19,3,5,6,1
0.856,0.122,0.022,1,1.0,5,0,0.935,85.6,0,11,100,32,1,24258.07,51.5,0.676,0,0,0,3
0.583,0.1,0.317,0,0.651,3,2,0.554,58.3,4,1,14,46,0,33538.41,32.9,0.669,2,4,4,0
0.794,0.075,0.13,1,0.846,4,1,0.843,79.4,1,10,100,81,1,26878.74,46.2,0.667,1,1,3,3
0.807,0.157,0.036,1,0.708,3,2,0.7,80.7,0,6,70,18,1,29120.07,41.8,0.897,0,2,0,3
0.53,0.19,0.28,0,0.402,2,3,0.366,53.0,4,1,14,76,0,12252.58,75.5,0.597,2,6,6,0
0.396,0.155,0.449,0,0.198,0,5,0.175,39.6,6,4,47,77,0,17550.76,64.9,0.411,3,8,7,0
0.882,0.104,0.014,1,0.867,4,1,0.78,88.2,0,3,20,84,1,26681.49,46.6,0.876,0,2,2,3
0.191,0.331,0.478,0,0.36,1,4,0.322,19.1,7,1,2,63,0,17309.72,65.4,0.225,4,6,7,0
0.486,0.245,0.269,1,0.544,2,3,0.51,48.6,4,2,36,64,0,30323.82,39.4,0.435,2,4,5,1
0.62,0.277,0.102,0,0.521,2,3,0.453,62.0,1,3,26,56,1,10716.15,78.6,0.605,1,5,2,0
0.9,0.065,0.035,1,0.787,3,2,0.75,90.0,0,8,87,25,1,16183.76,67.6,0.834,0,2,1,3
0.164,0.065,0.771,0,0.358,1,4,0.291,16.4,11,1,9,76,0,6944.76,86.1,0.233,4,7,13,0
0.661,0.111,0.229,1,0.616,3,2,0.598,66.1,3,2,17,69,0,29154.31,41.7,0.555,1,4,5,1
0.607,0.255,0.138,1,0.803,4,1,0.764,60.7,2,9,100,41,1,18949.2,62.1,0.672,1,2,4,2
0.683,0.317,0.0,1,0.812,4,1,0.67,68.3,0,7,87,10,1,26302.77,47.4,0.741,1,3,2,2
0.629,0.312,0.058,0,0.788,3,2,0.714,62.9,0,7,82,44,1,15686.45,68.6,0.507,1,2,0,1
0.877,0.112,0.01,1,0.703,3,2,0.574,87.7,0,12,100,78,1,40416.34,19.2,0.882,0,4,2,3
0.302,0.037,0.661,0,0.133,0,5,0.107,30.2,9,1,26,30,1,12193.16,75.6,0.176,3,8,10,0
0.875,0.109,0.016,1,1.0,5,0,0.803,87.5,0,5,64,74,1,26575.72,46.8,0.958,0,1,0,3
0.794,0.135,0.071,0,0.891,4,1,0.777,79.4,1,10,99,35,1,18258.19,63.5,0.648,1,2,1,1
0.641,0.329,0.03,1,0.605,3,2,0.522,64.1,0,7,88,65,1,27625.68,44.7,0.735,1,4,2,1
0.621,0.362,0.018,1,0.673,3,2,0.652,62.1,0,7,75,78,1,11213.15,77.6,0.477,1,3,2,2
0.464,0.4,0.135,0,0.443,2,3,0.384,46.4,2,0,16,16,1,19823.62,60.4,0.551,2,6,4,0
0.797,0.179,0.025,1,0.782,3,2,0.687,79.7,0,7,79,67,1,27626.92,44.7,0.85,1,3,0,3
0.327,0.303,0.369,0,0.251,1,4,0.215,32.7,5,3,35,82,0,33098.87,33.8,0.176,3,7,7,0
0.484,0.33,0.186,0,0.295,1,4,0.294,48.4,2,4,40,37,0,18997.7,62.0,0.423,2,7,4,0
0.523,0.125,0.353,0,0.336,1,4,0.285,52.3,5,1,17,69,0,24896.65,50.2,0.601,2,7,5,0
0.859,0.129,0.012,1,0.914,4,1,0.801,85.9,0,6,60,15,1,36627.14,26.7,0.742,0,1,0,3
0.977,0.0,0.049,1,1.0,5,0,0.937,97.7,0,14,100,61,1,21623.24,56.8,0.863,0,0,1,3
0.669,0.074,0.257,1,0.513,2,3,0.438,66.9,3,1,27,65,0,14939.93,70.1,0.508,1,5,5,1
0.737,0.18,0.083,1,0.857,4,1,0.82,73.7,1,10,98,55,1,29802.64,40.4,0.758,1,1,3,3
0.483,0.362,0.155,0,0.491,2,3,0.398,48.3,2,2,20,64,0,19614.59,60.8,0.404,2,6,3,0
0.947,0.052,0.001,1,1.0,5,0,0.89,94.7,0,7,82,89,1,40610.19,18.8,0.996,0,1,2,3
0.712,0.267,0.021,1,0.697,3,2,0.636,71.2,0,7,63,53,1,29925.64,40.1,0.744,1,3,2,3
0.884,0.068,0.048,1,0.699,3,2,0.663,88.4,0,8,95,33,1,33675.61,32.6,0.785,0,3,0,3
0.891,0.089,0.02,1,0.707,3,2,0.617,89.1,0,11,100,10,1,20759.7,58.5,0.841,0,3,1,3
0.593,0.198,0.209,0,0.526,2,3,0.48,59.3,3,3,31,52,0,28413.95,43.2,0.631,2,5,5,0
0.608,0.265,0.127,1,0.673,3,2,0.607,60.8,1,7,88,29,1,25659.69,48.7,0.623,1,3,1,2
0.286,0.198,0.516,0,0.211,1,4,0.171,28.6,7,0,9,31,0,15249.99,69.5,0.244,3,8,9,0
0.147,0.447,0.405,0,0.041,0,5,0.034,14.7,6,3,41,25,1,8515.57,83.0,0.066,4,9,6,0
0.912,0.086,0.002,1,0.875,4,1,0.773,91.2,0,13,100,55,1,37247.79,25.5,0.926,0,2,1,3
0.671,0.198,0.131,1,0.768,3,2,0.767,67.1,1,13,100,33,1,13778.35,72.4,0.62,1,2,2,3
0.636,0.036,0.329,1,0.835,4,1,0.711,63.6,4,3,42,13,1,34072.64,31.9,0.716,1,2,4,2
0.175,0.16,0.664,1,0.289,1,4,0.265,17.5,9,1,5,49,0,5834.1,88.3,0.23,4,7,9,0
0.155,0.503,0.343,0,0.068,0,5,0.066,15.5,5,4,44,83,0,5952.85,88.1,0.037,4,9,5,0
0.673,0.252,0.076,1,0.625,3,2,0.517,67.3,1,5,52,78,1,30032.81,39.9,0.709,1,4,1,2
0.66,0.253,0.087,1,0.859,4,1,0.692,66.0,1,3,40,29,1,30539.71,38.9,0.713,1,3,3,2
0.865,0.131,0.004,1,0.688,3,2,0.667,86.5,0,11,100,10,1,26888.67,46.2,0.779,0,3,0,3
0.309,0.236,0.455,0,0.407,2,3,0.352,30.9,6,2,17,56,0,16660.6,66.7,0.284,3,6,8,0
0.777,0.221,0.002,1,0.795,3,2,0.774,77.7,0,11,100,66,1,20393.86,59.2,0.712,1,2,1,3
0.825,0.144,0.031,1,1.0,5,0,0.919,82.5,0,14,100,72,1,29040.78,41.9,0.795,0,0,2,3
0.673,0.258,0.069,1,0.544,2,3,0.53,67.3,1,12,100,10,1,24209.07,51.6,0.489,1,4,3,2
0.514,0.259,0.227,0,0.676,3,2,0.565,51.4,3,0,1,88,0,13270.76,73.5,0.355,2,4,5,0
0.957,0.001,0.042,1,0.868,4,1,0.775,95.7,0,10,98,19,1,48221.23,3.6,0.936,0,2,2,3
0.446,0.193,0.362,0,0.333,1,4,0.29,44.6,5,1,7,34,0,15879.26,68.2,0.375,2,7,5,0
0.658,0.302,0.04,1,0.707,3,2,0.628,65.8,0,12,100,39,1,34451.68,31.1,0.717,1,3,1,3
0.701,0.197,0.102,1,0.702,3,2,0.681,70.1,1,3,40,83,1,17040.09,65.9,0.605,1,3,1,2
0.874,0.124,0.002,1,0.853,4,1,0.775,87.4,0,10,91,55,1,25234.16,49.5,0.934,0,2,0,3
0.258,0.0,0.798,0,0.17,0,5,0.169,25.8,11,3,47,14,1,8594.78,82.8,0.338,3,8,11,0
0.863,0.117,0.02,1,0.76,3,2,0.743,86.3,0,12,100,36,1,37978.66,24.0,0.713,0,2,1,3
0.716,0.231,0.054,0,0.837,4,1,0.819,71.6,0,12,100,72,1,23719.81,52.6,0.596,1,1,2,1
0.804,0.093,0.102,1,0.608,3,2,0.513,80.4,1,12,100,58,1,27301.69,45.4,0.665,0,4,1,3
0.756,0.13,0.114,1,0.939,4,1,0.762,75.6,1,4,58,69,1,11252.68,77.5,0.709,1,2,2,3
0.856,0.133,0.011,1,1.0,5,0,0.914,85.6,0,5,66,17,1,49958.91,0.1,0.715,0,0,2,3
0.866,0.021,0.113,1,0.67,3,2,0.654,86.6,1,10,97,19,1,21016.34,58.0,0.864,0,3,1,3
0.879,0.09,0.031,1,1.0,5,0,0.966,87.9,0,5,41,10,1,32079.31,35.8,0.896,0,0,0,3
0.841,0.123,0.036,1,0.756,3,2,0.709,84.1,0,13,100,38,1,17611.67,64.8,0.745,0,2,1,3
0.747,0.14,0.113,1,0.582,2,3,0.551,74.7,1,7,71,40,1,13893.74,72.2,0.596,1,4,2,2
0.489,0.111,0.399,1,0.58,2,3,0.544,48.9,5,3,32,78,0,27507.64,45.0,0.589,2,4,7,1
0.876,0.089,0.034,1,0.916,4,1,0.742,87.6,0,7,61,12,1,27979.19,44.0,0.9,0,2,0,3
0.687,0.194,0.12,1,0.797,3,2,0.721,68.7,1,13,100,34,1,17243.99,65.5,0.542,1,2,2,3
0.796,0.142,0.062,1,0.96,4,1,0.866,79.6,0,11,100,39,1,31769.55,36.5,0.691,1,1,0,3
0.351,0.163,0.486,0,0.511,2,3,0.45,35.1,7,0,0,84,0,11467.77,77.1,0.269,3,5,8,0
0.71,0.251,0.039,0,0.793,3,2,0.693,71.0,0,9,100,43,1,22236.67,55.5,0.776,1,3,0,1
0.527,0.371,0.101,0,0.41,2,3,0.382,52.7,1,0,10,76,0,23431.31,53.1,0.333,2,6,1,0
0.852,0.117,0.031,1,1.0,5,0,0.819,85.2,0,8,91,37,1,36990.11,26.0,0.947,0,1,1,3
0.689,0.0,0.384,0,0.882,4,1,0.712,68.9,5,1,13,62,0,21665.34,56.7,0.59,1,2,7,0
0.885,0.095,0.02,1,0.871,4,1,0.71,88.5,0,8,97,49,1,28588.4,42.8,0.823,0,2,0,3
0.729,0.202,0.069,1,0.793,3,2,0.708,72.9,1,14,100,86,1,20915.78,58.2,0.61,1,2,1,3
0.021,0.295,0.684,0,0.021,0,5,0.018,2.1,10,4,45,41,0,11334.88,77.3,0.0,4,9,10,0
0.365,0.415,0.22,0,0.376,1,4,0.364,36.5,3,1,4,31,0,12017.62,76.0,0.46,3,6,4,0
0.337,0.388,0.276,1,0.334,1,4,0.288,33.7,4,2,39,27,1,20653.66,58.7,0.239,3,7,5,1
0.44,0.329,0.231,0,0.437,2,3,0.372,44.0,3,1,22,84,0,34712.58,30.6,0.453,2,6,4,0
0.507,0.295,0.197,1,0.345,1,4,0.318,50.7,2,2,26,28,1,24461.19,51.1,0.435,2,6,4,1
0.922,0.072,0.006,1,0.927,4,1,0.833,92.2,0,5,62,9,1,41098.59,17.8,0.811,0,1,1,3
0.388,0.492,0.12,1,0.39,1,4,0.331,38.8,1,3,21,66,0,30930.25,38.1,0.346,3,6,1,0
0.698,0.0,0.369,0,0.715,3,2,0.617,69.8,5,1,5,12,1,30139.61,39.7,0.648,1,3,7,0
0.902,0.075,0.023,1,0.971,4,1,0.828,90.2,0,6,62,13,1,43932.3,12.1,0.783,0,1,0,3
0.864,0.128,0.008,1,0.868,4,1,0.762,86.4,0,9,100,61,1,49675.34,0.6,0.834,0,2,2,3
0.94,0.058,0.002,1,0.803,4,1,0.654,94.0,0,8,82,56,1,35408.25,29.2,0.757,0,3,2,3
0.357,0.444,0.199,1,0.398,1,4,0.365,35.7,2,3,30,16,1,20243.67,59.5,0.428,3,6,3,1
0.941,0.054,0.006,1,0.774,3,2,0.75,94.1,0,9,94,31,1,36750.08,26.5,0.794,0,2,1,3
0.284,0.173,0.543,1,0.37,1,4,0.304,28.4,8,1,14,60,0,14057.01,71.9,0.243,3,6,9,0
0.773,0.1,0.128,1,0.579,2,3,0.543,77.3,1,11,100,45,1,16763.37,66.5,0.761,1,4,1,3
0.387,0.481,0.132,0,0.212,1,4,0.173,38.7,1,1,22,18,1,31756.04,36.5,0.422,3,8,2,0
0.284,0.235,0.481,0,0.421,2,3,0.365,28.4,7,2,11,74,0,7622.12,84.8,0.272,3,6,7,0
0.368,0.129,0.502,0,0.522,2,3,0.46,36.8,7,4,56,11,1,16313.03,67.4,0.24,3,5,7,0
0.849,0.115,0.036,1,0.974,4,1,0.849,84.9,0,4,56,26,1,49695.35,0.6,0.75,0,1,1,3
0.151,0.202,0.646,0,0.259,1,4,0.214,15.1,9,2,20,15,1,14086.58,71.8,0.0,4,7,11,0
0.975,0.004,0.021,1,0.976,4,1,0.883,97.5,0,8,75,26,1,20729.7,58.5,0.801,0,1,1,3
0.55,0.142,0.309,0,0.676,3,2,0.615,55.0,4,4,56,55,0,31714.39,36.6,0.356,2,3,6,0
0.177,0.078,0.745,0,0.317,1,4,0.274,17.7,11,0,3,42,0,19223.66,61.6,0.104,4,7,11,0
0.842,0.129,0.029,1,0.665,3,2,0.533,84.2,0,5,66,18,1,11164.19,77.7,0.941,0,4,0,3
0.843,0.152,0.005,1,0.849,4,1,0.81,84.3,0,13,100,86,1,41498.36,17.0,0.711,0,1,1,3
0.328,0.511,0.161,1,0.486,2,3,0.417,32.8,2,1,0,70,0,27096.37,45.8,0.415,3,5,3,1
0.345,0.405,0.25,0,0.205,1,4,0.174,34.5,3,1,28,47,0,13130.07,73.7,0.372,3,8,5,0
0.543,0.206,0.251,0,0.454,2,3,0.454,54.3,3,0,4,56,0,17516.3,65.0,0.421,2,5,4,0
0.561,0.117,0.322,1,0.759,3,2,0.729,56.1,4,4,55,37,0,32643.62,34.7,0.653,2,2,6,1
0.584,0.294,0.123,0,0.43,2,3,0.426,58.4,1,4,30,66,0,24864.96,50.3,0.51,2,5,1,0
0.807,0.073,0.12,1,0.673,3,2,0.595,80.7,1,13,100,28,1,24989.89,50.0,0.897,0,4,1,3
0.489,0.351,0.16,0,0.405,2,3,0.354,48.9,2,3,31,48,0,33696.3,32.6,0.31,2,6,4,0
0.259,0.382,0.359,1,0.405,2,3,0.326,25.9,5,2,32,32,0,14039.52,71.9,0.263,3,6,6,0
0.915,0.044,0.041,1,1.0,5,0,0.86,91.5,0,10,100,21,1,17179.37,65.6,0.948,0,1,2,3
0.723,0.141,0.136,1,0.879,4,1,0.773,72.3,2,13,100,61,1,33553.08,32.9,0.808,1,2,4,2
0.433,0.32,0.246,1,0.442,2,3,0.44,43.3,3,4,49,78,0,14346.15,71.3,0.381,2,5,3,1
0.78,0.081,0.139,1,0.778,3,2,0.76,78.0,2,10,92,89,1,25825.53,48.3,0.658,1,2,2,3
0.784,0.179,0.037,1,0.83,4,1,0.821,78.4,0,3,40,66,1,23866.96,52.3,0.703,1,1,2,2
0.543,0.129,0.328,1,0.734,3,2,0.596,54.3,4,2,11,60,0,15614.25,68.8,0.615,2,4,6,1
0.725,0.142,0.133,1,0.868,4,1,0.748,72.5,1,10,100,51,1,28399.37,43.2,0.684,1,2,2,2
0.712,0.168,0.121,1,0.554,2,3,0.531,71.2,1,13,100,82,1,13661.77,72.7,0.772,1,4,3,2
0.934,0.036,0.03,1,0.811,4,1,0.685,93.4,0,9,98,13,1,29486.83,41.0,0.968,0,3,1,3
0.533,0.182,0.285,0,0.334,1,4,0.329,53.3,4,3,31,30,1,15701.87,68.6,0.354,2,6,5,0
0.948,0.036,0.016,1,1.0,5,0,0.954,94.8,0,12,100,17,1,45747.92,8.5,0.935,0,0,2,3
0.361,0.485,0.154,1,0.324,1,4,0.269,36.1,2,4,48,44,0,10086.06,79.8,0.436,3,7,4,1
0.579,0.065,0.356,1,0.481,2,3,0.468,57.9,5,4,59,24,1,31644.07,36.7,0.536,2,5,5,2
0.045,0.356,0.598,0,0.031,0,5,0.027,4.5,8,4,39,68,0,16803.19,66.4,0.0,4,9,10,0
0.637,0.255,0.108,0,0.799,3,2,0.742,63.7,1,0,18,33,0,31565.45,36.9,0.705,1,2,3,0
0.85,0.034,0.116,1,0.858,4,1,0.843,85.0,1,11,100,30,1,17580.31,64.8,0.732,0,1,3,2
0.562,0.326,0.112,1,0.649,3,2,0.567,56.2,1,3,26,23,1,30829.77,38.3,0.459,2,4,2,2
0.68,0.113,0.208,0,0.792,3,2,0.745,68.0,3,0,0,12,1,25201.56,49.6,0.63,1,2,5,0
0.849,0.137,0.014,1,0.698,3,2,0.664,84.9,0,3,24,37,1,22646.47,54.7,0.844,0,3,1,2
0.621,0.175,0.205,1,0.434,2,3,0.395,62.1,3,1,23,37,0,31833.53,36.3,0.591,1,6,3,1
0.379,0.056,0.565,0,0.319,1,4,0.272,37.9,8,4,37,79,0,11905.71,76.2,0.427,3,7,9,0
0.693,0.115,0.191,0,0.889,4,1,0.735,69.3,2,1,13,32,0,22794.87,54.4,0.494,1,2,4,0
0.166,0.139,0.695,0,0.139,0,5,0.127,16.6,10,3,25,87,0,12046.28,75.9,0.046,4,8,12,0
0.34,0.548,0.112,0,0.212,1,4,0.197,34.0,1,0,0,9,1,18565.28,62.9,0.147,3,8,3,0
0.807,0.171,0.022,1,0.654,3,2,0.578,80.7,0,7,71,11,1,27218.64,45.6,0.891,0,4,2,2
0.728,0.134,0.138,1,0.81,4,1,0.716,72.8,2,11,100,51,1,28030.17,43.9,0.636,1,2,3,3
0.145,0.323,0.532,0,0.118,0,5,0.105,14.5,7,4,41,18,1,18899.63,62.2,0.106,4,8,8,0
0.028,0.669,0.304,1,0.0,0,5,0.0,2.8,4,2,34,70,0,14142.52,71.7,0.0,4,10,5,0
0.321,0.521,0.157,0,0.234,1,4,0.219,32.1,2,0,19,42,0,22720.54,54.6,0.398,3,7,2,0
0.93,0.036,0.034,1,0.98,4,1,0.906,93.0,0,5,67,75,1,28512.38,43.0,0.863,0,0,0,3
0.144,0.524,0.332,1,0.0,0,5,0.0,14.4,4,4,46,74,0,10763.46,78.5,0.0,4,10,5,0
0.175,0.121,0.703,0,0.218,1,4,0.183,17.5,10,4,52,40,0,11765.81,76.5,0.01,4,8,11,0
0.34,0.527,0.133,1,0.493,2,3,0.486,34.0,1,3,21,29,1,11720.9,76.6,0.377,3,5,2,1
0.265,0.209,0.526,1,0.343,1,4,0.34,26.5,7,1,18,39,0,11394.8,77.2,0.279,3,6,7,0
0.382,0.442,0.175,0,0.445,2,3,0.445,38.2,2,0,-9,66,0,27310.3,45.4,0.475,3,5,3,0
0.698,0.043,0.258,1,0.558,2,3,0.521,69.8,3,0,-3,36,0,17216.5,65.6,0.537,1,4,5,1
0.584,0.262,0.154,0,0.539,2,3,0.48,58.4,2,4,40,25,1,34118.44,31.8,0.391,2,5,3,0
0.958,0.041,0.002,1,1.0,5,0,0.984,95.8,0,3,29,13,1,16570.36,66.9,0.926,0,0,1,3
0.881,0.085,0.034,1,0.721,3,2,0.596,88.1,0,12,100,62,1,42788.87,14.4,0.864,0,4,1,3
0.702,0.244,0.054,1,0.787,3,2,0.655,70.2,0,5,51,61,1,27104.11,45.8,0.515,1,3,1,2
0.738,0.115,0.147,1,0.814,4,1,0.717,73.8,2,13,100,16,1,29089.63,41.8,0.559,1,2,3,3
0.658,0.227,0.116,1,0.777,3,2,0.695,65.8,1,13,100,21,1,34143.34,31.7,0.749,1,3,3,2
0.686,0.008,0.307,0,0.766,3,2,0.616,68.6,4,4,34,12,1,22516.67,55.0,0.757,1,3,6,0
0.348,0.464,0.188,1,0.323,1,4,0.289,34.8,2,3,46,16,1,25098.21,49.8,0.356,3,7,3,1
0.372,0.0,0.775,1,0.55,2,3,0.53,37.2,11,2,20,79,0,14008.19,72.0,0.213,3,4,11,0
0.87,0.086,0.043,1,0.708,3,2,0.613,87.0,0,8,78,25,1,44323.55,11.4,0.689,0,3,2,3
0.278,0.112,0.61,0,0.228,1,4,0.192,27.8,9,2,15,43,0,7079.02,85.8,0.224,3,8,9,0
0.594,0.145,0.261,0,0.518,2,3,0.514,59.4,3,0,-10,28,1,25595.18,48.8,0.507,2,4,3,0
0.778,0.179,0.043,1,0.639,3,2,0.558,77.8,0,13,100,75,1,10991.53,78.0,0.66,1,4,0,3
0.763,0.196,0.041,1,0.767,3,2,0.662,76.3,0,4,33,78,1,28334.01,43.3,0.785,1,3,0,2
0.87,0.122,0.008,1,1.0,5,0,0.857,87.0,0,9,80,81,1,20173.84,59.7,0.942,0,1,2,3
0.955,0.023,0.022,1,0.967,4,1,0.948,95.5,0,8,76,75,1,48369.07,3.3,0.848,0,0,1,3
0.755,0.245,0.0,1,0.954,4,1,0.819,75.5,0,9,84,73,1,25108.17,49.8,0.689,1,1,1,3
0.653,0.231,0.115,1,0.561,2,3,0.554,65.3,1,6,65,12,1,21313.87,57.4,0.464,1,4,2,2
0.647,0.073,0.28,1,0.83,4,1,0.771,64.7,4,0,3,29,1,20082.75,59.8,0.588,1,2,6,2
0.688,0.201,0.111,1,0.553,2,3,0.506,68.8,1,6,53,63,1,17371.41,65.3,0.747,1,4,1,2
0.714,0.268,0.018,1,0.845,4,1,0.767,71.4,0,5,62,32,1,25407.42,49.2,0.549,1,2,1,3
0.873,0.104,0.023,1,0.958,4,1,0.946,87.3,0,9,100,24,1,41410.9,17.2,0.88,0,0,1,3
0.834,0.133,0.033,1,0.655,3,2,0.627,83.4,0,13,100,63,1,29559.14,40.9,0.914,0,3,0,3
0.781,0.14,0.079,1,0.582,2,3,0.498,78.1,1,10,100,71,1,32696.66,34.6,0.775,1,5,1,3
0.89,0.082,0.028,1,0.691,3,2,0.604,89.0,0,4,34,10,1,31765.94,36.5,0.781,0,3,1,3
0.67,0.214,0.116,1,0.675,3,2,0.623,67.0,1,1,15,79,0,31134.05,37.7,0.505,1,3,2,3
0.94,0.049,0.01,1,0.903,4,1,0.782,94.0,0,7,81,40,1,35449.2,29.1,0.752,0,2,0,3
0.699,0.0,0.386,1,0.823,4,1,0.695,69.9,5,3,34,71,0,20282.92,59.4,0.704,1,3,5,2
0.886,0.067,0.047,1,0.859,4,1,0.846,88.6,0,14,100,50,1,30013.81,40.0,0.974,0,1,1,3
0.352,0.0,0.748,0,0.357,1,4,0.332,35.2,11,3,40,25,1,9874.81,80.3,0.432,3,6,12,0
0.85,0.134,0.016,1,0.901,4,1,0.858,85.0,0,3,39,64,1,48681.88,2.6,0.654,0,1,1,3
0.376,0.52,0.104,0,0.245,1,4,0.197,37.6,1,3,31,32,0,15550.9,68.9,0.327,3,8,1,0
0.219,0.125,0.656,0,0.393,1,4,0.376,21.9,9,3,22,52,0,11868.11,76.3,0.171,3,6,10,0
0.3,0.133,0.567,0,0.275,1,4,0.273,30.0,8,3,33,35,0,9834.83,80.3,0.377,3,7,8,0
0.611,0.381,0.007,1,0.663,3,2,0.608,61.1,0,5,41,60,1,30898.43,38.2,0.66,1,3,1,2
0.393,0.0,0.78,0,0.591,2,3,0.563,39.3,11,1,17,44,0,19907.04,60.2,0.34,3,4,12,0
0.814,0.181,0.004,1,0.878,4,1,0.748,81.4,0,3,20,39,1,18586.46,62.8,0.699,0,2,1,3
0.879,0.076,0.045,1,1.0,5,0,0.982,87.9,0,9,100,82,1,18319.14,63.4,0.942,0,0,2,2
0.859,0.123,0.019,1,0.7,3,2,0.686,85.9,0,8,74,11,1,47209.19,5.6,0.9,0,3,1,3
0.983,0.013,0.004,1,1.0,5,0,0.909,98.3,0,7,76,48,1,39423.11,21.2,0.793,0,0,1,3
0.182,0.442,0.375,0,0.108,0,5,0.096,18.2,5,1,22,30,1,16834.38,66.3,0.004,4,9,7,0
0.884,0.105,0.011,0,0.747,3,2,0.693,88.4,0,4,45,20,1,13992.72,72.0,0.828,0,3,0,1
0.612,0.01,0.378,1,0.801,4,1,0.649,61.2,5,2,32,82,0,32445.01,35.1,0.444,1,3,5,2
0.826,0.161,0.013,1,0.898,4,1,0.895,82.6,0,5,43,21,1,21686.84,56.6,0.778,0,1,2,3
0.848,0.116,0.035,1,0.88,4,1,0.877,84.8,0,14,100,48,1,20077.22,59.8,0.906,0,1,2,3
0.022,0.219,0.759,0,0.071,0,5,0.065,2.2,11,3,27,50,0,11510.17,77.0,0.115,4,9,11,0
0.334,0.273,0.393,1,0.139,0,5,0.131,33.4,5,3,35,67,0,16934.69,66.1,0.347,3,8,6,0
0.354,0.276,0.37,0,0.464,2,3,0.43,35.4,5,4,46,47,0,8552.27,82.9,0.342,3,5,5,0
0.921,0.066,0.013,1,1.0,5,0,0.833,92.1,0,9,91,85,1,38323.18,23.4,0.922,0,1,0,3
0.488,0.139,0.373,0,0.601,3,2,0.488,48.8,5,3,37,26,1,22768.84,54.5,0.557,2,5,6,0
0.889,0.044,0.068,1,0.922,4,1,0.782,88.9,1,11,100,43,1,34973.54,30.1,0.863,0,2,1,3
0.547,0.312,0.141,0,0.667,3,2,0.629,54.7,2,2,37,16,1,16904.66,66.2,0.466,2,3,3,0
0.455,0.156,0.389,0,0.389,1,4,0.337,45.5,5,4,44,81,0,20053.06,59.9,0.497,2,6,7,0
0.837,0.161,0.002,1,0.7,3,2,0.587,83.7,0,5,68,15,1,40055.6,19.9,0.652,0,4,1,3
0.552,0.335,0.113,0,0.523,2,3,0.503,55.2,1,1,1,87,0,34920.54,30.2,0.362,2,4,3,0
0.297,0.335,0.368,0,0.227,1,4,0.202,29.7,5,0,-9,72,0,13792.25,72.4,0.381,3,7,6,0
0.068,0.137,0.795,0,0.0,0,5,0.0,6.8,11,3,49,58,0,7310.91,85.4,0.12,4,10,11,0
0.423,0.429,0.148,1,0.227,1,4,0.195,42.3,2,4,38,81,0,24042.33,51.9,0.465,2,8,4,1
0.952,0.012,0.036,1,0.786,3,2,0.632,95.2,0,3,25,40,1,31308.24,37.4,0.803,0,3,2,2
0.652,0.344,0.004,1,0.685,3,2,0.645,65.2,0,4,43,33,1,27064.54,45.9,0.747,1,3,2,2
0.86,0.102,0.038,1,1.0,5,0,0.936,86.0,0,10,100,47,1,20049.82,59.9,0.71,0,0,0,3
0.406,0.476,0.118,1,0.559,2,3,0.539,40.6,1,4,40,8,1,17627.8,64.7,0.326,2,4,2,2
0.305,0.49,0.206,1,0.484,2,3,0.478,30.5,3,0,17,22,1,14084.54,71.8,0.341,3,5,4,0
0.754,0.222,0.023,1,0.624,3,2,0.593,75.4,0,6,77,52,1,33329.09,33.3,0.701,1,4,1,2
0.751,0.227,0.021,1,0.784,3,2,0.646,75.1,0,4,59,14,1,25844.7,48.3,0.729,1,3,2,2
0.219,0.183,0.597,0,0.103,0,5,0.088,21.9,8,4,43,35,0,16838.0,66.3,0.252,3,9,9,0
0.653,0.243,0.104,0,0.588,2,3,0.49,65.3,1,3,32,86,0,23006.98,54.0,0.549,1,5,1,0
0.684,0.267,0.048,1,0.536,2,3,0.509,68.4,0,13,100,74,1,13118.09,73.8,0.769,1,4,2,2
0.862,0.0,0.148,1,0.908,4,1,0.863,86.2,2,4,38,47,1,34010.35,32.0,0.766,0,1,3,3
0.738,0.163,0.099,1,0.696,3,2,0.562,73.8,1,9,87,82,1,14710.36,70.6,0.613,1,4,3,2
0.219,0.401,0.379,0,0.142,0,5,0.12,21.9,5,4,43,74,0,13786.41,72.4,0.11,3,8,7,0
1.0,0.0,0.042,1,1.0,5,0,0.839,100.0,0,7,60,38,1,20225.54,59.5,0.852,0,1,1,3
0.689,0.206,0.106,1,0.696,3,2,0.601,68.9,1,1,5,26,1,29337.93,41.3,0.691,1,3,1,2
0.852,0.138,0.01,1,0.875,4,1,0.811,85.2,0,3,34,45,1,12737.65,74.5,0.884,0,1,0,3
0.944,0.042,0.014,1,0.973,4,1,0.781,94.4,0,8,88,16,1,18836.41,62.3,1.0,0,2,0,3
0.804,0.164,0.032,1,0.727,3,2,0.645,80.4,0,10,99,39,1,48188.86,3.6,0.811,0,3,2,3
0.888,0.0,0.134,1,0.813,4,1,0.69,88.8,2,3,33,12,1,28985.29,42.0,0.906,0,3,2,3
0.084,0.245,0.671,0,0.0,0,5,0.0,8.4,10,2,35,67,0,16678.33,66.6,0.0,4,10,10,0
0.723,0.139,0.138,1,0.716,3,2,0.625,72.3,2,13,100,49,1,30124.47,39.8,0.616,1,3,4,2
0.621,0.274,0.105,1,0.619,3,2,0.533,62.1,1,10,100,88,1,31745.6,36.5,0.534,1,4,2,2
0.631,0.244,0.125,1,0.444,2,3,0.367,63.1,1,5,52,88,1,33085.17,33.8,0.52,1,6,1,2
0.855,0.108,0.037,1,0.995,4,1,0.838,85.5,0,6,78,79,1,32691.16,34.6,0.95,0,1,1,3
0.693,0.0,0.358,0,0.722,3,2,0.604,69.3,5,0,17,27,1,23983.69,52.0,0.692,1,3,5,0
0.849,0.122,0.029,1,1.0,5,0,0.947,84.9,0,8,72,21,1,26287.72,47.4,0.868,0,0,1,3
0.867,0.13,0.003,1,0.774,3,2,0.65,86.7,0,3,36,30,1,16557.8,66.9,0.932,0,3,0,3
0.71,0.281,0.009,1,0.578,2,3,0.505,71.0,0,12,100,62,1,13515.41,73.0,0.547,1,4,0,3
0.391,0.21,0.399,0,0.422,2,3,0.344,39.1,5,1,14,76,0,5718.47,88.6,0.431,3,6,6,0
0.37,0.254,0.376,0,0.517,2,3,0.47,37.0,5,2,37,21,1,30436.24,39.1,0.388,3,5,7,0
0.824,0.13,0.045,1,0.963,4,1,0.906,82.4,0,10,100,45,1,38630.69,22.7,0.792,0,0,1,3
0.677,0.257,0.066,1,0.526,2,3,0.455,67.7,0,14,100,48,1,14379.95,71.2,0.605,1,5,2,2
0.247,0.149,0.604,0,0.237,1,4,0.23,24.7,9,1,21,84,0,11703.58,76.6,0.329,3,7,9,0
0.821,0.062,0.117,1,1.0,5,0,0.814,82.1,1,11,100,72,1,31303.47,37.4,0.758,0,1,2,3
0.617,0.228,0.156,1,0.662,3,2,0.543,61.7,2,0,7,86,0,26406.21,47.2,0.502,1,4,3,1
0.726,0.194,0.08,1,0.804,4,1,0.701,72.6,1,12,100,34,1,28635.76,42.7,0.643,1,2,1,3
0.861,0.138,0.001,1,0.779,3,2,0.656,86.1,0,9,83,53,1,32806.21,34.4,0.679,0,3,2,3
0.603,0.097,0.3,0,0.45,2,3,0.435,60.3,4,2,38,21,1,25696.79,48.6,0.647,1,5,4,0
0.775,0.132,0.093,1,0.962,4,1,0.804,77.5,1,6,63,62,1,34253.85,31.5,0.754,1,1,2,3
0.666,0.187,0.148,1,0.476,2,3,0.471,66.6,2,13,100,28,1,26765.94,46.5,0.66,1,5,4,2
0.817,0.158,0.024,1,0.621,3,2,0.617,81.7,0,6,76,64,1,27559.49,44.9,0.783,0,3,2,2
0.981,0.0,0.046,1,0.855,4,1,0.828,98.1,0,5,67,53,1,38403.21,23.2,0.947,0,1,0,3
0.816,0.16,0.023,1,0.927,4,1,0.752,81.6,0,14,100,31,1,25100.27,49.8,0.769,0,2,1,3
0.635,0.256,0.11,1,0.834,4,1,0.805,63.5,1,9,89,67,1,22932.41,54.1,0.704,1,1,1,3
0.811,0.14,0.049,1,0.976,4,1,0.851,81.1,0,6,53,70,1,46543.92,6.9,0.703,0,1,0,3
0.956,0.025,0.02,1,1.0,5,0,0.809,95.6,0,10,100,9,1,32262.52,35.5,0.891,0,1,1,3
0.699,0.274,0.026,1,0.659,3,2,0.594,69.9,0,10,100,10,1,27688.82,44.6,0.513,1,4,0,3
0.894,0.057,0.048,1,0.913,4,1,0.815,89.4,0,9,91,15,1,28946.06,42.1,0.702,0,1,0,3
0.971,0.008,0.02,1,0.78,3,2,0.723,97.1,0,5,46,70,1,49714.99,0.6,0.944,0,2,1,3
0.654,0.316,0.03,1,0.55,2,3,0.474,65.4,0,9,90,16,1,29536.22,40.9,0.467,1,5,2,2
0.743,0.154,0.104,1,0.935,4,1,0.869,74.3,1,3,22,82,1,25846.05,48.3,0.551,1,1,1,3
0.842,0.12,0.038,1,0.854,4,1,0.755,84.2,0,5,56,81,1,16309.04,67.4,0.916,0,2,1,3
0.858,0.101,0.04,1,0.704,3,2,0.671,85.8,0,3,35,25,1,20838.26,58.3,0.664,0,3,1,2
0.787,0.175,0.038,1,0.919,4,1,0.875,78.7,0,11,100,40,1,32220.74,35.6,0.588,1,1,0,3
0.587,0.201,0.211,1,0.646,3,2,0.569,58.7,3,1,23,86,0,34966.35,30.1,0.671,2,4,4,2
0.957,0.027,0.016,1,0.946,4,1,0.801,95.7,0,3,47,87,1,29569.16,40.9,0.961,0,1,2,3
0.12,0.295,0.584,0,0.0,0,5,0.0,12.0,8,3,38,86,0,11253.05,77.5,0.169,4,10,10,0
0.61,0.034,0.356,1,0.677,3,2,0.55,61.0,5,4,45,33,0,25323.12,49.4,0.501,1,4,6,1
0.828,0.136,0.036,1,0.834,4,1,0.686,82.8,0,10,100,47,1,47426.49,5.1,0.784,0,3,2,3
0.635,0.295,0.071,1,0.674,3,2,0.632,63.5,1,14,100,9,1,21716.03,56.6,0.459,1,3,2,2
0.992,0.0,0.007,1,1.0,5,0,0.914,99.2,0,14,100,55,1,30272.3,39.5,0.989,0,0,2,3
0.836,0.116,0.048,1,0.66,3,2,0.658,83.6,0,10,100,21,1,40724.84,18.6,0.658,0,3,0,2
0.337,0.11,0.553,0,0.233,1,4,0.207,33.7,8,1,11,22,1,10136.84,79.7,0.376,3,7,10,0
0.627,0.256,0.116,1,0.603,3,2,0.57,62.7,1,0,9,77,0,21049.13,57.9,0.472,1,4,1,2
0.623,0.27,0.108,1,0.442,2,3,0.434,62.3,1,9,100,66,1,27909.66,44.2,0.688,1,5,3,1
0.876,0.074,0.05,1,0.874,4,1,0.807,87.6,0,8,82,56,1,29289.25,41.4,0.78,0,1,0,3
0.373,0.052,0.575,0,0.439,2,3,0.4,37.3,8,2,15,55,0,18616.4,62.8,0.347,3,5,8,0
0.936,0.029,0.035,1,1.0,5,0,0.815,93.6,0,4,36,77,1,43238.41,13.5,1.0,0,1,2,3
0.983,0.0,0.034,1,0.881,4,1,0.811,98.3,0,5,55,19,1,18421.13,63.2,0.971,0,1,1,3
0.476,0.17,0.353,1,0.471,2,3,0.43,47.6,5,2,14,66,0,28702.99,42.6,0.424,2,5,5,1
0.884,0.0,0.133,1,0.794,3,2,0.674,88.4,1,14,100,60,1,28549.17,42.9,0.918,0,3,2,3
0.801,0.175,0.024,1,0.919,4,1,0.851,80.1,0,14,100,45,1,32624.2,34.8,0.701,0,1,2,3
0.15,0.267,0.583,0,0.125,0,5,0.124,15.0,8,0,-4,44,0,17037.53,65.9,0.039,4,8,8,0
0.759,0.122,0.12,1,0.581,2,3,0.533,75.9,1,13,100,55,1,33564.76,32.9,0.772,1,4,1,3
0.454,0.271,0.276,1,0.508,2,3,0.479,45.4,4,4,54,50,0,13593.53,72.8,0.302,2,5,5,1
0.815,0.145,0.04,1,0.709,3,2,0.633,81.5,0,9,100,28,1,22354.12,55.3,0.7,0,3,2,3
0.776,0.155,0.069,1,0.665,3,2,0.624,77.6,1,4,56,27,1,29725.27,40.5,0.832,1,3,2,2
0.422,0.22,0.358,0,0.223,1,4,0.217,42.2,5,4,43,85,0,31206.87,37.6,0.323,2,7,7,0
0.758,0.193,0.049,1,0.808,4,1,0.718,75.8,0,3,49,86,1,20418.08,59.2,0.795,1,2,0,3
0.645,0.076,0.279,1,0.689,3,2,0.65,64.5,4,4,45,69,0,28045.49,43.9,0.47,1,3,5,2
0.209,0.165,0.627,0,0.158,0,5,0.155,20.9,9,2,27,23,1,12430.2,75.1,0.049,3,8,10,0
0.832,0.099,0.069,1,0.642,3,2,0.585,83.2,1,6,78,85,1,22516.93,55.0,0.751,0,4,1,3
0.167,0.345,0.488,0,0.09,0,5,0.076,16.7,7,2,32,46,0,9469.62,81.1,0.015,4,9,8,0
0.87,0.116,0.015,1,0.91,4,1,0.87,87.0,0,9,100,63,1,20776.31,58.4,0.969,0,1,0,3
0.772,0.155,0.073,1,0.73,3,2,0.602,77.2,1,14,100,35,1,17691.18,64.6,0.656,1,3,1,3
0.914,0.06,0.026,1,1.0,5,0,0.801,91.4,0,3,32,18,1,31975.99,36.0,0.763,0,1,1,3
0.615,0.017,0.367,0,0.753,3,2,0.71,61.5,5,4,39,38,0,27314.1,45.4,0.49,1,2,5,0
0.405,0.426,0.169,1,0.252,1,4,0.221,40.5,2,0,19,43,0,10510.83,79.0,0.361,2,7,2,1
0.169,0.305,0.526,1,0.159,0,5,0.151,16.9,7,4,49,29,1,18197.85,63.6,0.252,4,8,7,0
0.818,0.04,0.142,1,0.915,4,1,0.742,81.8,2,11,100,28,1,29222.74,41.6,0.877,0,2,2,3
0.635,0.302,0.063,1,0.508,2,3,0.498,63.5,0,7,74,87,1,29915.72,40.2,0.517,1,5,2,2
0.83,0.087,0.083,1,0.994,4,1,0.938,83.0,1,13,100,23,1,33478.98,33.0,0.643,0,0,3,3
0.632,0.361,0.007,1,0.586,2,3,0.481,63.2,0,7,71,34,1,14030.92,71.9,0.437,1,5,1,2
0.795,0.083,0.122,1,0.645,3,2,0.637,79.5,1,10,100,51,1,19091.7,61.8,0.833,1,3,3,2
0.506,0.095,0.399,1,0.598,2,3,0.532,50.6,5,1,21,41,0,30331.37,39.3,0.452,2,4,5,1
0.878,0.121,0.001,1,0.78,3,2,0.767,87.8,0,12,100,25,1,26385.1,47.2,0.889,0,2,2,3
0.687,0.106,0.206,0,0.635,3,2,0.52,68.7,3,2,16,65,0,10882.56,78.2,0.78,1,4,4,0
0.788,0.193,0.018,1,0.982,4,1,0.832,78.8,0,7,72,28,1,26311.45,47.4,0.65,1,1,1,3
0.839,0.129,0.032,1,0.869,4,1,0.794,83.9,0,13,100,61,1,15592.58,68.8,0.909,0,2,0,3
0.465,0.204,0.331,1,0.646,3,2,0.633,46.5,4,2,27,30,1,31961.12,36.1,0.378,2,3,4,2
0.797,0.164,0.039,0,0.653,3,2,0.58,79.7,0,12,100,86,1,31732.07,36.5,0.625,1,4,1,1
0.547,0.332,0.121,0,0.528,2,3,0.486,54.7,1,0,-2,24,1,33991.01,32.0,0.403,2,5,2,0
0.622,0.305,0.072,1,0.546,2,3,0.539,62.2,1,7,88,24,1,31714.73,36.6,0.679,1,4,2,2
0.099,0.163,0.738,0,0.082,0,5,0.073,9.9,11,2,39,29,1,8197.08,83.6,0.0,4,9,11,0
0.676,0.221,0.103,0,0.677,3,2,0.608,67.6,1,2,28,71,0,10231.35,79.5,0.768,1,3,3,0
0.319,0.42,0.261,0,0.239,1,4,0.203,31.9,3,4,50,58,0,34180.18,31.6,0.123,3,7,5,0
0.871,0.043,0.086,1,0.937,4,1,0.906,87.1,1,6,68,19,1,20825.45,58.3,0.735,0,0,3,3
0.915,0.05,0.035,1,0.986,4,1,0.951,91.5,0,8,72,48,1,33611.0,32.8,0.87,0,0,2,2
0.578,0.146,0.276,0,0.766,3,2,0.678,57.8,4,1,0,69,0,17776.29,64.4,0.617,2,3,5,0
0.682,0.226,0.092,1,0.791,3,2,0.669,68.2,1,8,72,53,1,29284.27,41.4,0.659,1,3,2,2
0.931,0.021,0.049,1,0.963,4,1,0.928,93.1,0,5,67,11,1,15767.95,68.5,0.961,0,0,2,3
0.559,0.172,0.269,1,0.706,3,2,0.65,55.9,4,2,34,74,0,15714.68,68.6,0.488,2,3,4,1
0.572,0.21,0.218,1,0.387,1,4,0.361,57.2,3,1,27,34,0,27834.19,44.3,0.611,2,6,3,1
0.687,0.182,0.13,1,0.657,3,2,0.619,68.7,1,13,100,20,1,18133.2,63.7,0.614,1,3,1,3
0.653,0.139,0.208,1,0.719,3,2,0.688,65.3,3,2,35,62,0,13258.73,73.5,0.549,1,3,4,2
0.707,0.249,0.044,1,0.599,2,3,0.55,70.7,0,4,48,79,1,25628.04,48.7,0.747,1,4,2,2
0.362,0.481,0.157,0,0.387,1,4,0.355,36.2,2,1,29,32,0,34782.6,30.4,0.321,3,6,4,0
0.999,0.0,0.021,1,1.0,5,0,0.896,99.9,0,9,100,47,1,25838.08,48.3,1.0,0,1,2,3
0.619,0.153,0.228,0,0.816,4,1,0.723,61.9,3,0,-5,9,1,10511.96,79.0,0.608,1,2,3,0
0.846,0.072,0.082,1,0.931,4,1,0.847,84.6,1,7,87,76,1,10677.09,78.6,0.671,0,1,1,3
0.694,0.044,0.263,1,0.605,3,2,0.523,69.4,3,4,32,85,0,21842.66,56.3,0.649,1,4,4,2
0.818,0.143,0.039,1,0.843,4,1,0.788,81.8,0,5,69,81,1,23090.8,53.8,0.912,0,2,1,3
0.898,0.091,0.011,1,0.901,4,1,0.728,89.8,0,10,100,24,1,40403.72,19.2,0.881,0,2,1,3
0.856,0.105,0.039,1,0.888,4,1,0.884,85.6,0,11,100,8,1,17882.67,64.2,0.733,0,1,0,3
0.937,0.034,0.028,1,0.896,4,1,0.873,93.7,0,10,100,54,1,24312.18,51.4,0.844,0,1,2,3
0.338,0.541,0.121,1,0.395,1,4,0.342,33.8,1,0,-4,17,1,14430.88,71.1,0.333,3,6,1,1
0.812,0.143,0.044,1,1.0,5,0,0.803,81.2,0,14,100,73,1,34320.15,31.4,0.676,0,1,1,2
0.587,0.133,0.28,1,0.78,3,2,0.771,58.7,4,1,17,60,0,31367.08,37.3,0.607,2,2,4,2
0.425,0.44,0.135,1,0.618,3,2,0.558,42.5,2,1,20,42,0,30482.16,39.0,0.455,2,4,4,1
0.954,0.046,0.0,1,1.0,5,0,0.947,95.4,0,8,90,44,1,35296.71,29.4,0.984,0,0,2,3
0.706,0.208,0.086,1,0.628,3,2,0.61,70.6,1,9,97,30,1,27292.59,45.4,0.75,1,3,1,3
0.886,0.0,0.116,1,0.91,4,1,0.802,88.6,1,9,100,86,1,20268.09,59.5,0.782,0,1,2,3
0.569,0.222,0.209,1,0.606,3,2,0.556,56.9,3,3,42,66,0,15461.4,69.1,0.609,2,4,4,1
0.771,0.223,0.006,1,0.597,2,3,0.59,77.1,0,3,23,28,1,34498.51,31.0,0.615,1,4,1,2
0.315,0.229,0.456,0,0.13,0,5,0.123,31.5,6,2,36,28,1,8315.04,83.4,0.336,3,8,8,0
0.655,0.226,0.119,1,0.842,4,1,0.805,65.5,1,14,100,44,1,20481.45,59.0,0.721,1,1,1,3
0.432,0.237,0.331,1,0.572,2,3,0.548,43.2,4,1,7,23,1,34570.06,30.9,0.234,2,4,6,1
0.875,0.0,0.133,1,1.0,5,0,0.907,87.5,1,8,84,8,1,25627.36,48.7,0.964,0,0,3,3
0.009,0.441,0.549,0,0.0,0,5,0.0,0.9,8,3,46,79,0,9928.03,80.1,0.0,4,10,9,0
0.118,0.451,0.431,0,0.3,1,4,0.281,11.8,6,2,27,23,1,15446.53,69.1,0.178,4,7,6,0
0.568,0.146,0.286,1,0.406,2,3,0.333,56.8,4,0,17,51,0,24368.34,51.3,0.554,2,6,5,1
0.517,0.365,0.117,0,0.376,1,4,0.315,51.7,1,4,42,49,0,26336.46,47.3,0.459,2,6,3,0
0.872,0.104,0.024,1,0.91,4,1,0.864,87.2,0,3,36,61,1,16165.17,67.7,0.894,0,1,0,3
0.454,0.249,0.297,0,0.548,2,3,0.443,45.4,4,3,29,15,1,34296.05,31.4,0.514,2,5,4,0
0.978,0.01,0.013,1,1.0,5,0,0.839,97.8,0,8,99,26,1,16054.95,67.9,0.865,0,1,0,3
0.61,0.094,0.295,0,0.468,2,3,0.434,61.0,4,1,5,59,0,18159.36,63.7,0.501,1,5,6,0
0.829,0.085,0.086,1,0.68,3,2,0.603,82.9,1,10,100,50,1,15541.6,68.9,0.754,0,3,1,3
0.125,0.332,0.543,0,0.299,1,4,0.254,12.5,8,4,46,84,0,16685.67,66.6,0.109,4,7,10,0
0.813,0.071,0.116,1,0.874,4,1,0.751,81.3,1,10,100,38,1,10082.04,79.8,0.649,0,2,2,3
0.999,0.0,0.028,1,0.868,4,1,0.723,99.9,0,11,100,58,1,34207.09,31.6,0.939,0,2,0,3
0.861,0.128,0.011,1,0.929,4,1,0.913,86.1,0,8,78,26,1,22914.01,54.2,0.737,0,0,1,3
0.684,0.224,0.092,1,0.53,2,3,0.481,68.4,1,7,84,32,1,14676.18,70.6,0.592,1,5,3,2
0.884,0.096,0.02,1,0.916,4,1,0.79,88.4,0,10,100,16,1,26333.65,47.3,0.859,0,2,1,3
0.71,0.161,0.129,1,0.596,2,3,0.517,71.0,1,12,100,53,1,16118.6,67.8,0.584,1,4,2,2
0.85,0.107,0.043,1,0.75,3,2,0.612,85.0,0,5,57,65,1,42558.38,14.9,0.663,0,3,0,3
0.925,0.066,0.01,1,0.887,4,1,0.805,92.5,0,8,76,69,1,47404.61,5.2,0.812,0,1,0,3
0.888,0.1,0.012,1,0.907,4,1,0.878,88.8,0,8,82,57,1,28408.04,43.2,0.974,0,1,2,3
0.794,0.194,0.012,1,0.971,4,1,0.782,79.4,0,14,100,19,1,15367.86,69.3,0.869,1,2,1,3
0.085,0.304,0.611,0,0.087,0,5,0.086,8.5,9,3,32,82,0,18899.32,62.2,0.014,4,9,10,0
0.905,0.08,0.014,1,1.0,5,0,0.832,90.5,0,5,64,63,1,22053.83,55.9,0.901,0,1,1,3
0.111,0.479,0.411,0,0.216,1,4,0.204,11.1,6,0,-6,10,1,13584.62,72.8,0.123,4,7,8,0
0.625,0.329,0.047,1,0.572,2,3,0.497,62.5,0,9,87,69,1,17409.54,65.2,0.612,1,5,0,2
0.331,0.142,0.526,0,0.461,2,3,0.451,33.1,7,1,7,46,0,7043.46,85.9,0.277,3,5,8,0
0.978,0.0,0.023,1,1.0,5,0,0.846,97.8,0,10,99,51,1,17403.96,65.2,0.821,0,1,0,3
0.352,0.277,0.371,0,0.309,1,4,0.272,35.2,5,2,16,12,1,15884.83,68.2,0.304,3,7,5,0
0.921,0.048,0.031,1,1.0,5,0,0.99,92.1,0,10,98,44,1,27558.14,44.9,0.845,0,0,2,3
0.819,0.178,0.003,1,0.98,4,1,0.828,81.9,0,7,83,88,1,22455.59,55.1,0.723,0,1,2,3
0.975,0.0,0.027,1,0.873,4,1,0.715,97.5,0,14,100,83,1,40259.0,19.5,0.883,0,2,2,3
0.646,0.0,0.357,1,0.476,2,3,0.432,64.6,5,3,32,9,1,23645.75,52.7,0.532,1,5,6,1
0.159,0.299,0.543,0,0.0,0,5,0.0,15.9,8,3,42,18,1,5725.44,88.5,0.155,4,10,8,0
0.867,0.12,0.013,1,0.958,4,1,0.902,86.7,0,13,100,45,1,28762.76,42.5,0.819,0,0,0,3
0.915,0.074,0.011,1,0.876,4,1,0.872,91.5,0,12,100,66,1,30745.26,38.5,0.874,0,1,0,3
0.855,0.068,0.076,1,0.792,3,2,0.661,85.5,1,7,79,44,1,30017.29,40.0,0.87,0,3,2,3
0.925,0.03,0.045,1,0.792,3,2,0.733,92.5,0,9,97,78,1,40926.38,18.1,0.958,0,2,2,3
0.573,0.236,0.191,1,0.558,2,3,0.513,57.3,2,2,30,76,0,34513.52,31.0,0.521,2,4,2,2
0.744,0.185,0.071,1,0.587,2,3,0.559,74.4,1,7,68,55,1,15624.97,68.8,0.65,1,4,2,2
0.624,0.28,0.096,1,0.798,3,2,0.685,62.4,1,5,54,31,1,15537.52,68.9,0.695,1,3,3,2
0.644,0.318,0.039,1,0.571,2,3,0.514,64.4,0,9,97,62,1,22178.63,55.6,0.445,1,4,1,2
0.703,0.283,0.014,1,0.592,2,3,0.584,70.3,0,12,100,39,1,24721.73,50.6,0.558,1,4,2,2
0.622,0.182,0.196,1,0.71,3,2,0.63,62.2,2,0,-10,66,0,10467.21,79.1,0.529,1,3,3,1
0.079,0.132,0.789,0,0.243,1,4,0.202,7.9,11,4,39,64,0,18257.69,63.5,0.149,4,7,11,0
0.36,0.395,0.245,0,0.349,1,4,0.311,36.0,3,2,28,71,0,28587.5,42.8,0.338,3,6,5,0
0.871,0.093,0.037,1,0.888,4,1,0.886,87.1,0,3,26,63,1,25291.8,49.4,0.738,0,1,2,3
0.989,0.0,0.012,1,0.858,4,1,0.782,98.9,0,6,72,32,1,45218.53,9.6,0.866,0,2,1,3
0.984,0.0,0.024,1,1.0,5,0,0.801,98.4,0,10,100,58,1,24789.33,50.4,0.88,0,1,1,3
0.728,0.124,0.148,1,0.718,3,2,0.668,72.8,2,5,43,44,1,12496.68,75.0,0.57,1,3,2,2
0.937,0.031,0.033,1,0.959,4,1,0.823,93.7,0,9,89,43,1,24797.82,50.4,0.899,0,1,0,3
0.847,0.025,0.128,1,0.87,4,1,0.837,84.7,1,3,40,38,1,30423.55,39.2,0.886,0,1,2,3
0.206,0.296,0.497,0,0.182,0,5,0.167,20.6,7,2,36,29,1,7984.11,84.0,0.126,3,8,7,0
0.891,0.013,0.096,1,0.799,3,2,0.649,89.1,1,10,100,42,1,15099.06,69.8,0.735,0,3,2,3
0.853,0.12,0.027,1,0.884,4,1,0.754,85.3,0,5,42,40,1,25299.52,49.4,0.659,0,2,0,3
0.584,0.269,0.147,1,0.417,2,3,0.397,58.4,2,2,36,30,1,23675.47,52.6,0.661,2,6,3,2
0.816,0.178,0.006,1,1.0,5,0,0.898,81.6,0,14,100,46,1,47729.09,4.5,0.739,0,1,1,3
0.654,0.266,0.08,1,0.812,4,1,0.79,65.4,1,11,100,19,1,30497.51,39.0,0.609,1,2,2,3
0.839,0.113,0.048,1,0.698,3,2,0.606,83.9,0,4,56,41,1,18369.89,63.3,0.851,0,3,1,3
0.894,0.069,0.037,1,0.713,3,2,0.637,89.4,0,9,86,9,1,44396.79,11.2,0.765,0,3,1,3
0.821,0.08,0.099,1,0.969,4,1,0.856,82.1,1,14,100,83,1,30440.91,39.1,0.764,0,1,3,3
0.37,0.0,0.687,0,0.324,1,4,0.266,37.0,10,0,7,86,0,6521.85,87.0,0.249,3,7,10,0
0.474,0.359,0.168,0,0.535,2,3,0.523,47.4,2,4,35,68,0,30109.24,39.8,0.348,2,4,3,0
0.353,0.387,0.26,1,0.176,0,5,0.143,35.3,3,2,27,29,1,18005.24,64.0,0.422,3,8,4,1
0.506,0.234,0.26,1,0.427,2,3,0.41,50.6,3,0,2,34,0,27708.86,44.6,0.577,2,5,5,1
0.82,0.115,0.066,1,0.869,4,1,0.704,82.0,0,6,64,24,1,34973.06,30.1,0.71,0,2,0,3
0.212,0.22,0.568,0,0.336,1,4,0.32,21.2,8,1,4,52,0,13421.74,73.2,0.122,3,6,9,0
0.865,0.09,0.046,1,0.968,4,1,0.852,86.5,0,4,40,23,1,28258.35,43.5,0.857,0,1,1,3
0.793,0.126,0.081,1,0.956,4,1,0.955,79.3,1,3,48,56,1,34201.83,31.6,0.663,1,0,2,3
0.095,0.487,0.417,1,0.0,0,5,0.0,9.5,6,0,4,54,0,10746.74,78.5,0.076,4,10,7,0
0.655,0.285,0.06,1,0.694,3,2,0.689,65.5,0,5,51,86,1,15327.71,69.3,0.537,1,3,0,2
0.344,0.445,0.211,0,0.467,2,3,0.448,34.4,3,1,20,66,0,24548.2,50.9,0.425,3,5,4,0
0.797,0.077,0.127,1,0.709,3,2,0.692,79.7,1,11,100,85,1,34842.45,30.3,0.822,1,3,1,3
0.626,0.299,0.074,1,0.785,3,2,0.681,62.6,1,14,100,9,1,11621.98,76.8,0.578,1,3,1,3
0.038,0.558,0.404,0,0.055,0,5,0.047,3.8,6,3,20,31,0,12431.9,75.1,0.124,4,9,7,0
0.729,0.268,0.003,1,0.782,3,2,0.643,72.9,0,10,100,7,1,14863.51,70.3,0.599,1,3,2,3
0.652,0.114,0.234,1,0.615,3,2,0.514,65.2,3,3,28,84,0,21341.03,57.3,0.641,1,4,5,1
0.484,0.252,0.263,1,0.431,2,3,0.429,48.4,3,4,40,47,0,14791.61,70.4,0.327,2,5,4,1
0.178,0.028,0.794,0,0.282,1,4,0.232,17.8,11,4,31,83,0,17256.56,65.5,0.187,4,7,12,0
0.723,0.275,0.002,1,0.686,3,2,0.641,72.3,0,6,72,55,1,27675.44,44.6,0.56,1,3,2,2
0.96,0.019,0.021,1,1.0,5,0,0.854,96.0,0,3,34,72,1,23151.66,53.7,0.915,0,1,1,3
0.647,0.259,0.094,1,0.67,3,2,0.646,64.7,1,14,100,59,1,29023.15,42.0,0.663,1,3,1,2
0.458,0.222,0.32,1,0.393,1,4,0.364,45.8,4,1,18,57,0,29422.86,41.2,0.479,2,6,4,1
0.644,0.166,0.19,1,0.556,2,3,0.548,64.4,2,4,54,63,0,34362.5,31.3,0.469,1,4,2,2
0.898,0.029,0.073,1,0.976,4,1,0.97,89.8,1,6,59,81,1,17574.77,64.9,0.727,0,0,3,3
0.403,0.231,0.366,0,0.43,2,3,0.378,40.3,5,3,48,53,0,20201.71,59.6,0.472,2,6,5,0
0.613,0.059,0.328,1,0.795,3,2,0.762,61.3,4,0,-5,54,0,20258.69,59.5,0.557,1,2,4,1
0.875,0.079,0.046,1,0.805,4,1,0.729,87.5,0,12,100,74,1,39351.08,21.3,0.772,0,2,0,3
0.283,0.165,0.552,0,0.272,1,4,0.244,28.3,8,1,22,32,0,17024.55,66.0,0.201,3,7,10,0
0.861,0.134,0.004,1,0.754,3,2,0.637,86.1,0,10,94,51,1,34485.19,31.0,0.787,0,3,1,3
0.631,0.286,0.083,1,0.576,2,3,0.549,63.1,1,6,78,87,1,26619.92,46.8,0.567,1,4,3,2
0.649,0.286,0.064,1,0.737,3,2,0.618,64.9,0,6,77,35,1,21099.72,57.8,0.681,1,3,1,2
0.454,0.354,0.192,1,0.388,1,4,0.366,45.4,2,4,34,64,0,17756.72,64.5,0.321,2,6,2,1
0.752,0.135,0.113,1,0.931,4,1,0.808,75.2,1,3,21,26,1,30137.92,39.7,0.666,1,1,1,3
0.953,0.045,0.002,1,1.0,5,0,0.955,95.3,0,6,52,18,1,26007.42,48.0,1.0,0,0,2,3
0.671,0.289,0.04,1,0.746,3,2,0.649,67.1,0,13,100,66,1,31002.83,38.0,0.72,1,3,2,2
0.422,0.235,0.343,1,0.354,1,4,0.325,42.2,5,1,16,56,0,23064.72,53.9,0.424,2,6,5,1
0.674,0.225,0.101,1,0.797,3,2,0.696,67.4,1,4,40,66,1,11520.26,77.0,0.656,1,3,2,2
0.482,0.208,0.31,0,0.436,2,3,0.375,48.2,4,1,25,61,0,21216.32,57.6,0.294,2,6,6,0
0.143,0.427,0.43,0,0.066,0,5,0.058,14.3,6,2,25,16,1,13346.82,73.3,0.196,4,9,6,0
0.98,0.006,0.014,1,1.0,5,0,0.951,98.0,0,9,98,47,1,31611.4,36.8,0.84,0,0,1,3
0.817,0.147,0.036,1,0.686,3,2,0.55,81.7,0,13,100,53,1,48791.32,2.4,0.678,0,4,2,3
0.132,0.556,0.312,0,0.134,0,5,0.109,13.2,4,0,-3,21,1,12804.78,74.4,0.036,4,8,4,0
0.34,0.315,0.345,0,0.257,1,4,0.208,34.0,5,1,4,20,1,24332.43,51.3,0.263,3,7,7,0
0.619,0.0,0.392,0,0.435,2,3,0.351,61.9,5,2,17,61,0,27437.43,45.1,0.691,1,6,6,0
0.895,0.09,0.015,1,0.898,4,1,0.808,89.5,0,12,100,71,1,30981.03,38.0,0.881,0,1,2,3
0.663,0.206,0.131,1,0.553,2,3,0.447,66.3,1,4,55,72,1,17224.42,65.6,0.66,1,5,1,2
0.862,0.089,0.049,1,0.904,4,1,0.876,86.2,0,6,60,14,1,40812.05,18.4,0.858,0,1,0,3
0.405,0.311,0.284,0,0.329,1,4,0.277,40.5,4,3,41,20,1,13862.55,72.3,0.479,2,7,4,0
0.393,0.317,0.291,1,0.38,1,4,0.308,39.3,4,4,37,64,0,20776.09,58.4,0.377,3,6,4,1
0.331,0.432,0.237,1,0.138,0,5,0.126,33.1,3,2,37,74,0,14581.4,70.8,0.363,3,8,3,1
0.451,0.331,0.218,1,0.499,2,3,0.439,45.1,3,3,40,14,1,15192.89,69.6,0.54,2,5,3,1
0.358,0.416,0.226,0,0.42,2,3,0.343,35.8,3,3,25,79,0,15186.51,69.6,0.415,3,6,5,0
0.856,0.139,0.004,1,0.933,4,1,0.86,85.6,0,4,42,54,1,20618.9,58.8,0.75,0,1,1,3
0.061,0.165,0.774,0,0.0,0,5,0.0,6.1,11,0,6,26,1,13909.37,72.2,0.124,4,10,13,0
0.497,0.188,0.315,1,0.3,1,4,0.244,49.7,4,1,19,43,0,11560.06,76.9,0.486,2,7,5,1
0.404,0.272,0.325,0,0.542,2,3,0.448,40.4,4,0,2,71,0,12758.56,74.5,0.234,2,5,6,0
0.587,0.253,0.16,1,0.493,2,3,0.439,58.7,2,2,10,70,0,22894.31,54.2,0.665,2,5,4,1
0.546,0.168,0.286,0,0.589,2,3,0.515,54.6,4,1,5,65,0,23803.85,52.4,0.346,2,4,5,0
0.675,0.256,0.07,1,0.594,2,3,0.502,67.5,1,6,54,89,1,30531.66,38.9,0.534,1,4,2,1
0.779,0.197,0.024,1,0.751,3,2,0.604,77.9,0,7,77,32,1,18743.49,62.5,0.869,1,3,2,3
0.634,0.325,0.041,1,0.671,3,2,0.641,63.4,0,11,100,52,1,21304.02,57.4,0.502,1,3,2,2
0.585,0.302,0.113,0,0.428,2,3,0.392,58.5,1,2,15,27,1,24819.27,50.4,0.613,2,6,1,0
0.629,0.23,0.14,1,0.828,4,1,0.825,62.9,2,7,72,51,1,10974.25,78.1,0.447,1,1,2,2
0.838,0.126,0.036,1,0.814,4,1,0.788,83.8,0,4,43,68,1,23786.32,52.4,0.707,0,2,0,2
0.904,0.079,0.017,1,0.96,4,1,0.853,90.4,0,10,96,65,1,16697.92,66.6,0.913,0,1,0,3
0.771,0.123,0.106,1,0.607,3,2,0.603,77.1,1,13,100,72,1,23282.76,53.4,0.587,1,3,2,3
0.83,0.121,0.049,1,0.925,4,1,0.827,83.0,0,14,100,69,1,40486.09,19.0,0.84,0,1,1,3
0.142,0.508,0.35,0,0.0,0,5,0.0,14.2,5,1,17,11,1,7946.76,84.1,0.184,4,10,6,0
0.648,0.084,0.268,1,0.613,3,2,0.533,64.8,4,1,8,69,0,14189.07,71.6,0.506,1,4,5,1
0.953,0.031,0.016,1,1.0,5,0,0.929,95.3,0,9,100,84,1,29376.06,41.2,0.823,0,0,0,3
0.758,0.127,0.114,1,0.845,4,1,0.774,75.8,1,6,59,40,1,30516.06,39.0,0.75,1,2,2,3
0.38,0.266,0.353,0,0.312,1,4,0.277,38.0,5,3,32,72,0,19815.94,60.4,0.358,3,7,5,0
0.586,0.298,0.115,1,0.446,2,3,0.395,58.6,1,2,26,38,0,16298.13,67.4,0.497,2,6,3,1
0.782,0.208,0.009,1,0.748,3,2,0.648,78.2,0,5,68,70,1,29938.09,40.1,0.631,1,3,0,3
0.692,0.199,0.109,1,0.682,3,2,0.637,69.2,1,7,89,29,1,23986.0,52.0,0.525,1,3,1,2
0.863,0.107,0.029,1,0.772,3,2,0.751,86.3,0,12,100,62,1,28390.77,43.2,0.768,0,2,0,3
0.037,0.333,0.63,0,0.009,0,5,0.008,3.7,9,0,-9,47,0,18344.32,63.3,0.048,4,9,10,0
0.672,0.28,0.047,1,0.783,3,2,0.728,67.2,0,3,27,14,1,21116.11,57.8,0.662,1,2,1,2
0.857,0.104,0.039,1,0.833,4,1,0.779,85.7,0,8,96,54,1,38625.18,22.7,0.83,0,2,2,3
0.32,0.302,0.379,0,0.511,2,3,0.482,32.0,5,1,9,68,0,11724.33,76.6,0.216,3,5,7,0
0.939,0.059,0.002,1,0.975,4,1,0.848,93.9,0,7,78,74,1,46949.44,6.1,0.828,0,1,1,3
0.88,0.078,0.041,1,0.97,4,1,0.955,88.0,0,13,100,24,1,30062.23,39.9,0.916,0,0,2,3
0.311,0.495,0.194,1,0.17,0,5,0.148,31.1,2,0,-1,48,0,26583.15,46.8,0.142,3,8,3,0
0.055,0.425,0.52,0,0.216,1,4,0.207,5.5,7,2,33,14,1,17045.69,65.9,0.139,4,7,9,0
0.882,0.105,0.013,1,0.985,4,1,0.847,88.2,0,11,100,37,1,42787.45,14.4,0.765,0,1,2,3
0.883,0.077,0.04,1,1.0,5,0,0.946,88.3,0,4,52,46,1,16102.0,67.8,0.74,0,0,1,3
0.664,0.244,0.092,1,0.527,2,3,0.478,66.4,1,5,41,44,1,21673.96,56.7,0.641,1,5,1,1
0.489,0.217,0.294,1,0.653,3,2,0.535,48.9,4,1,8,20,1,12507.42,75.0,0.378,2,4,5,1
0.364,0.415,0.221,1,0.176,0,5,0.163,36.4,3,1,5,43,0,32512.77,35.0,0.373,3,8,5,0
0.578,0.079,0.343,1,0.462,2,3,0.395,57.8,5,4,54,42,0,28377.93,43.2,0.492,2,6,6,1
0.612,0.385,0.003,1,0.628,3,2,0.571,61.2,0,13,100,87,1,19040.51,61.9,0.67,1,4,1,2
0.646,0.177,0.177,1,0.685,3,2,0.549,64.6,2,0,17,55,0,30215.3,39.6,0.552,1,4,3,2
0.702,0.261,0.037,1,0.89,4,1,0.844,70.2,0,6,59,70,1,34145.76,31.7,0.796,1,1,1,3
0.991,0.0,0.032,1,0.925,4,1,0.879,99.1,0,11,100,35,1,48146.25,3.7,0.996,0,1,2,3
0.059,0.158,0.783,0,0.201,1,4,0.179,5.9,11,1,27,30,1,8747.97,82.5,0.0,4,8,12,0
0.606,0.185,0.209,1,0.445,2,3,0.417,60.6,3,2,27,11,1,34660.55,30.7,0.696,1,5,4,1
0.68,0.297,0.023,1,0.655,3,2,0.547,68.0,0,8,90,14,1,30851.11,38.3,0.624,1,4,0,3
0.862,0.103,0.035,1,1.0,5,0,0.841,86.2,0,7,81,69,1,46302.89,7.4,0.681,0,1,2,3
0.265,0.039,0.696,0,0.383,1,4,0.353,26.5,10,4,50,35,0,5942.94,88.1,0.18,3,6,10,0
0.768,0.083,0.149,1,0.582,2,3,0.549,76.8,2,14,100,54,1,30983.12,38.0,0.801,1,4,4,2
0.261,0.406,0.333,0,0.193,0,5,0.169,26.1,4,4,55,37,0,11467.75,77.1,0.124,3,8,4,0
0.671,0.292,0.037,1,0.69,3,2,0.67,67.1,0,12,100,13,1,25416.75,49.2,0.622,1,3,1,3
0.856,0.059,0.085,1,1.0,5,0,0.999,85.6,1,7,72,33,1,17475.3,65.0,0.749,0,0,3,3
0.232,0.062,0.705,0,0.259,1,4,0.226,23.2,10,4,50,21,1,13451.48,73.1,0.324,3,7,10,0
0.865,0.107,0.028,1,0.988,4,1,0.818,86.5,0,8,98,32,1,14870.89,70.3,0.884,0,1,0,3
0.937,0.037,0.026,1,0.997,4,1,0.972,93.7,0,8,94,83,1,30254.44,39.5,0.887,0,0,1,3
0.646,0.246,0.109,1,0.65,3,2,0.599,64.6,1,1,12,64,0,27172.75,45.7,0.678,1,4,2,2
0.7,0.0,0.355,0,0.578,2,3,0.499,70.0,5,1,27,78,0,29459.06,41.1,0.755,1,5,7,0
0.685,0.299,0.016,1,0.542,2,3,0.506,68.5,0,7,72,8,1,13488.87,73.0,0.72,1,4,0,2
0.95,0.017,0.033,1,0.919,4,1,0.87,95.0,0,10,92,76,1,42673.07,14.7,0.904,0,1,1,3
0.398,0.231,0.371,1,0.202,1,4,0.197,39.8,5,2,29,68,0,34220.58,31.6,0.49,3,8,5,0
0.505,0.167,0.329,0,0.481,2,3,0.456,50.5,4,1,11,88,0,22684.86,54.6,0.526,2,5,6,0
0.216,0.259,0.525,0,0.271,1,4,0.226,21.6,7,3,42,8,1,14148.16,71.7,0.028,3,7,7,0
0.889,0.023,0.088,1,0.842,4,1,0.703,88.9,1,12,100,39,1,15014.46,70.0,0.95,0,2,1,3
0.518,0.196,0.286,1,0.48,2,3,0.436,51.8,4,3,40,61,0,18814.05,62.4,0.612,2,5,6,1
0.206,0.418,0.375,0,0.286,1,4,0.27,20.6,5,1,28,43,0,16554.81,66.9,0.177,3,7,6,0
0.016,0.519,0.465,0,0.002,0,5,0.002,1.6,6,2,30,48,0,11794.69,76.4,0.0,4,9,8,0
0.818,0.175,0.007,1,0.872,4,1,0.846,81.8,0,13,100,16,1,40987.9,18.0,0.792,0,1,1,3
0.441,0.257,0.302,0,0.475,2,3,0.406,44.1,4,2,36,62,0,24476.87,51.0,0.309,2,5,6,0
0.764,0.136,0.101,1,0.894,4,1,0.879,76.4,1,4,46,10,1,20779.09,58.4,0.579,1,1,2,3
0.607,0.312,0.081,1,0.716,3,2,0.673,60.7,1,10,100,46,1,24310.48,51.4,0.675,1,3,2,2
0.648,0.065,0.288,0,0.589,2,3,0.572,64.8,4,3,47,86,0,33829.37,32.3,0.556,1,4,4,0
0.867,0.0,0.144,0,0.702,3,2,0.657,86.7,2,4,31,47,1,10299.5,79.4,0.909,0,3,4,0
0.688,0.197,0.115,0,0.521,2,3,0.506,68.8,1,4,59,17,1,17510.5,65.0,0.505,1,4,2,0
0.821,0.151,0.028,1,0.623,3,2,0.588,82.1,0,3,42,80,1,26795.62,46.4,0.852,0,4,2,2
0.303,0.306,0.391,1,0.391,1,4,0.364,30.3,5,4,45,46,0,16042.69,67.9,0.229,3,6,7,0
0.782,0.215,0.003,1,0.773,3,2,0.688,78.2,0,9,88,12,1,31939.54,36.1,0.601,1,3,0,3
0.91,0.067,0.023,1,0.763,3,2,0.734,91.0,0,10,95,60,1,31160.3,37.7,1.0,0,2,0,3
0.397,0.292,0.311,0,0.321,1,4,0.289,39.7,4,0,-9,27,1,15238.05,69.5,0.45,3,7,6,0
0.956,0.01,0.034,1,0.934,4,1,0.798,95.6,0,11,100,83,1,42930.59,14.1,0.922,0,2,1,3
0.837,0.118,0.046,1,0.72,3,2,0.63,83.7,0,14,100,54,1,25594.99,48.8,0.784,0,3,2,3
0.892,0.017,0.091,1,0.728,3,2,0.673,89.2,1,13,100,50,1,15703.84,68.6,0.77,0,3,1,3
0.402,0.484,0.115,1,0.227,1,4,0.222,40.2,1,3,42,28,1,16866.64,66.3,0.457,2,7,2,1
0.744,0.217,0.039,1,0.783,3,2,0.738,74.4,0,11,100,32,1,23421.66,53.2,0.609,1,2,0,3
0.319,0.482,0.198,1,0.489,2,3,0.453,31.9,2,2,35,32,0,11518.84,77.0,0.301,3,5,3,1
0.615,0.351,0.033,1,0.551,2,3,0.445,61.5,0,12,100,56,1,26773.27,46.5,0.436,1,5,0,2
0.866,0.055,0.079,1,0.991,4,1,0.807,86.6,1,7,70,7,1,17267.5,65.5,0.792,0,1,1,3
0.821,0.165,0.014,1,0.836,4,1,0.785,82.1,0,14,100,27,1,16792.81,66.4,0.656,0,2,1,3
0.677,0.245,0.078,1,0.604,3,2,0.571,67.7,1,8,73,54,1,23742.71,52.5,0.522,1,4,3,2
0.302,0.258,0.44,0,0.126,0,5,0.125,30.2,6,1,11,36,0,12689.92,74.6,0.135,3,8,8,0
0.823,0.137,0.04,1,0.734,3,2,0.644,82.3,0,8,94,84,1,22900.44,54.2,0.694,0,3,2,3
0.841,0.119,0.04,1,0.788,3,2,0.786,84.1,0,9,98,86,1,37311.23,25.4,0.929,0,2,2,3
0.826,0.089,0.085,1,0.97,4,1,0.871,82.6,1,7,62,53,1,24061.77,51.9,0.893,0,1,3,3
0.483,0.355,0.162,1,0.644,3,2,0.595,48.3,2,3,45,70,0,10793.99,78.4,0.472,2,4,2,2
0.233,0.009,0.758,0,0.285,1,4,0.255,23.3,11,4,54,36,0,5067.19,89.9,0.125,3,7,11,0
0.423,0.228,0.349,1,0.572,2,3,0.518,42.3,5,1,11,59,0,17086.15,65.8,0.252,2,4,6,1
0.912,0.054,0.033,1,0.757,3,2,0.628,91.2,0,11,100,66,1,27627.46,44.7,0.975,0,3,0,3
0.78,0.091,0.129,0,0.656,3,2,0.554,78.0,1,5,54,30,1,10924.06,78.2,0.741,1,4,2,0
0.99,0.0,0.027,1,1.0,5,0,0.945,99.0,0,12,100,79,1,38360.51,23.3,0.914,0,0,0,3
0.634,0.258,0.108,1,0.726,3,2,0.614,63.4,1,4,34,33,1,18317.13,63.4,0.512,1,3,3,3
0.639,0.335,0.027,1,0.562,2,3,0.492,63.9,0,9,91,58,1,22066.31,55.9,0.555,1,5,1,2
0.818,0.128,0.054,1,0.982,4,1,0.977,81.8,0,9,85,45,1,26917.14,46.2,0.742,0,0,2,3
0.518,0.129,0.353,1,0.607,3,2,0.52,51.8,5,0,-10,41,0,18736.83,62.5,0.609,2,4,5,1
0.59,0.136,0.274,0,0.539,2,3,0.484,59.0,4,1,28,15,1,18038.74,63.9,0.537,2,5,6,0
0.862,0.098,0.04,1,0.899,4,1,0.895,86.2,0,4,35,26,1,41884.8,16.2,0.811,0,1,0,3
0.349,0.424,0.228,1,0.349,1,4,0.324,34.9,3,3,27,19,1,29953.81,40.1,0.383,3,6,4,1
0.399,0.0,0.678,0,0.225,1,4,0.198,39.9,10,3,25,24,1,13557.28,72.9,0.463,3,8,10,0
0.649,0.298,0.053,1,0.748,3,2,0.68,64.9,0,14,100,15,1,18836.68,62.3,0.495,1,3,0,3
0.076,0.279,0.646,1,0.262,1,4,0.253,7.6,9,3,36,88,0,12051.8,75.9,0.165,4,7,9,0
0.677,0.246,0.076,1,0.609,3,2,0.545,67.7,1,8,90,30,1,15391.21,69.2,0.687,1,4,1,2
0.463,0.426,0.111,0,0.575,2,3,0.53,46.3,1,1,12,78,0,15227.11,69.5,0.363,2,4,1,0
0.738,0.127,0.135,1,0.835,4,1,0.694,73.8,2,10,94,73,1,21447.54,57.1,0.756,1,3,2,3
0.282,0.0,0.76,0,0.157,0,5,0.129,28.2,11,4,51,62,0,17852.22,64.3,0.125,3,8,11,0
0.326,0.547,0.127,0,0.411,2,3,0.331,32.6,1,4,37,25,1,23436.56,53.1,0.319,3,6,3,0
0.888,0.065,0.047,1,0.861,4,1,0.804,88.8,0,9,82,17,1,33836.61,32.3,0.87,0,1,2,3
0.421,0.259,0.321,0,0.358,1,4,0.334,42.1,4,3,32,20,1,30695.36,38.6,0.384,2,6,6,0
0.222,0.314,0.464,0,0.208,1,4,0.194,22.2,6,0,5,49,0,16352.67,67.3,0.261,3,8,8,0
0.368,0.28,0.352,0,0.467,2,3,0.45,36.8,5,1,24,74,0,33450.42,33.1,0.366,3,5,5,0
0.613,0.328,0.059,1,0.478,2,3,0.422,61.3,0,7,62,26,1,24058.78,51.9,0.712,1,5,0,2
0.827,0.085,0.088,1,0.856,4,1,0.848,82.7,1,8,98,66,1,33984.94,32.0,0.867,0,1,2,3
0.834,0.127,0.039,1,0.797,3,2,0.695,83.4,0,8,97,85,1,25938.54,48.1,0.684,0,3,2,3
0.621,0.219,0.16,1,0.72,3,2,0.611,62.1,2,4,33,38,0,34740.95,30.5,0.622,1,3,3,2
0.8,0.109,0.091,1,0.707,3,2,0.704,80.0,1,8,93,80,1,10657.62,78.7,0.777,1,2,3,3
0.989,0.0,0.046,1,0.952,4,1,0.932,98.9,0,10,100,20,1,27982.33,44.0,1.0,0,0,1,3
0.942,0.058,0.0,1,1.0,5,0,0.951,94.2,0,12,100,49,1,34432.11,31.1,0.818,0,0,2,2
0.879,0.014,0.107,1,1.0,5,0,0.898,87.9,1,7,84,80,1,12369.38,75.3,0.848,0,1,2,3
0.83,0.144,0.026,1,0.973,4,1,0.84,83.0,0,4,45,58,1,45082.27,9.8,0.723,0,1,2,3
0.803,0.15,0.048,1,0.849,4,1,0.717,80.3,0,6,50,61,1,27314.69,45.4,0.738,0,2,0,3
0.886,0.111,0.004,1,0.897,4,1,0.834,88.6,0,5,59,17,1,26354.45,47.3,0.735,0,1,2,3
0.366,0.294,0.34,0,0.465,2,3,0.407,36.6,5,1,27,44,0,15030.03,69.9,0.221,3,5,5,0
0.717,0.163,0.12,1,0.614,3,2,0.516,71.7,1,9,87,36,1,11536.2,76.9,0.583,1,4,2,2
0.252,0.341,0.407,0,0.205,1,4,0.168,25.2,6,4,32,19,1,14555.52,70.9,0.202,3,8,7,0
0.807,0.095,0.098,1,0.669,3,2,0.564,80.7,1,12,100,8,1,23821.67,52.4,0.683,0,4,1,3
0.979,0.016,0.006,1,1.0,5,0,0.889,97.9,0,8,92,25,1,36501.53,27.0,1.0,0,1,2,3
0.428,0.373,0.199,1,0.341,1,4,0.303,42.8,2,3,37,69,0,26042.44,47.9,0.336,2,6,2,1
0.116,0.091,0.793,0,0.292,1,4,0.268,11.6,11,3,26,53,0,9641.38,80.7,0.143,4,7,12,0
0.307,0.478,0.215,1,0.18,0,5,0.159,30.7,3,4,54,57,0,11318.56,77.4,0.306,3,8,4,1
0.061,0.312,0.627,0,0.0,0,5,0.0,6.1,9,4,56,85,0,6296.99,87.4,0.0,4,10,10,0
0.038,0.619,0.343,1,0.135,0,5,0.114,3.8,5,4,52,56,0,6621.04,86.8,0.0,4,8,6,0
0.85,0.068,0.082,1,0.804,4,1,0.674,85.0,1,3,20,20,1,27602.08,44.8,0.708,0,3,3,2
0.727,0.191,0.081,1,0.852,4,1,0.836,72.7,1,13,100,11,1,12119.09,75.8,0.606,1,1,1,3
0.75,0.114,0.135,1,0.616,3,2,0.598,75.0,2,14,100,9,1,29623.48,40.8,0.578,1,4,3,2
0.863,0.0,0.149,1,0.7,3,2,0.583,86.3,2,8,98,40,1,17421.7,65.2,0.955,0,4,3,3
0.49,0.27,0.24,1,0.505,2,3,0.407,49.0,3,2,39,86,0,29069.26,41.9,0.365,2,5,4,1
0.884,0.066,0.05,1,0.745,3,2,0.665,88.4,0,9,94,46,1,15712.49,68.6,0.982,0,3,1,3
0.363,0.51,0.127,1,0.553,2,3,0.517,36.3,1,3,30,33,0,23409.53,53.2,0.344,3,4,3,1
0.613,0.267,0.12,1,0.57,2,3,0.517,61.3,1,14,100,52,1,20435.38,59.1,0.514,1,4,3,2
0.064,0.555,0.381,0,0.222,1,4,0.187,6.4,5,3,44,69,0,7948.15,84.1,0.0,4,8,6,0
0.642,0.317,0.041,1,0.492,2,3,0.472,64.2,0,14,100,39,1,29210.81,41.6,0.579,1,5,1,2
0.802,0.183,0.015,1,0.845,4,1,0.809,80.2,0,10,100,71,1,39819.62,20.4,0.818,0,1,0,3
0.3,0.275,0.425,0,0.189,0,5,0.153,30.0,6,1,5,20,1,16880.32,66.2,0.118,3,8,7,0
0.711,0.26,0.029,1,0.752,3,2,0.656,71.1,0,8,90,51,1,18473.18,63.1,0.538,1,3,2,2
0.439,0.399,0.161,1,0.326,1,4,0.303,43.9,2,0,14,48,0,22432.89,55.1,0.412,2,6,4,1
0.802,0.111,0.087,1,0.643,3,2,0.553,80.2,1,12,100,83,1,11799.08,76.4,0.703,0,4,3,2
0.973,0.012,0.015,1,1.0,5,0,0.901,97.3,0,9,94,11,1,39733.59,20.5,0.871,0,0,1,3
0.672,0.294,0.034,1,0.783,3,2,0.662,67.2,0,9,100,74,1,26977.0,46.0,0.614,1,3,0,3
0.122,0.238,0.64,1,0.0,0,5,0.0,12.2,9,2,37,35,0,5347.04,89.3,0.081,4,10,10,0
0.762,0.204,0.033,1,0.684,3,2,0.585,76.2,0,6,60,23,1,23601.34,52.8,0.565,1,4,2,2
0.98,0.01,0.01,1,0.932,4,1,0.85,98.0,0,7,63,52,1,42966.82,14.1,1.0,0,1,2,3
0.966,0.021,0.013,1,0.858,4,1,0.835,96.6,0,3,43,16,1,43723.02,12.6,1.0,0,1,1,3
0.744,0.207,0.049,1,0.805,4,1,0.802,74.4,0,13,100,9,1,30878.44,38.2,0.671,1,1,1,3
0.975,0.0,0.027,1,0.999,4,1,0.801,97.5,0,11,100,49,1,16285.53,67.4,0.828,0,1,2,3
0.377,0.0,0.8,0,0.472,2,3,0.424,37.7,11,2,32,45,0,9400.86,81.2,0.249,3,5,11,0
0.885,0.099,0.016,1,0.858,4,1,0.692,88.5,0,9,93,64,1,18668.92,62.7,0.772,0,3,0,3
0.687,0.249,0.064,1,0.5,2,3,0.484,68.7,0,10,100,41,1,30046.72,39.9,0.601,1,5,0,2
0.993,0.003,0.004,1,0.796,3,2,0.724,99.3,0,8,72,68,1,32555.62,34.9,0.83,0,2,1,3
0.815,0.143,0.042,1,0.745,3,2,0.648,81.5,0,6,65,18,1,19628.4,60.7,0.797,0,3,1,3
0.674,0.233,0.093,1,0.542,2,3,0.478,67.4,1,14,100,86,1,30362.59,39.3,0.687,1,5,3,2
0.893,0.1,0.007,1,0.863,4,1,0.795,89.3,0,5,49,83,1,23954.37,52.1,0.883,0,2,0,3
0.552,0.275,0.173,0,0.587,2,3,0.475,55.2,2,4,49,26,1,33262.29,33.5,0.372,2,5,2,0
0.68,0.095,0.226,1,0.593,2,3,0.51,68.0,3,4,30,60,0,22939.31,54.1,0.76,1,4,5,1
0.887,0.093,0.019,1,0.764,3,2,0.758,88.7,0,6,62,62,1,25368.84,49.3,0.761,0,2,2,3
0.337,0.185,0.478,0,0.47,2,3,0.385,33.7,7,3,44,48,0,16324.09,67.4,0.365,3,6,8,0
0.497,0.293,0.21,1,0.609,3,2,0.489,49.7,3,2,29,22,1,11576.46,76.8,0.419,2,5,4,1
0.222,0.139,0.639,0,0.227,1,4,0.223,22.2,9,4,34,61,0,14417.21,71.2,0.2,3,7,9,1
0.412,0.386,0.202,0,0.515,2,3,0.511,41.2,3,2,34,36,0,11297.89,77.4,0.439,2,4,3,0
0.956,0.013,0.031,1,0.858,4,1,0.704,95.6,0,10,100,20,1,17229.05,65.5,0.816,0,2,1,3
0.643,0.215,0.142,1,0.808,4,1,0.79,64.3,2,4,54,80,0,27629.39,44.7,0.578,1,2,2,2
0.828,0.17,0.002,1,0.632,3,2,0.603,82.8,0,11,100,70,1,27855.24,44.3,0.672,0,3,2,3
0.127,0.292,0.581,0,0.031,0,5,0.031,12.7,8,2,15,35,0,10906.17,78.2,0.02,4,9,9,0
0.627,0.245,0.128,1,0.593,2,3,0.515,62.7,1,3,26,30,1,29500.65,41.0,0.584,1,4,2,2
0.803,0.12,0.076,1,0.763,3,2,0.645,80.3,1,13,100,52,1,22448.46,55.1,0.709,0,3,2,3
0.002,0.558,0.44,0,0.087,0,5,0.084,0.2,6,2,14,17,1,6120.09,87.8,0.0,4,9,8,0
0.663,0.294,0.043,1,0.607,3,2,0.553,66.3,0,14,100,85,1,11850.5,76.3,0.534,1,4,0,3
0.839,0.11,0.051,1,0.965,4,1,0.815,83.9,0,3,42,36,1,20267.15,59.5,0.793,0,1,0,3
0.777,0.119,0.104,1,0.868,4,1,0.857,77.7,1,9,84,43,1,18060.55,63.9,0.739,1,1,3,3
0.388,0.462,0.15,0,0.265,1,4,0.252,38.8,2,4,36,42,0,23606.8,52.8,0.295,3,7,4,0
0.699,0.262,0.04,1,0.615,3,2,0.546,69.9,0,3,38,10,1,14648.36,70.7,0.556,1,4,0,2
0.835,0.059,0.106,1,0.86,4,1,0.816,83.5,1,6,71,23,1,28490.27,43.0,0.652,0,1,3,3
0.529,0.299,0.173,1,0.521,2,3,0.484,52.9,2,1,8,49,0,28301.55,43.4,0.373,2,5,2,1
0.783,0.079,0.138,1,0.679,3,2,0.613,78.3,2,4,58,82,1,13753.01,72.5,0.688,1,3,3,2
0.043,0.19,0.767,0,0.0,0,5,0.0,4.3,11,1,1,57,0,7652.51,84.7,0.084,4,10,12,0
0.831,0.143,0.026,1,0.902,4,1,0.841,83.1,0,10,90,53,1,26202.76,47.6,0.649,0,1,2,3
0.854,0.0,0.146,1,0.997,4,1,0.8,85.4,2,4,54,30,1,29110.64,41.8,0.934,0,2,4,3
0.638,0.222,0.139,1,0.516,2,3,0.463,63.8,2,10,91,31,1,11691.44,76.6,0.477,1,5,4,2
0.986,0.0,0.024,1,1.0,5,0,0.939,98.6,0,14,100,75,1,45358.62,9.3,0.888,0,0,2,3
0.684,0.276,0.041,1,0.545,2,3,0.525,68.4,0,13,100,70,1,26151.1,47.7,0.628,1,4,2,2
0.97,0.005,0.024,1,0.834,4,1,0.805,97.0,0,11,100,28,1,41553.64,16.9,0.789,0,1,1,3
0.777,0.172,0.051,1,0.618,3,2,0.494,77.7,0,10,94,11,1,16091.11,67.8,0.669,1,5,0,3
0.59,0.163,0.248,0,0.481,2,3,0.453,59.0,3,2,13,65,0,16891.92,66.2,0.686,2,5,3,0
0.635,0.274,0.09,1,0.552,2,3,0.535,63.5,1,14,100,13,1,17565.12,64.9,0.648,1,4,2,2
0.966,0.0,0.04,1,0.852,4,1,0.8,96.6,0,11,100,19,1,25324.38,49.4,0.782,0,1,1,3
0.97,0.018,0.012,1,1.0,5,0,0.971,97.0,0,6,57,21,1,22284.69,55.4,0.848,0,0,0,3
0.663,0.0,0.379,0,0.701,3,2,0.64,66.3,5,2,37,41,0,13009.17,74.0,0.625,1,3,7,0
0.885,0.1,0.015,1,1.0,5,0,0.941,88.5,0,7,65,38,1,15819.15,68.4,0.779,0,0,0,3
0.13,0.345,0.524,0,0.002,0,5,0.002,13.0,7,2,18,64,0,9471.12,81.1,0.0,4,9,7,0
0.335,0.334,0.332,0,0.429,2,3,0.392,33.5,4,0,2,32,0,10630.3,78.7,0.154,3,6,6,0
0.698,0.221,0.081,1,0.724,3,2,0.672,69.8,1,5,66,62,1,10960.87,78.1,0.542,1,3,3,2
0.544,0.342,0.114,1,0.503,2,3,0.499,54.4,1,3,32,35,0,19878.7,60.2,0.376,2,5,3,1
0.885,0.075,0.04,1,0.794,3,2,0.676,88.5,0,10,97,45,1,30829.14,38.3,0.799,0,3,0,3
0.195,0.301,0.504,0,0.102,0,5,0.082,19.5,7,2,10,53,0,14447.2,71.1,0.06,4,9,9,0
0.877,0.029,0.094,1,0.755,3,2,0.703,87.7,1,8,70,60,1,16183.36,67.6,0.834,0,2,3,3
0.566,0.259,0.175,0,0.749,3,2,0.647,56.6,2,3,25,87,0,21927.83,56.1,0.367,2,3,2,0
0.403,0.43,0.167,0,0.603,3,2,0.518,40.3,2,1,17,18,1,19217.36,61.6,0.473,2,4,2,0
0.557,0.066,0.377,1,0.651,3,2,0.647,55.7,5,4,39,87,0,16888.9,66.2,0.645,2,3,6,1
0.81,0.111,0.079,1,0.641,3,2,0.589,81.0,1,7,71,61,1,22295.98,55.4,0.671,0,4,2,2
0.801,0.176,0.024,1,0.753,3,2,0.653,80.1,0,6,66,47,1,26227.69,47.5,0.89,0,3,1,3
0.784,0.156,0.06,1,0.736,3,2,0.692,78.4,0,4,47,7,1,13244.08,73.5,0.774,1,3,1,2
0.537,0.355,0.108,0,0.473,2,3,0.445,53.7,1,4,44,41,0,18362.66,63.3,0.426,2,5,2,0
0.9,0.095,0.005,1,0.852,4,1,0.841,90.0,0,11,100,35,1,41138.95,17.7,0.92,0,1,0,3
0.506,0.254,0.24,1,0.614,3,2,0.593,50.6,3,3,34,89,0,10583.47,78.8,0.324,2,4,4,1
0.647,0.032,0.32,0,0.722,3,2,0.605,64.7,4,4,38,71,0,31817.95,36.4,0.584,1,3,6,0
0.883,0.092,0.025,1,0.963,4,1,0.776,88.3,0,13,100,53,1,49341.3,1.3,0.737,0,2,2,3
0.605,0.158,0.237,1,0.468,2,3,0.399,60.5,3,1,29,41,0,27361.91,45.3,0.651,1,6,3,1
0.357,0.244,0.399,0,0.449,2,3,0.36,35.7,5,3,35,22,1,5142.38,89.7,0.299,3,6,7,0
0.416,0.25,0.333,0,0.473,2,3,0.442,41.6,4,3,31,10,1,11879.2,76.2,0.246,2,5,4,0
0.639,0.059,0.302,0,0.83,4,1,0.704,63.9,4,3,33,10,1,30831.84,38.3,0.467,1,2,5,0
0.65,0.038,0.311,0,0.454,2,3,0.39,65.0,4,1,2,7,1,17977.09,64.0,0.504,1,6,5,0
0.951,0.013,0.036,1,0.771,3,2,0.737,95.1,0,6,75,32,1,18811.78,62.4,0.83,0,2,0,3
0.855,0.108,0.037,1,0.924,4,1,0.827,85.5,0,11,100,9,1,38724.79,22.6,0.706,0,1,1,3
0.866,0.101,0.033,1,0.727,3,2,0.669,86.6,0,8,74,38,1,21875.94,56.2,0.933,0,3,0,3
0.639,0.36,0.001,1,0.821,4,1,0.782,63.9,0,12,100,22,1,27005.51,46.0,0.452,1,2,0,3
0.338,0.391,0.27,0,0.402,2,3,0.375,33.8,4,3,36,11,1,11298.59,77.4,0.375,3,6,5,0
0.651,0.272,0.077,1,0.698,3,2,0.592,65.1,1,8,75,76,1,28660.13,42.7,0.676,1,4,3,2
0.146,0.094,0.76,0,0.237,1,4,0.232,14.6,11,4,32,53,0,14247.19,71.5,0.227,4,7,13,0
0.664,0.223,0.113,1,0.66,3,2,0.584,66.4,1,5,48,47,1,25642.69,48.7,0.584,1,4,2,2
0.655,0.274,0.071,1,0.681,3,2,0.671,65.5,1,9,100,87,1,30213.5,39.6,0.639,1,3,3,2
0.924,0.057,0.019,1,1.0,5,0,0.932,92.4,0,5,65,41,1,39566.15,20.9,0.914,0,0,2,3
0.591,0.113,0.296,0,0.777,3,2,0.708,59.1,4,3,28,84,0,11861.98,76.3,0.543,2,2,5,0
0.891,0.105,0.004,1,0.911,4,1,0.842,89.1,0,5,60,24,1,14108.69,71.8,0.691,0,1,2,3
0.683,0.134,0.183,0,0.792,3,2,0.766,68.3,2,2,30,65,0,18757.58,62.5,0.61,1,2,4,0
0.816,0.178,0.006,1,0.664,3,2,0.573,81.6,0,11,100,56,1,21819.53,56.4,0.884,0,4,1,3
0.644,0.318,0.038,1,0.488,2,3,0.487,64.4,0,9,100,36,1,19629.03,60.7,0.629,1,5,0,1
0.835,0.141,0.024,1,0.659,3,2,0.609,83.5,0,4,36,10,1,16304.41,67.4,0.876,0,3,2,3
0.839,0.14,0.021,1,0.862,4,1,0.711,83.9,0,9,94,73,1,23033.8,53.9,0.681,0,2,1,3
0.806,0.151,0.043,1,0.765,3,2,0.698,80.6,0,10,100,48,1,41954.52,16.1,0.902,0,3,0,3
0.685,0.0,0.395,0,0.846,4,1,0.789,68.5,5,4,39,38,0,32284.33,35.4,0.751,1,2,7,0
0.047,0.607,0.346,0,0.121,0,5,0.105,4.7,5,3,45,89,0,9432.76,81.1,0.0,4,8,6,0
0.764,0.127,0.108,1,0.591,2,3,0.564,76.4,1,9,97,56,1,30107.32,39.8,0.606,1,4,1,3
0.824,0.154,0.022,1,0.662,3,2,0.598,82.4,0,14,100,74,1,13260.1,73.5,0.694,0,4,1,3
0.254,0.113,0.633,0,0.293,1,4,0.266,25.4,9,4,38,40,0,15061.58,69.9,0.339,3,7,11,0
0.89,0.067,0.043,1,0.742,3,2,0.688,89.0,0,3,30,72,1,38937.06,22.1,0.761,0,3,0,3
0.696,0.188,0.117,1,0.564,2,3,0.504,69.6,1,3,26,43,1,31051.67,37.9,0.651,1,4,1,2
0.626,0.153,0.221,1,0.496,2,3,0.489,62.6,3,3,38,75,0,11692.11,76.6,0.527,1,5,5,1
0.88,0.107,0.013,1,0.829,4,1,0.779,88.0,0,11,100,28,1,41358.36,17.3,0.856,0,2,0,3
0.89,0.076,0.034,1,0.954,4,1,0.785,89.0,0,9,82,31,1,42320.53,15.4,0.824,0,2,1,3
0.661,0.0,0.381,1,0.58,2,3,0.549,66.1,5,0,7,12,1,10243.35,79.5,0.568,1,4,6,1
0.907,0.052,0.041,1,0.777,3,2,0.719,90.7,0,6,65,62,1,33097.85,33.8,0.883,0,2,2,3
0.329,0.0,0.79,0,0.424,2,3,0.358,32.9,11,0,11,36,0,5327.11,89.3,0.216,3,6,11,1
0.913,0.048,0.04,1,1.0,5,0,0.932,91.3,0,5,50,35,1,36039.96,27.9,0.784,0,0,1,3
0.779,0.078,0.143,1,0.721,3,2,0.653,77.9,2,5,66,44,1,18151.31,63.7,0.681,1,3,2,2
0.11,0.514,0.377,1,0.0,0,5,0.0,11.0,5,3,35,19,1,16451.5,67.1,0.03,4,10,5,0
0.539,0.082,0.379,1,0.62,3,2,0.609,53.9,5,0,-10,60,0,12347.95,75.3,0.639,2,3,7,1
0.813,0.167,0.019,1,0.881,4,1,0.724,81.3,0,10,100,32,1,17990.89,64.0,0.66,0,2,0,3
0.959,0.007,0.034,1,1.0,5,0,0.991,95.9,0,7,67,85,1,42088.53,15.8,1.0,0,0,0,3
0.159,0.504,0.337,0,0.0,0,5,0.0,15.9,5,4,59,71,0,9347.87,81.3,0.0,4,10,7,0
0.641,0.285,0.074,1,0.734,3,2,0.696,64.1,1,12,100,16,1,10497.54,79.0,0.719,1,3,2,2
0.521,0.194,0.285,0,0.423,2,3,0.34,52.1,4,2,29,27,1,11410.36,77.2,0.393,2,6,4,0
0.103,0.125,0.772,0,0.216,1,4,0.21,10.3,11,2,22,65,0,12748.42,74.5,0.036,4,7,12,0
0.893,0.104,0.003,1,0.803,4,1,0.679,89.3,0,6,67,88,1,34613.17,30.8,0.845,0,3,0,3
0.911,0.042,0.047,1,1.0,5,0,0.999,91.1,0,6,52,59,1,29156.79,41.7,0.969,0,0,2,3
0.966,0.014,0.02,1,0.83,4,1,0.719,96.6,0,12,100,44,1,46738.38,6.5,0.981,0,2,1,3
0.115,0.273,0.611,0,0.116,0,5,0.096,11.5,9,0,19,43,0,8699.65,82.6,0.0,4,9,9,0
0.748,0.126,0.126,1,0.815,4,1,0.677,74.8,1,9,88,52,1,23907.6,52.2,0.736,1,3,3,2
0.232,0.27,0.498,0,0.249,1,4,0.243,23.2,7,1,15,21,1,9582.33,80.8,0.112,3,7,8,0
0.955,0.019,0.026,1,0.932,4,1,0.846,95.5,0,9,87,67,1,36032.54,27.9,0.903,0,1,1,3
0.294,0.403,0.303,0,0.347,1,4,0.308,29.4,4,0,-9,64,0,9162.99,81.7,0.369,3,6,4,0
0.86,0.121,0.019,1,1.0,5,0,0.84,86.0,0,8,75,17,1,29236.66,41.5,0.713,0,1,2,3
0.429,0.453,0.118,1,0.339,1,4,0.287,42.9,1,0,2,59,0,28216.72,43.6,0.25,2,7,1,2
0.775,0.214,0.01,1,0.767,3,2,0.765,77.5,0,6,65,67,1,22488.38,55.0,0.763,1,2,1,3
0.005,0.532,0.462,0,0.127,0,5,0.127,0.5,6,4,41,66,0,5385.98,89.2,0.0,4,8,6,0
0.676,0.105,0.219,1,0.574,2,3,0.459,67.6,3,0,-4,44,0,13271.1,73.5,0.657,1,5,4,1
0.17,0.14,0.69,0,0.245,1,4,0.2,17.0,10,4,40,79,0,12931.65,74.1,0.1,4,7,12,0
0.368,0.501,0.131,1,0.218,1,4,0.185,36.8,1,2,28,83,0,17809.93,64.4,0.176,3,8,1,1
0.897,0.101,0.002,1,0.722,3,2,0.623,89.7,0,13,100,9,1,19888.36,60.2,0.94,0,3,1,3
0.378,0.28,0.341,0,0.53,2,3,0.432,37.8,5,2,20,68,0,11970.51,76.1,0.198,3,5,6,0
0.41,0.244,0.347,1,0.395,1,4,0.342,41.0,5,1,21,19,1,34014.07,32.0,0.491,2,6,5,1
0.98,0.0,0.041,1,1.0,5,0,0.805,98.0,0,8,86,71,1,22399.09,55.2,0.975,0,1,2,3
0.699,0.157,0.145,1,0.8,3,2,0.797,69.9,2,5,43,26,1,20386.29,59.2,0.57,1,2,3,2
0.779,0.071,0.15,1,0.838,4,1,0.678,77.9,2,11,100,60,1,15527.64,68.9,0.647,1,3,2,3
0.422,0.296,0.282,1,0.597,2,3,0.486,42.2,4,2,12,37,0,18935.99,62.1,0.35,2,5,5,1
0.887,0.085,0.028,1,0.987,4,1,0.933,88.7,0,11,100,39,1,36846.35,26.3,0.95,0,0,0,3
0.328,0.181,0.491,0,0.423,2,3,0.366,32.8,7,3,47,50,0,16240.36,67.5,0.357,3,6,8,0
0.702,0.28,0.018,1,0.537,2,3,0.442,70.2,0,10,92,39,1,11355.02,77.3,0.709,1,5,0,2
0.672,0.263,0.065,1,0.807,4,1,0.797,67.2,0,8,71,48,1,26604.7,46.8,0.745,1,2,0,3
0.883,0.073,0.043,1,0.942,4,1,0.779,88.3,0,14,100,19,1,28242.24,43.5,0.935,0,2,2,3
0.912,0.051,0.037,1,0.822,4,1,0.769,91.2,0,4,49,9,1,33230.7,33.5,0.823,0,2,0,3
0.517,0.287,0.196,1,0.537,2,3,0.44,51.7,2,4,42,42,0,12266.46,75.5,0.406,2,5,3,1
0.271,0.399,0.33,0,0.41,2,3,0.391,27.1,4,0,5,80,0,15639.04,68.7,0.227,3,6,5,0
0.78,0.158,0.061,1,0.699,3,2,0.56,78.0,0,10,100,78,1,30646.97,38.7,0.776,1,4,0,3
0.901,0.074,0.026,1,0.846,4,1,0.823,90.1,0,8,89,64,1,41972.41,16.1,0.91,0,1,2,3
0.561,0.158,0.282,0,0.527,2,3,0.511,56.1,4,0,-4,14,1,10133.66,79.7,0.575,2,4,6,0
0.601,0.056,0.343,0,0.417,2,3,0.362,60.1,5,3,41,11,1,24518.72,51.0,0.641,1,6,6,0
0.755,0.113,0.132,1,0.66,3,2,0.545,75.5,1,14,100,71,1,18251.17,63.5,0.61,1,4,2,2
0.317,0.452,0.231,1,0.493,2,3,0.456,31.7,3,0,19,23,1,13332.93,73.3,0.251,3,5,4,1
0.848,0.114,0.038,1,0.874,4,1,0.798,84.8,0,4,56,59,1,18646.97,62.7,0.84,0,2,1,3
0.83,0.022,0.147,1,0.832,4,1,0.747,83.0,2,9,92,36,1,11479.73,77.0,0.839,0,2,4,3
0.276,0.102,0.622,0,0.316,1,4,0.263,27.6,9,0,5,64,0,12847.29,74.3,0.085,3,7,11,0
0.523,0.209,0.267,1,0.61,3,2,0.517,52.3,4,0,3,46,0,27904.05,44.2,0.354,2,4,4,1
0.731,0.165,0.104,0,0.621,3,2,0.573,73.1,1,10,100,8,1,16469.04,67.1,0.687,1,4,3,0
0.863,0.058,0.079,0,0.752,3,2,0.67,86.3,1,14,100,15,1,17963.96,64.1,0.823,0,3,3,0
0.686,0.138,0.177,0,0.689,3,2,0.686,68.6,2,1,17,74,0,27516.86,45.0,0.685,1,3,2,0
0.726,0.152,0.121,1,0.594,2,3,0.504,72.6,1,13,100,14,1,17754.0,64.5,0.671,1,4,2,2
0.694,0.291,0.014,1,0.843,4,1,0.808,69.4,0,12,100,11,1,29792.54,40.4,0.739,1,1,0,3
0.812,0.132,0.056,1,0.871,4,1,0.773,81.2,0,13,100,55,1,17963.8,64.1,0.737,0,2,2,3
0.111,0.518,0.371,0,0.294,1,4,0.257,11.1,5,2,27,34,0,9125.8,81.7,0.194,4,7,6,0
0.667,0.3,0.033,1,0.641,3,2,0.581,66.7,0,8,95,61,1,22818.85,54.4,0.514,1,4,2,2
0.103,0.347,0.55,0,0.264,1,4,0.255,10.3,8,0,7,58,0,19811.88,60.4,0.107,4,7,8,0
0.474,0.24,0.287,1,0.353,1,4,0.289,47.4,4,0,11,33,0,27069.06,45.9,0.522,2,7,4,1
0.875,0.116,0.009,1,0.841,4,1,0.735,87.5,0,11,100,27,1,13737.58,72.5,0.828,0,2,2,3
0.317,0.371,0.312,0,0.215,1,4,0.186,31.7,4,0,-4,67,0,17371.27,65.3,0.313,3,8,4,0
0.928,0.071,0.001,1,0.993,4,1,0.883,92.8,0,11,100,51,1,44008.29,12.0,0.998,0,1,1,3
0.4,0.0,0.636,0,0.582,2,3,0.56,40.0,9,3,25,60,0,5412.29,89.2,0.231,3,4,10,0
0.786,0.153,0.061,1,0.91,4,1,0.74,78.6,0,9,100,33,1,10347.25,79.3,0.692,1,2,0,3
0.628,0.223,0.149,1,0.698,3,2,0.604,62.8,2,1,24,16,1,32679.63,34.6,0.599,1,3,3,2
0.816,0.174,0.01,1,0.674,3,2,0.651,81.6,0,9,95,20,1,21980.54,56.0,0.742,0,3,2,3
0.099,0.497,0.405,0,0.212,1,4,0.173,9.9,6,0,0,58,0,19503.03,61.0,0.08,4,8,6,0
0.817,0.038,0.145,1,0.819,4,1,0.739,81.7,2,7,76,31,1,13455.74,73.1,0.895,0,2,2,3
0.979,0.0,0.028,1,1.0,5,0,0.94,97.9,0,9,94,39,1,21516.59,57.0,0.894,0,0,2,3
0.605,0.277,0.118,1,0.428,2,3,0.383,60.5,1,3,26,81,0,24662.73,50.7,0.644,1,6,1,1
0.957,0.037,0.007,1,0.863,4,1,0.695,95.7,0,14,100,49,1,33279.36,33.4,0.991,0,3,2,3
0.624,0.201,0.174,1,0.492,2,3,0.478,62.4,2,4,55,35,0,31255.52,37.5,0.524,1,5,3,2
0.408,0.358,0.234,1,0.244,1,4,0.24,40.8,3,0,5,51,0,14412.61,71.2,0.236,2,7,4,1
0.872,0.0,0.131,1,0.682,3,2,0.592,87.2,1,11,100,67,1,32864.34,34.3,0.778,0,4,2,3
0.276,0.413,0.311,0,0.36,1,4,0.34,27.6,4,4,54,43,0,6063.61,87.9,0.205,3,6,5,0
0.721,0.155,0.124,1,0.602,3,2,0.597,72.1,1,8,90,47,1,18179.42,63.6,0.647,1,4,2,2
0.822,0.152,0.026,1,0.769,3,2,0.767,82.2,0,7,60,52,1,28271.0,43.5,0.919,0,2,2,3
0.679,0.014,0.308,1,0.775,3,2,0.759,67.9,4,4,40,19,1,12315.62,75.4,0.629,1,2,4,2
0.812,0.171,0.017,1,0.727,3,2,0.597,81.2,0,12,100,34,1,49288.4,1.4,0.811,0,4,1,3
0.295,0.0,0.789,0,0.098,0,5,0.094,29.5,11,3,48,79,0,16900.52,66.2,0.209,3,9,13,0
0.847,0.043,0.11,1,0.914,4,1,0.868,84.7,1,6,62,38,1,27214.61,45.6,0.902,0,1,2,3
0.843,0.136,0.021,1,0.795,3,2,0.784,84.3,0,13,100,41,1,21553.18,56.9,0.8,0,2,1,3
0.624,0.002,0.373,0,0.727,3,2,0.619,62.4,5,3,25,18,1,10526.8,78.9,0.607,1,3,7,0
0.877,0.038,0.085,1,0.726,3,2,0.599,87.7,1,4,57,53,1,18256.59,63.5,0.892,0,4,2,2
0.664,0.196,0.14,1,0.752,3,2,0.735,66.4,2,3,33,39,1,24626.05,50.7,0.586,1,2,4,2
0.906,0.055,0.039,1,1.0,5,0,0.984,90.6,0,14,100,21,1,46693.21,6.6,0.824,0,0,1,3
0.926,0.055,0.019,1,1.0,5,0,0.861,92.6,0,7,69,52,1,34817.42,30.4,0.973,0,1,1,3
0.862,0.109,0.029,1,0.746,3,2,0.654,86.2,0,4,34,38,1,24900.51,50.2,0.673,0,3,0,3
0.679,0.223,0.098,1,0.617,3,2,0.552,67.9,1,10,100,65,1,14583.08,70.8,0.588,1,4,2,2
0.877,0.0,0.132,1,0.859,4,1,0.816,87.7,1,6,69,82,1,21111.04,57.8,0.947,0,1,3,3
0.871,0.008,0.12,1,0.801,4,1,0.698,87.1,1,9,95,50,1,22108.16,55.8,0.674,0,3,2,3
0.553,0.165,0.282,1,0.731,3,2,0.588,55.3,4,4,40,16,1,23327.01,53.3,0.651,2,4,5,2
0.68,0.185,0.135,1,0.806,4,1,0.657,68.0,2,9,97,77,1,10135.2,79.7,0.548,1,3,3,2
0.895,0.097,0.008,1,0.798,3,2,0.719,89.5,0,4,44,40,1,16501.36,67.0,0.725,0,2,0,3
0.819,0.142,0.039,1,1.0,5,0,0.9,81.9,0,8,77,66,1,11736.68,76.5,0.717,0,1,0,3
0.846,0.122,0.032,1,0.76,3,2,0.707,84.6,0,6,61,55,1,34907.01,30.2,0.921,0,2,2,3
0.627,0.356,0.017,1,0.605,3,2,0.568,62.7,0,8,80,65,1,24395.34,51.2,0.538,1,4,1,2
0.716,0.174,0.11,1,0.764,3,2,0.678,71.6,1,13,100,32,1,19435.8,61.1,0.731,1,3,2,3
0.976,0.017,0.008,1,1.0,5,0,0.912,97.6,0,12,100,64,1,17924.95,64.2,0.827,0,0,1,3
0.704,0.22,0.076,1,0.777,3,2,0.63,70.4,1,5,42,54,1,18552.23,62.9,0.647,1,3,1,2
0.655,0.253,0.092,1,0.497,2,3,0.403,65.5,1,3,49,22,1,26340.88,47.3,0.466,1,5,3,2
0.999,0.0,0.037,1,0.902,4,1,0.893,99.9,0,7,68,23,1,40494.75,19.0,0.945,0,1,1,3
0.29,0.291,0.419,0,0.29,1,4,0.278,29.0,6,1,3,27,1,7608.87,84.8,0.099,3,7,8,0
0.859,0.129,0.012,1,0.665,3,2,0.571,85.9,0,3,40,45,1,38439.47,23.1,0.912,0,4,1,2
0.304,0.472,0.224,1,0.466,2,3,0.384,30.4,3,2,29,39,0,29515.61,41.0,0.288,3,6,4,1
0.629,0.299,0.072,1,0.464,2,3,0.42,62.9,1,3,46,7,1,19179.29,61.6,0.713,1,5,2,2
0.864,0.003,0.133,1,0.71,3,2,0.606,86.4,1,11,100,26,1,26067.71,47.9,0.928,0,3,3,3
0.978,0.012,0.01,1,0.801,4,1,0.707,97.8,0,6,61,87,1,45095.83,9.8,0.877,0,2,2,3
0.603,0.373,0.024,1,0.421,2,3,0.397,60.3,0,9,85,66,1,30516.88,39.0,0.543,1,6,0,2
0.318,0.471,0.211,1,0.123,0,5,0.113,31.8,3,3,32,18,1,12440.21,75.1,0.366,3,8,4,1
0.683,0.092,0.225,0,0.72,3,2,0.719,68.3,3,1,10,41,0,14162.49,71.7,0.581,1,2,3,0
0.84,0.122,0.038,1,0.78,3,2,0.698,84.0,0,14,100,85,1,44559.12,10.9,0.726,0,3,0,3
0.659,0.245,0.096,1,0.707,3,2,0.638,65.9,1,14,100,19,1,21163.93,57.7,0.524,1,3,3,2
0.627,0.229,0.144,1,0.468,2,3,0.452,62.7,2,3,44,54,1,33703.06,32.6,0.589,1,5,4,2
0.812,0.092,0.096,1,0.903,4,1,0.868,81.2,1,12,100,17,1,32267.6,35.5,0.735,0,1,2,3
0.927,0.057,0.015,1,0.818,4,1,0.811,92.7,0,12,100,42,1,38552.72,22.9,0.912,0,1,2,3
0.859,0.003,0.138,1,0.752,3,2,0.671,85.9,2,9,100,81,1,13972.44,72.1,0.836,0,3,3,3
0.801,0.107,0.092,1,0.827,4,1,0.696,80.1,1,4,44,74,1,28973.69,42.1,0.708,0,3,2,2
0.853,0.144,0.003,1,0.831,4,1,0.788,85.3,0,10,100,67,1,15569.28,68.9,0.751,0,2,0,3
0.76,0.21,0.031,1,0.641,3,2,0.545,76.0,0,11,100,64,1,33832.81,32.3,0.74,1,4,2,2
0.846,0.154,0.0,1,0.886,4,1,0.798,84.6,0,4,50,28,1,30905.22,38.2,0.732,0,2,1,3
0.433,0.361,0.206,0,0.625,3,2,0.616,43.3,3,2,13,72,0,34779.95,30.4,0.34,2,3,3,0
0.922,0.068,0.011,1,0.997,4,1,0.839,92.2,0,9,100,54,1,35314.43,29.4,0.868,0,1,0,3
0.991,0.0,0.04,1,0.942,4,1,0.766,99.1,0,12,100,66,1,15066.6,69.9,1.0,0,2,2,3
0.818,0.105,0.077,1,0.984,4,1,0.842,81.8,1,6,67,68,1,31753.71,36.5,0.813,0,1,3,3
0.168,0.27,0.562,0,0.32,1,4,0.31,16.8,8,4,52,27,1,7953.37,84.1,0.0,4,6,9,1
0.587,0.264,0.149,0,0.557,2,3,0.545,58.7,2,2,17,17,1,16788.15,66.4,0.537,2,4,3,0
0.699,0.134,0.167,1,0.594,2,3,0.587,69.9,2,1,24,34,0,24331.37,51.3,0.593,1,4,2,2
0.801,0.161,0.038,1,0.971,4,1,0.924,80.1,0,10,100,86,1,18412.58,63.2,0.749,0,0,0,3
0.095,0.498,0.407,0,0.0,0,5,0.0,9.5,6,0,-5,34,0,16955.59,66.1,0.027,4,10,6,0
0.534,0.323,0.143,1,0.386,1,4,0.311,53.4,2,3,45,14,1,14536.62,70.9,0.474,2,6,2,2
0.876,0.082,0.043,1,0.721,3,2,0.633,87.6,0,8,89,70,1,21287.74,57.4,0.879,0,3,0,3
0.324,0.454,0.222,0,0.235,1,4,0.232,32.4,3,2,23,77,0,16608.26,66.8,0.295,3,7,4,0
0.986,0.0,0.016,1,0.868,4,1,0.764,98.6,0,5,67,30,1,49845.73,0.3,1.0,0,2,2,3
0.982,0.0,0.034,1,0.848,4,1,0.705,98.2,0,5,43,86,1,43308.84,13.4,0.929,0,2,1,3
0.021,0.48,0.5,0,0.0,0,5,0.0,2.1,7,3,21,84,0,7509.27,85.0,0.078,4,10,9,0
0.962,0.0,0.041,1,0.982,4,1,0.82,96.2,0,10,100,80,1,27828.0,44.3,0.929,0,1,1,3
0.61,0.385,0.005,1,0.487,2,3,0.453,61.0,0,5,40,36,1,30885.15,38.2,0.534,1,5,0,2
0.155,0.179,0.667,0,0.148,0,5,0.124,15.5,10,2,37,74,0,17488.3,65.0,0.079,4,8,12,0
0.56,0.04,0.4,1,0.611,3,2,0.503,56.0,5,1,21,59,0,27547.95,44.9,0.459,2,4,7,1
0.652,0.336,0.012,1,0.798,3,2,0.768,65.2,0,4,32,79,1,18625.74,62.7,0.709,1,2,2,2
0.605,0.123,0.272,0,0.622,3,2,0.598,60.5,4,3,25,81,0,28271.68,43.5,0.516,1,4,6,0
0.897,0.058,0.045,1,1.0,5,0,0.816,89.7,0,6,67,83,1,30841.52,38.3,0.925,0,1,2,3
0.786,0.072,0.142,1,0.848,4,1,0.79,78.6,2,11,100,46,1,30656.22,38.7,0.783,1,2,2,3
0.331,0.393,0.276,0,0.383,1,4,0.311,33.1,4,3,40,79,0,25249.42,49.5,0.339,3,6,4,0
0.844,0.115,0.041,1,0.693,3,2,0.64,84.4,0,5,54,53,1,29895.82,40.2,0.789,0,3,0,3
0.626,0.219,0.155,1,0.687,3,2,0.558,62.6,2,3,47,49,0,34644.15,30.7,0.577,1,4,2,2
0.383,0.23,0.387,0,0.341,1,4,0.301,38.3,5,3,43,67,0,7314.33,85.4,0.332,3,6,5,0
0.65,0.303,0.047,1,0.5,2,3,0.438,65.0,0,8,93,40,1,25095.58,49.8,0.748,1,5,1,2
0.853,0.146,0.001,1,0.987,4,1,0.8,85.3,0,6,71,45,1,44182.59,11.6,0.886,0,1,1,3
0.844,0.12,0.036,1,0.786,3,2,0.734,84.4,0,4,54,15,1,49023.77,2.0,0.657,0,2,1,3
0.172,0.382,0.445,0,0.162,0,5,0.145,17.2,6,0,2,38,0,10298.11,79.4,0.199,4,8,6,0
0.058,0.536,0.407,0,0.0,0,5,0.0,5.8,6,0,11,37,0,14649.44,70.7,0.02,4,10,7,0
0.462,0.142,0.396,1,0.561,2,3,0.456,46.2,5,1,23,41,0,34935.66,30.1,0.384,2,5,7,1
0.673,0.253,0.074,1,0.655,3,2,0.628,67.3,1,7,69,17,1,20392.43,59.2,0.736,1,3,2,2
0.862,0.11,0.028,1,0.77,3,2,0.768,86.2,0,12,100,53,1,44318.58,11.4,0.847,0,2,2,3
0.96,0.002,0.038,1,1.0,5,0,0.924,96.0,0,12,100,34,1,22831.74,54.3,0.927,0,0,2,3
0.876,0.071,0.054,1,0.935,4,1,0.874,87.6,0,10,100,18,1,13226.08,73.5,0.708,0,1,2,3
0.715,0.193,0.091,1,0.62,3,2,0.566,71.5,1,5,56,8,1,24316.2,51.4,0.807,1,4,1,2
0.719,0.157,0.124,1,0.882,4,1,0.772,71.9,1,4,35,35,1,21266.21,57.5,0.634,1,2,1,2
0.531,0.261,0.208,1,0.557,2,3,0.548,53.1,3,4,42,82,0,24070.76,51.9,0.561,2,4,3,1
0.969,0.0,0.036,1,0.939,4,1,0.751,96.9,0,11,100,85,1,40129.56,19.7,0.787,0,2,1,3
0.235,0.166,0.599,0,0.067,0,5,0.066,23.5,8,3,44,71,0,10973.15,78.1,0.122,3,9,10,0
0.732,0.208,0.06,1,0.646,3,2,0.528,73.2,0,10,100,71,1,29344.71,41.3,0.651,1,4,0,3
0.997,0.0,0.044,1,1.0,5,0,0.92,99.7,0,10,100,37,1,41463.78,17.1,0.847,0,0,0,3
0.804,0.152,0.044,1,0.927,4,1,0.802,80.4,0,14,100,21,1,11730.47,76.5,0.819,0,1,0,3
0.652,0.085,0.262,0,0.671,3,2,0.567,65.2,3,3,35,29,1,15106.18,69.8,0.661,1,4,4,1
0.949,0.008,0.043,1,1.0,5,0,0.834,94.9,0,10,100,31,1,31763.84,36.5,0.867,0,1,1,2
0.612,0.255,0.133,1,0.726,3,2,0.589,61.2,2,11,100,56,1,16576.57,66.8,0.663,1,4,3,2
0.771,0.165,0.064,1,0.956,4,1,0.843,77.1,0,3,46,69,1,15397.3,69.2,0.774,1,1,1,3
0.01,0.225,0.765,0,0.092,0,5,0.086,1.0,11,1,0,13,1,12201.85,75.6,0.0,4,9,12,0
0.339,0.292,0.369,1,0.418,2,3,0.373,33.9,5,3,21,62,0,11345.03,77.3,0.406,3,6,7,0
0.035,0.305,0.66,0,0.115,0,5,0.113,3.5,9,3,23,69,0,14833.06,70.3,0.029,4,8,9,0
0.852,0.117,0.031,1,0.886,4,1,0.733,85.2,0,8,70,78,1,36102.76,27.8,0.924,0,2,1,3
0.084,0.612,0.304,0,0.21,1,4,0.21,8.4,4,1,15,48,0,13816.53,72.4,0.172,4,7,4,0
0.281,0.086,0.634,0,0.406,2,3,0.335,28.1,9,2,16,18,1,10092.83,79.8,0.137,3,6,9,0
0.747,0.154,0.099,1,0.558,2,3,0.556,74.7,1,12,100,49,1,21229.41,57.5,0.738,1,4,3,2
0.76,0.209,0.031,1,0.864,4,1,0.747,76.0,0,12,100,44,1,16910.04,66.2,0.822,1,2,2,3
0.471,0.211,0.318,0,0.459,2,3,0.427,47.1,4,4,40,23,1,14980.69,70.0,0.394,2,5,5,0
0.931,0.048,0.021,1,1.0,5,0,0.822,93.1,0,4,57,81,1,23000.02,54.0,0.918,0,1,2,3
0.301,0.214,0.485,0,0.21,1,4,0.175,30.1,7,4,53,31,0,11724.61,76.6,0.325,3,8,9,0
0.741,0.21,0.049,1,0.683,3,2,0.637,74.1,0,9,83,33,1,29018.21,42.0,0.739,1,3,0,3
0.245,0.277,0.478,0,0.223,1,4,0.211,24.5,7,2,14,12,1,6272.71,87.5,0.078,3,7,7,0
0.681,0.096,0.223,1,0.808,4,1,0.778,68.1,3,3,30,32,0,17948.8,64.1,0.772,1,2,5,2
0.425,0.316,0.259,0,0.555,2,3,0.535,42.5,3,4,54,82,0,22750.76,54.5,0.408,2,4,3,0
0.622,0.325,0.053,1,0.499,2,3,0.414,62.2,0,10,94,66,1,28585.57,42.8,0.5,1,5,2,2
0.853,0.144,0.003,1,1.0,5,0,0.877,85.3,0,7,83,32,1,24195.5,51.6,0.702,0,1,1,3
0.74,0.242,0.018,1,0.707,3,2,0.603,74.0,0,7,67,30,1,29398.75,41.2,0.736,1,3,0,3
0.684,0.121,0.195,1,0.628,3,2,0.536,68.4,2,3,30,20,1,17934.39,64.1,0.599,1,4,3,2
0.319,0.441,0.239,1,0.192,0,5,0.159,31.9,3,0,16,58,0,33676.86,32.6,0.348,3,8,5,0
0.686,0.233,0.081,1,0.837,4,1,0.744,68.6,1,3,48,14,1,11894.01,76.2,0.668,1,2,2,2
0.359,0.074,0.567,0,0.18,0,5,0.148,35.9,8,2,15,77,0,15144.45,69.7,0.312,3,8,8,0
0.632,0.185,0.183,0,0.484,2,3,0.397,63.2,2,2,21,9,1,18696.68,62.6,0.693,1,6,4,0
0.337,0.5,0.163,1,0.252,1,4,0.225,33.7,2,1,3,49,0,14924.94,70.2,0.244,3,7,2,1
0.675,0.261,0.064,1,0.593,2,3,0.593,67.5,0,4,42,79,1,31371.67,37.3,0.675,1,4,1,2
0.75,0.243,0.007,1,0.697,3,2,0.645,75.0,0,12,100,84,1,13968.73,72.1,0.705,1,3,0,3
0.659,0.266,0.075,1,0.757,3,2,0.695,65.9,1,7,61,79,1,28600.71,42.8,0.509,1,3,2,2
0.879,0.052,0.07,0,0.871,4,1,0.835,87.9,1,8,75,51,1,27534.82,44.9,0.939,0,1,3,1
0.31,0.577,0.113,0,0.43,2,3,0.37,31.0,1,4,58,61,0,32412.35,35.2,0.227,3,6,1,0
0.759,0.151,0.09,1,0.769,3,2,0.721,75.9,1,3,42,41,1,10320.18,79.4,0.614,1,2,1,2
0.872,0.096,0.033,1,0.895,4,1,0.727,87.2,0,6,64,89,1,39780.1,20.4,0.734,0,2,0,3
0.374,0.515,0.111,1,0.385,1,4,0.333,37.4,1,1,26,23,1,15966.24,68.1,0.364,3,6,3,1
0.503,0.202,0.295,1,0.449,2,3,0.417,50.3,4,4,36,13,1,23552.14,52.9,0.38,2,5,5,1
0.883,0.018,0.099,1,1.0,5,0,0.831,88.3,1,7,61,26,1,19703.81,60.6,0.769,0,1,3,3
0.376,0.413,0.211,1,0.472,2,3,0.409,37.6,3,3,32,35,0,31073.13,37.9,0.298,3,5,4,1
0.625,0.25,0.125,0,0.754,3,2,0.715,62.5,1,3,45,47,0,14639.35,70.7,0.625,1,2,1,0
0.822,0.135,0.042,1,0.646,3,2,0.641,82.2,0,7,62,38,1,10497.17,79.0,0.64,0,3,2,2
0.899,0.093,0.008,1,0.745,3,2,0.73,89.9,0,11,100,15,1,45124.87,9.8,0.898,0,2,1,3
0.988,0.0,0.028,1,0.987,4,1,0.855,98.8,0,9,100,62,1,47650.63,4.7,0.86,0,1,1,3
0.622,0.248,0.13,1,0.593,2,3,0.483,62.2,1,3,41,48,0,11627.62,76.7,0.575,1,5,3,2
0.906,0.068,0.026,1,0.821,4,1,0.82,90.6,0,8,87,86,1,35023.36,30.0,0.895,0,1,0,3
0.678,0.262,0.059,1,0.732,3,2,0.61,67.8,0,10,100,24,1,14302.35,71.4,0.686,1,3,0,3
0.276,0.353,0.371,0,0.199,0,5,0.187,27.6,5,4,56,73,0,8078.82,83.8,0.355,3,8,5,0
0.233,0.308,0.459,0,0.209,1,4,0.185,23.3,6,4,36,17,1,18865.46,62.3,0.314,3,8,7,1
0.816,0.151,0.032,1,0.938,4,1,0.803,81.6,0,13,100,72,1,27690.17,44.6,0.822,0,1,0,3
0.651,0.343,0.006,1,0.511,2,3,0.474,65.1,0,6,72,76,1,10615.33,78.8,0.689,1,5,1,1
0.771,0.14,0.089,1,0.834,4,1,0.711,77.1,1,10,100,85,1,26971.36,46.1,0.587,1,2,2,3
0.972,0.0,0.03,1,0.943,4,1,0.914,97.2,0,7,63,70,1,21929.83,56.1,0.898,0,0,0,3
0.506,0.343,0.151,1,0.364,1,4,0.327,50.6,2,0,8,34,0,12862.07,74.3,0.313,2,6,4,1
0.58,0.159,0.261,1,0.45,2,3,0.384,58.0,3,2,38,11,1,31306.2,37.4,0.559,2,6,5,1
0.857,0.033,0.11,1,0.844,4,1,0.84,85.7,1,8,96,59,1,30334.24,39.3,0.857,0,1,2,3
0.557,0.213,0.23,1,0.662,3,2,0.571,55.7,3,3,49,25,1,18082.3,63.8,0.481,2,4,4,2
0.415,0.379,0.206,0,0.433,2,3,0.359,41.5,3,1,1,50,0,34461.33,31.1,0.351,2,6,5,0
0.943,0.016,0.041,1,0.783,3,2,0.733,94.3,0,14,100,80,1,47933.64,4.1,0.896,0,2,1,3
0.592,0.304,0.104,1,0.57,2,3,0.515,59.2,1,4,49,53,0,32880.78,34.2,0.674,2,4,3,2
0.439,0.352,0.209,1,0.383,1,4,0.315,43.9,3,4,49,53,0,25523.4,49.0,0.516,2,6,4,1
0.793,0.115,0.092,1,0.775,3,2,0.622,79.3,1,3,48,72,1,23097.39,53.8,0.741,1,3,3,2
0.605,0.068,0.327,1,0.692,3,2,0.616,60.5,4,2,23,64,0,33182.31,33.6,0.568,1,3,5,1
0.702,0.189,0.109,1,0.661,3,2,0.618,70.2,1,10,94,19,1,30918.35,38.2,0.524,1,3,1,3
0.715,0.222,0.063,1,0.627,3,2,0.611,71.5,0,11,100,22,1,25973.88,48.1,0.773,1,3,1,3
0.331,0.232,0.437,0,0.261,1,4,0.212,33.1,6,2,30,59,0,9697.53,80.6,0.149,3,7,7,0
0.884,0.058,0.058,1,0.855,4,1,0.692,88.4,0,3,45,17,1,12831.32,74.3,0.724,0,3,2,3
0.896,0.097,0.007,1,0.97,4,1,0.959,89.6,0,3,45,60,1,16916.27,66.2,0.934,0,0,1,3
0.909,0.087,0.003,1,0.871,4,1,0.811,90.9,0,7,89,65,1,29188.25,41.6,0.873,0,1,2,3
0.558,0.165,0.277,0,0.472,2,3,0.438,55.8,4,2,38,85,0,22762.97,54.5,0.574,2,5,4,0
0.802,0.089,0.108,1,0.835,4,1,0.809,80.2,1,4,30,64,1,20579.37,58.8,0.789,0,1,2,2
0.896,0.058,0.045,1,0.9,4,1,0.839,89.6,0,11,100,36,1,32303.01,35.4,0.97,0,1,2,3
0.818,0.083,0.099,1,0.695,3,2,0.581,81.8,1,7,71,41,1,27861.36,44.3,0.788,0,4,1,2
0.957,0.042,0.001,1,0.776,3,2,0.706,95.7,0,10,92,47,1,19699.73,60.6,0.959,0,2,2,3
0.187,0.179,0.634,0,0.257,1,4,0.247,18.7,9,2,11,28,1,18950.39,62.1,0.12,4,7,10,1
0.843,0.111,0.046,1,0.652,3,2,0.642,84.3,0,5,48,31,1,28947.24,42.1,0.94,0,3,0,3
0.321,0.297,0.382,1,0.391,1,4,0.366,32.1,5,2,39,74,0,20913.61,58.2,0.276,3,6,7,0
0.656,0.234,0.11,1,0.687,3,2,0.643,65.6,1,10,100,23,1,28093.18,43.8,0.523,1,3,3,2
0.612,0.263,0.125,1,0.441,2,3,0.393,61.2,1,6,62,46,1,28849.59,42.3,0.554,1,6,1,2
0.98,0.009,0.011,1,1.0,5,0,0.948,98.0,0,3,42,81,1,15393.77,69.2,0.859,0,0,1,3
0.968,0.027,0.005,1,1.0,5,0,0.836,96.8,0,7,78,56,1,25181.75,49.6,0.791,0,1,1,3
0.862,0.13,0.008,1,0.95,4,1,0.917,86.2,0,4,37,48,1,23474.23,53.1,0.668,0,0,0,3
0.683,0.212,0.105,1,0.61,3,2,0.602,68.3,1,6,52,61,1,15436.92,69.1,0.574,1,3,2,2
0.936,0.041,0.023,1,0.939,4,1,0.802,93.6,0,14,100,64,1,41705.06,16.6,1.0,0,1,2,3
0.595,0.073,0.332,1,0.451,2,3,0.424,59.5,4,2,15,40,0,21149.01,57.7,0.433,2,5,5,1
0.605,0.329,0.066,1,0.727,3,2,0.597,60.5,0,3,41,87,1,27639.99,44.7,0.445,1,4,0,2
0.766,0.087,0.147,1,0.876,4,1,0.763,76.6,2,6,72,38,1,34071.74,31.9,0.772,1,2,4,2
0.648,0.219,0.133,1,0.836,4,1,0.711,64.8,1,8,98,62,1,29675.9,40.6,0.479,1,2,2,3
0.412,0.308,0.28,1,0.444,2,3,0.413,41.2,4,1,2,21,1,20449.0,59.1,0.265,2,5,6,1
0.391,0.424,0.185,0,0.459,2,3,0.42,39.1,2,2,14,55,0,29243.34,41.5,0.23,3,5,4,0
0.511,0.292,0.197,1,0.668,3,2,0.633,51.1,2,0,-9,23,1,14253.84,71.5,0.365,2,3,4,0
0.932,0.067,0.0,1,0.892,4,1,0.876,93.2,0,7,69,15,1,44242.85,11.5,0.905,0,1,1,3
0.981,0.013,0.006,1,0.84,4,1,0.686,98.1,0,9,100,30,1,17251.38,65.5,0.878,0,3,2,3
0.947,0.018,0.034,1,0.756,3,2,0.742,94.7,0,9,100,14,1,17853.41,64.3,0.75,0,2,2,3
0.615,0.341,0.044,1,0.456,2,3,0.384,61.5,0,8,70,11,1,27669.22,44.7,0.537,1,6,1,2
0.637,0.059,0.304,1,0.554,2,3,0.494,63.7,4,4,37,10,1,21645.14,56.7,0.516,1,5,6,1
0.832,0.162,0.006,1,0.739,3,2,0.732,83.2,0,5,62,83,1,45629.08,8.7,0.915,0,2,2,3
0.8,0.174,0.026,1,0.734,3,2,0.598,80.0,0,13,100,24,1,25386.39,49.2,0.815,1,4,2,3
0.061,0.513,0.426,0,0.236,1,4,0.221,6.1,6,0,14,33,0,15263.36,69.5,0.048,4,7,7,0
0.507,0.285,0.209,1,0.335,1,4,0.286,50.7,3,2,29,13,1,34283.82,31.4,0.497,2,7,4,1
0.688,0.168,0.144,0,0.502,2,3,0.448,68.8,2,0,19,49,0,22495.52,55.0,0.735,1,5,3,0
0.952,0.015,0.034,1,0.883,4,1,0.818,95.2,0,13,100,73,1,49658.62,0.7,0.903,0,1,0,2
0.232,0.067,0.701,0,0.057,0,5,0.054,23.2,10,2,21,74,0,7060.96,85.9,0.114,3,9,11,0
0.824,0.169,0.007,1,0.771,3,2,0.746,82.4,0,12,100,24,1,34642.13,30.7,0.702,0,2,0,3
0.622,0.001,0.377,1,0.597,2,3,0.538,62.2,5,4,39,85,0,15015.28,70.0,0.65,1,4,5,1
0.567,0.056,0.377,1,0.655,3,2,0.53,56.7,5,3,38,14,1,13889.08,72.2,0.402,2,4,7,1
0.785,0.142,0.072,1,0.702,3,2,0.684,78.5,1,5,49,19,1,26208.13,47.6,0.817,1,3,2,2
0.448,0.371,0.182,1,0.46,2,3,0.425,44.8,2,4,33,62,0,11869.56,76.3,0.506,2,5,2,1
0.862,0.097,0.041,1,0.735,3,2,0.606,86.2,0,7,80,80,1,47116.63,5.8,0.744,0,3,0,3
0.985,0.0,0.025,1,1.0,5,0,0.99,98.5,0,7,85,47,1,40173.41,19.7,0.875,0,0,0,3
0.209,0.429,0.361,0,0.113,0,5,0.109,20.9,5,4,54,60,0,16247.83,67.5,0.086,3,8,6,0
0.631,0.0,0.387,0,0.524,2,3,0.439,63.1,5,1,5,49,0,30546.25,38.9,0.524,1,5,7,0
0.899,0.083,0.018,1,0.865,4,1,0.75,89.9,0,6,71,37,1,34690.89,30.6,0.838,0,2,2,3
0.835,0.159,0.006,1,0.884,4,1,0.778,83.5,0,11,100,13,1,42012.31,16.0,0.82,0,2,0,3
0.553,0.081,0.366,1,0.678,3,2,0.613,55.3,5,2,23,67,0,29980.95,40.0,0.484,2,3,5,1
0.305,0.406,0.29,1,0.128,0,5,0.115,30.5,4,2,33,84,0,14278.12,71.4,0.228,3,8,4,0
0.689,0.188,0.123,0,0.65,3,2,0.6,68.9,1,9,80,81,1,18185.5,63.6,0.495,1,3,2,0
0.668,0.25,0.082,1,0.823,4,1,0.668,66.8,1,9,81,27,1,16363.86,67.3,0.487,1,3,3,2
0.602,0.326,0.072,1,0.644,3,2,0.64,60.2,1,14,100,9,1,31129.67,37.7,0.427,1,3,2,2
0.769,0.196,0.035,1,0.724,3,2,0.673,76.9,0,9,90,86,1,32944.75,34.1,0.59,1,3,0,3
0.804,0.181,0.015,1,0.625,3,2,0.624,80.4,0,10,93,81,1,23196.67,53.6,0.884,0,3,0,3
0.426,0.335,0.239,0,0.465,2,3,0.375,42.6,3,3,39,14,1,18244.2,63.5,0.438,2,6,5,0
0.846,0.117,0.037,1,0.984,4,1,0.884,84.6,0,8,83,79,1,14178.46,71.6,0.92,0,1,0,3
0.88,0.079,0.041,1,0.846,4,1,0.754,88.0,0,8,93,43,1,22710.88,54.6,0.775,0,2,1,3
0.443,0.157,0.4,0,0.342,1,4,0.317,44.3,5,1,2,39,0,13506.42,73.0,0.452,2,6,6,0
0.994,0.003,0.002,1,1.0,5,0,0.851,99.4,0,8,95,70,1,38286.59,23.4,1.0,0,1,0,3
0.958,0.027,0.015,1,1.0,5,0,0.992,95.8,0,11,100,54,1,37480.43,25.0,0.851,0,0,1,3
0.738,0.179,0.083,1,0.894,4,1,0.815,73.8,1,5,65,76,1,19389.65,61.2,0.683,1,1,2,3
0.568,0.124,0.308,0,0.581,2,3,0.536,56.8,4,1,27,74,0,12664.77,74.7,0.615,2,4,5,0
0.654,0.344,0.003,1,0.604,3,2,0.496,65.4,0,11,100,18,1,27178.33,45.6,0.61,1,5,0,2
0.716,0.219,0.065,1,0.741,3,2,0.649,71.6,0,4,46,51,1,33889.5,32.2,0.663,1,3,0,1
0.417,0.418,0.166,1,0.301,1,4,0.296,41.7,2,1,19,36,0,23850.25,52.3,0.424,2,7,4,1
0.967,0.003,0.029,1,1.0,5,0,0.984,96.7,0,9,88,68,1,35953.87,28.1,0.774,0,0,1,3
0.436,0.279,0.285,0,0.244,1,4,0.217,43.6,4,3,43,7,1,11320.14,77.4,0.275,2,7,4,0
0.958,0.006,0.036,1,1.0,5,0,0.843,95.8,0,5,50,88,1,39522.83,21.0,1.0,0,1,1,3
0.57,0.182,0.248,1,0.76,3,2,0.733,57.0,3,0,-8,48,0,12950.95,74.1,0.557,2,2,3,1
0.898,0.055,0.046,1,0.73,3,2,0.705,89.8,0,10,100,56,1,42431.59,15.1,0.843,0,2,1,3
0.647,0.343,0.01,1,0.82,4,1,0.743,64.7,0,5,40,8,1,19236.39,61.5,0.464,1,2,2,2
0.758,0.193,0.049,1,0.751,3,2,0.701,75.8,0,9,100,21,1,23492.36,53.0,0.591,1,2,1,3
0.603,0.356,0.041,1,0.803,4,1,0.737,60.3,0,6,65,35,1,24010.56,52.0,0.617,1,2,1,2
0.049,0.57,0.381,0,0.025,0,5,0.023,4.9,5,3,36,76,0,10657.7,78.7,0.0,4,9,6,0
0.804,0.148,0.048,1,0.914,4,1,0.759,80.4,0,13,100,24,1,36579.13,26.8,0.687,0,2,0,3
0.32,0.425,0.255,0,0.337,1,4,0.334,32.0,3,3,43,18,1,15737.8,68.5,0.387,3,6,3,0
0.85,0.148,0.002,1,0.85,4,1,0.832,85.0,0,10,100,35,1,24420.47,51.2,0.801,0,1,2,3
0.08,0.396,0.524,0,0.0,0,5,0.0,8.0,7,3,21,19,1,10817.9,78.4,0.084,4,10,8,0
0.702,0.255,0.043,1,0.576,2,3,0.554,70.2,0,8,87,14,1,13700.96,72.6,0.642,1,4,1,1
0.726,0.259,0.016,1,0.849,4,1,0.73,72.6,0,12,100,56,1,32635.43,34.7,0.751,1,2,1,3
0.627,0.337,0.037,1,0.611,3,2,0.598,62.7,0,13,100,21,1,27807.36,44.4,0.55,1,4,0,2
0.994,0.0,0.046,1,0.986,4,1,0.938,99.4,0,14,100,82,1,45618.83,8.8,0.803,0,0,2,3
0.899,0.058,0.043,1,0.774,3,2,0.712,89.9,0,12,100,50,1,32035.27,35.9,0.724,0,2,2,3
0.255,0.028,0.717,0,0.225,1,4,0.185,25.5,10,4,48,88,0,7387.15,85.2,0.308,3,8,12,0
0.308,0.534,0.158,1,0.169,0,5,0.165,30.8,2,0,17,81,0,23824.83,52.4,0.202,3,8,2,1
0.941,0.029,0.029,1,1.0,5,0,0.86,94.1,0,9,87,23,1,42905.0,14.2,0.92,0,1,1,3
0.316,0.508,0.176,1,0.441,2,3,0.421,31.6,2,1,23,45,0,31264.0,37.5,0.139,3,5,3,1
0.226,0.293,0.482,0,0.264,1,4,0.23,22.6,7,0,17,83,0,6858.99,86.3,0.31,3,7,8,0
0.967,0.0,0.034,1,1.0,5,0,0.828,96.7,0,8,84,73,1,46875.52,6.2,0.97,0,1,0,3
0.837,0.159,0.004,1,1.0,5,0,0.862,83.7,0,12,100,45,1,17519.33,65.0,0.925,0,1,1,3
0.69,0.0,0.381,1,0.497,2,3,0.472,69.0,5,2,39,58,0,30974.27,38.1,0.786,1,5,6,1
0.623,0.251,0.126,1,0.766,3,2,0.616,62.3,1,1,8,16,1,29169.78,41.7,0.461,1,3,1,2
0.858,0.11,0.032,1,0.973,4,1,0.817,85.8,0,4,40,38,1,25401.96,49.2,0.894,0,1,1,3
0.604,0.317,0.079,1,0.672,3,2,0.56,60.4,1,8,89,60,1,23716.85,52.6,0.471,1,4,2,2
0.749,0.131,0.119,1,0.841,4,1,0.725,74.9,1,4,59,89,1,17440.2,65.1,0.713,1,2,1,3
0.884,0.104,0.012,1,1.0,5,0,0.822,88.4,0,11,100,74,1,22871.61,54.3,0.872,0,1,0,3
0.13,0.371,0.499,0,0.302,1,4,0.254,13.0,7,4,31,51,0,12637.02,74.7,0.142,4,7,7,0
0.605,0.293,0.103,1,0.615,3,2,0.611,60.5,1,9,100,63,1,18370.49,63.3,0.6,1,3,2,2
0.698,0.171,0.131,0,0.855,4,1,0.704,69.8,1,4,35,80,0,33866.73,32.3,0.735,1,2,1,0
0.911,0.072,0.017,1,1.0,5,0,0.833,91.1,0,7,77,57,1,48273.5,3.5,0.843,0,1,1,3
0.718,0.226,0.056,1,0.588,2,3,0.515,71.8,0,14,100,51,1,27884.87,44.2,0.789,1,4,2,2
0.698,0.155,0.147,1,0.788,3,2,0.738,69.8,2,4,53,33,0,26658.53,46.7,0.554,1,2,2,2
0.716,0.239,0.045,1,0.719,3,2,0.656,71.6,0,8,73,21,1,12659.17,74.7,0.77,1,3,2,2
0.971,0.015,0.014,1,0.935,4,1,0.883,97.1,0,4,51,34,1,18617.68,62.8,0.944,0,1,1,3
0.83,0.137,0.033,1,0.783,3,2,0.689,83.0,0,10,99,28,1,31141.41,37.7,0.836,0,3,2,3
0.103,0.421,0.476,0,0.0,0,5,0.0,10.3,7,2,36,71,0,19326.58,61.3,0.0,4,10,7,0
0.665,0.22,0.115,1,0.583,2,3,0.466,66.5,1,3,27,78,1,29159.64,41.7,0.613,1,5,1,2
0.699,0.287,0.014,1,0.843,4,1,0.82,69.9,0,11,100,19,1,34967.98,30.1,0.74,1,1,1,3
0.725,0.27,0.005,1,0.812,4,1,0.716,72.5,0,11,100,17,1,24606.95,50.8,0.797,1,2,1,3
0.842,0.122,0.037,1,0.682,3,2,0.668,84.2,0,7,79,12,1,36358.51,27.3,0.875,0,3,1,3
0.282,0.226,0.492,0,0.479,2,3,0.44,28.2,7,0,14,37,0,14857.19,70.3,0.382,3,5,9,0
0.839,0.104,0.056,1,1.0,5,0,0.806,83.9,0,10,100,20,1,10036.62,79.9,0.909,0,1,2,3
0.628,0.188,0.183,1,0.757,3,2,0.725,62.8,2,3,49,70,0,11996.17,76.0,0.52,1,2,2,1
0.696,0.078,0.226,1,0.755,3,2,0.745,69.6,3,2,34,9,1,26321.31,47.4,0.732,1,2,4,2
0.38,0.509,0.11,0,0.519,2,3,0.422,38.0,1,3,27,42,0,30921.33,38.2,0.355,3,5,2,0
0.819,0.143,0.038,1,0.654,3,2,0.542,81.9,0,14,100,32,1,31003.65,38.0,0.639,0,4,0,3
0.976,0.0,0.027,1,1.0,5,0,0.888,97.6,0,12,100,46,1,46911.33,6.2,0.826,0,1,1,3
0.635,0.231,0.134,0,0.737,3,2,0.645,63.5,2,6,73,36,1,16688.32,66.6,0.54,1,3,3,0
0.758,0.182,0.06,1,0.76,3,2,0.613,75.8,0,11,100,25,1,16980.49,66.0,0.612,1,3,2,3
0.771,0.149,0.08,1,0.783,3,2,0.74,77.1,1,13,100,65,1,24399.39,51.2,0.67,1,2,2,3
0.61,0.294,0.096,1,0.596,2,3,0.564,61.0,1,14,100,50,1,25840.97,48.3,0.617,1,4,2,2
0.932,0.058,0.01,1,1.0,5,0,0.835,93.2,0,12,100,29,1,27193.26,45.6,1.0,0,1,0,3
0.697,0.112,0.191,1,0.59,2,3,0.537,69.7,2,3,24,49,0,13680.49,72.6,0.724,1,4,2,2
0.56,0.222,0.218,1,0.558,2,3,0.452,56.0,3,0,4,18,1,13151.79,73.7,0.576,2,5,5,1
0.92,0.062,0.018,1,0.801,4,1,0.771,92.0,0,13,100,18,1,41862.67,16.3,1.0,0,2,1,3
0.726,0.231,0.043,1,0.774,3,2,0.629,72.6,0,12,100,32,1,17328.97,65.3,0.748,1,3,1,3
0.561,0.276,0.163,1,0.482,2,3,0.467,56.1,2,1,21,20,1,23252.59,53.5,0.402,2,5,2,2
0.831,0.109,0.06,1,0.829,4,1,0.679,83.1,0,9,97,20,1,12379.64,75.2,0.89,0,3,0,3
0.576,0.268,0.156,1,0.639,3,2,0.567,57.6,2,2,12,38,0,31144.64,37.7,0.383,2,4,4,1
0.809,0.129,0.062,1,0.734,3,2,0.628,80.9,0,12,100,8,1,22382.29,55.2,0.77,0,3,2,3
0.832,0.14,0.027,1,0.683,3,2,0.665,83.2,0,14,100,7,1,31340.71,37.3,0.754,0,3,1,3
0.38,0.095,0.525,1,0.531,2,3,0.513,38.0,7,0,-5,85,0,17479.91,65.0,0.378,3,4,8,0
0.866,0.005,0.128,1,1.0,5,0,0.939,86.6,1,6,58,24,1,22190.19,55.6,0.815,0,0,1,3
0.66,0.25,0.089,0,0.62,3,2,0.591,66.0,1,8,83,61,1,26933.23,46.1,0.526,1,4,2,0
0.239,0.377,0.385,0,0.334,1,4,0.299,23.9,5,4,53,44,0,19244.71,61.5,0.193,3,7,5,0
0.834,0.142,0.024,1,0.931,4,1,0.749,83.4,0,13,100,87,1,28128.16,43.7,0.888,0,2,0,3
0.521,0.152,0.327,1,0.452,2,3,0.393,52.1,4,3,23,87,0,12449.4,75.1,0.367,2,6,4,1
0.867,0.114,0.019,1,0.729,3,2,0.618,86.7,0,9,93,8,1,26747.18,46.5,0.695,0,3,1,3
0.552,0.346,0.102,1,0.42,2,3,0.391,55.2,1,2,37,54,0,12792.81,74.4,0.397,2,6,2,1
0.57,0.204,0.226,1,0.389,1,4,0.378,57.0,3,1,1,65,0,13419.83,73.2,0.569,2,6,3,1
0.766,0.091,0.143,1,0.745,3,2,0.633,76.6,2,9,91,69,1,20685.18,58.6,0.669,1,3,2,3
0.651,0.255,0.094,1,0.771,3,2,0.748,65.1,1,14,100,29,1,25619.9,48.8,0.662,1,2,3,2
0.639,0.134,0.226,0,0.657,3,2,0.639,63.9,3,3,46,76,0,10740.32,78.5,0.489,1,3,3,0
0.798,0.068,0.134,1,0.615,3,2,0.586,79.8,2,14,100,54,1,16071.23,67.9,0.829,1,4,2,3
0.847,0.139,0.014,1,0.733,3,2,0.596,84.7,0,11,100,57,1,28675.18,42.6,0.708,0,4,2,3
0.168,0.453,0.379,0,0.2,0,5,0.174,16.8,5,1,28,8,1,16148.3,67.7,0.209,4,8,6,0
0.315,0.231,0.454,0,0.303,1,4,0.298,31.5,6,0,-10,76,0,15478.42,69.0,0.172,3,7,8,0
0.133,0.427,0.44,0,0.214,1,4,0.212,13.3,6,0,5,32,0,16381.3,67.2,0.171,4,7,8,0
0.2,0.055,0.745,0,0.047,0,5,0.047,20.0,11,1,15,34,0,19744.84,60.5,0.2,3,9,13,0
0.506,0.138,0.355,0,0.348,1,4,0.284,50.6,5,3,39,73,0,11058.98,77.9,0.37,2,7,7,0
0.961,0.0,0.039,1,0.813,4,1,0.715,96.1,0,11,100,72,1,36084.96,27.8,0.974,0,2,1,3
0.641,0.259,0.1,1,0.72,3,2,0.692,64.1,1,12,100,65,1,33921.83,32.2,0.626,1,3,2,2
0.63,0.021,0.349,1,0.721,3,2,0.641,63.0,5,2,10,59,0,19496.95,61.0,0.595,1,3,7,1
0.329,0.331,0.34,1,0.309,1,4,0.258,32.9,5,3,35,32,0,31900.55,36.2,0.279,3,7,5,1
0.859,0.094,0.047,1,0.759,3,2,0.633,85.9,0,5,41,65,1,26169.93,47.7,0.904,0,3,1,3
0.262,0.095,0.643,1,0.21,1,4,0.176,26.2,9,0,8,76,0,16875.97,66.2,0.333,3,8,9,0
0.982,0.0,0.046,1,1.0,5,0,0.948,98.2,0,7,75,64,1,16439.27,67.1,0.906,0,0,2,3
0.827,0.096,0.076,1,0.709,3,2,0.627,82.7,1,14,100,53,1,22072.2,55.9,0.723,0,3,1,3
0.75,0.127,0.123,1,0.683,3,2,0.64,75.0,1,13,100,62,1,33726.43,32.5,0.766,1,3,3,2
0.643,0.279,0.078,1,0.842,4,1,0.719,64.3,1,14,100,74,1,10533.82,78.9,0.482,1,2,1,3
0.644,0.286,0.07,1,0.533,2,3,0.529,64.4,1,6,74,68,1,20479.46,59.0,0.699,1,4,2,2
0.232,0.208,0.56,0,0.373,1,4,0.341,23.2,8,4,46,85,0,17215.75,65.6,0.066,3,6,9,0
0.812,0.127,0.062,1,0.664,3,2,0.618,81.2,0,7,89,79,1,24693.54,50.6,0.869,0,3,1,3
0.781,0.14,0.079,1,0.907,4,1,0.867,78.1,1,14,100,65,1,20149.8,59.7,0.64,1,1,1,3
0.873,0.099,0.028,1,0.804,4,1,0.784,87.3,0,12,100,54,1,22573.66,54.9,0.964,0,2,0,3
0.695,0.214,0.092,1,0.499,2,3,0.403,69.5,1,8,89,81,1,12166.91,75.7,0.735,1,5,3,2
0.4,0.305,0.296,1,0.32,1,4,0.31,40.0,4,3,49,82,0,13406.47,73.2,0.492,3,6,6,1
0.892,0.082,0.027,1,1.0,5,0,0.945,89.2,0,3,25,67,1,23834.15,52.3,0.848,0,0,1,3
0.612,0.021,0.367,1,0.723,3,2,0.606,61.2,5,4,53,17,1,22266.6,55.5,0.447,1,3,5,2
0.927,0.064,0.008,1,0.757,3,2,0.651,92.7,0,12,100,27,1,39607.12,20.8,0.896,0,3,2,3
0.286,0.341,0.373,0,0.139,0,5,0.138,28.6,5,0,-2,14,1,12062.64,75.9,0.148,3,8,5,0
0.541,0.061,0.397,1,0.6,3,2,0.591,54.1,5,1,17,73,0,32151.36,35.7,0.401,2,4,5,1
0.864,0.11,0.026,1,0.962,4,1,0.846,86.4,0,13,100,26,1,26081.21,47.8,0.762,0,1,0,3
0.078,0.411,0.511,0,0.137,0,5,0.128,7.8,7,4,55,89,0,15882.17,68.2,0.068,4,8,9,0
0.024,0.616,0.359,0,0.0,0,5,0.0,2.4,5,3,23,28,1,12669.98,74.7,0.11,4,10,7,0
0.828,0.128,0.043,1,0.827,4,1,0.666,82.8,0,6,55,72,1,28414.48,43.2,0.915,0,3,2,3
0.658,0.305,0.037,1,0.609,3,2,0.488,65.8,0,11,100,78,1,27083.25,45.8,0.516,1,5,0,2
0.457,0.353,0.189,1,0.298,1,4,0.267,45.7,2,4,50,28,1,24745.04,50.5,0.337,2,7,3,1
0.341,0.0,0.678,0,0.286,1,4,0.253,34.1,10,3,45,39,0,16623.75,66.8,0.217,3,7,11,0
0.691,0.295,0.014,1,0.611,3,2,0.589,69.1,0,14,100,27,1,18960.31,62.1,0.733,1,4,1,2
0.643,0.025,0.332,1,0.597,2,3,0.491,64.3,4,2,32,25,1,21427.73,57.1,0.472,1,5,6,1
0.376,0.379,0.245,1,0.245,1,4,0.237,37.6,3,2,12,36,0,31209.56,37.6,0.467,3,7,3,1
0.456,0.2,0.344,0,0.346,1,4,0.325,45.6,5,2,32,74,0,24484.04,51.0,0.41,2,6,5,0
0.448,0.402,0.15,1,0.494,2,3,0.457,44.8,2,3,47,25,1,29684.76,40.6,0.455,2,5,2,2
0.764,0.125,0.111,1,0.96,4,1,0.96,76.4,1,3,20,62,1,10174.27,79.7,0.774,1,0,1,3
0.279,0.043,0.678,0,0.225,1,4,0.203,27.9,10,4,44,11,1,17876.0,64.2,0.341,3,7,10,0
0.354,0.103,0.544,0,0.317,1,4,0.276,35.4,8,2,20,84,0,14443.93,71.1,0.248,3,7,8,0
0.802,0.111,0.087,1,0.852,4,1,0.837,80.2,1,11,100,15,1,23072.27,53.9,0.658,0,1,1,3
0.87,0.093,0.036,1,0.981,4,1,0.883,87.0,0,14,100,21,1,39029.54,21.9,0.721,0,1,1,3
0.797,0.129,0.074,1,0.789,3,2,0.771,79.7,1,11,100,54,1,26692.17,46.6,0.865,1,2,1,3
0.636,0.322,0.042,1,0.467,2,3,0.435,63.6,0,7,63,67,1,30832.1,38.3,0.508,1,5,0,2
0.328,0.569,0.103,0,0.317,1,4,0.254,32.8,1,2,22,37,0,19753.84,60.5,0.206,3,7,3,0
0.354,0.279,0.367,0,0.185,0,5,0.156,35.4,5,1,19,43,0,32781.14,34.4,0.382,3,8,5,0
0.606,0.39,0.004,1,0.444,2,3,0.441,60.6,0,6,72,79,1,16928.96,66.1,0.473,1,5,1,1
0.731,0.127,0.142,1,0.757,3,2,0.703,73.1,2,14,100,21,1,32517.89,35.0,0.74,1,2,2,3
0.88,0.068,0.052,1,1.0,5,0,0.892,88.0,0,10,100,13,1,25150.39,49.7,0.744,0,1,1,3
0.842,0.154,0.004,1,0.884,4,1,0.792,84.2,0,13,100,20,1,39108.4,21.8,0.666,0,2,0,3
0.99,0.0,0.035,1,0.83,4,1,0.679,99.0,0,6,66,70,1,30653.38,38.7,1.0,0,3,0,3
0.972,0.0,0.031,1,1.0,5,0,0.872,97.2,0,14,100,42,1,35650.26,28.7,0.857,0,1,2,3
0.706,0.207,0.087,1,0.723,3,2,0.596,70.6,1,7,79,12,1,16378.02,67.2,0.526,1,4,3,2
0.77,0.223,0.007,1,0.663,3,2,0.575,77.0,0,6,77,51,1,14218.05,71.6,0.789,1,4,1,2
0.899,0.086,0.015,1,1.0,5,0,0.94,89.9,0,6,66,45,1,25052.49,49.9,0.955,0,0,1,3
0.698,0.004,0.299,1,0.765,3,2,0.764,69.8,4,0,-1,44,0,24755.55,50.5,0.686,1,2,6,1
0.767,0.107,0.126,1,0.615,3,2,0.522,76.7,1,12,100,70,1,15609.39,68.8,0.807,1,4,3,2
0.525,0.163,0.312,1,0.69,3,2,0.56,52.5,4,3,35,54,0,27762.33,44.5,0.418,2,4,5,1
0.9,0.1,0.0,1,0.82,4,1,0.66,90.0,0,14,100,66,1,28724.49,42.6,0.715,0,3,1,3
0.99,0.0,0.021,1,1.0,5,0,0.925,99.0,0,13,100,75,1,49538.7,0.9,0.883,0,0,0,3
0.831,0.091,0.078,1,0.933,4,1,0.765,83.1,1,8,76,21,1,32727.88,34.5,0.883,0,2,2,3
0.724,0.179,0.097,1,0.698,3,2,0.588,72.4,1,9,98,47,1,31610.73,36.8,0.532,1,4,2,2
0.8,0.175,0.026,1,0.807,4,1,0.778,80.0,0,14,100,66,1,16805.65,66.4,0.604,1,2,2,3
0.217,0.293,0.489,0,0.336,1,4,0.298,21.7,7,4,56,15,1,7853.09,84.3,0.249,3,7,9,0
0.902,0.055,0.042,1,0.949,4,1,0.864,90.2,0,12,100,30,1,47228.87,5.5,0.914,0,1,0,3
0.655,0.326,0.019,1,0.519,2,3,0.475,65.5,0,6,70,55,1,11443.2,77.1,0.489,1,5,1,2
0.869,0.117,0.015,1,0.69,3,2,0.639,86.9,0,9,95,34,1,47173.45,5.7,0.909,0,3,1,3
0.738,0.21,0.052,1,0.581,2,3,0.513,73.8,0,4,49,84,1,30451.95,39.1,0.731,1,4,2,2
0.412,0.393,0.195,0,0.577,2,3,0.566,41.2,2,3,46,22,1,10675.46,78.6,0.502,2,4,2,0
0.843,0.115,0.042,1,0.976,4,1,0.828,84.3,0,14,100,70,1,15425.01,69.1,0.877,0,1,2,3
0.857,0.0,0.144,1,1.0,5,0,0.882,85.7,2,13,100,87,1,26245.58,47.5,0.794,0,1,2,3
0.757,0.1,0.143,1,0.659,3,2,0.627,75.7,2,4,41,22,1,11421.05,77.2,0.657,1,3,2,2
0.263,0.244,0.493,0,0.27,1,4,0.232,26.3,7,2,39,17,1,8270.66,83.5,0.18,3,7,7,0
0.678,0.238,0.084,1,0.798,3,2,0.707,67.8,1,6,54,44,1,20187.58,59.6,0.595,1,2,2,2
0.118,0.176,0.706,1,0.083,0,5,0.081,11.8,10,0,15,36,0,17692.87,64.6,0.189,4,9,11,0
0.036,0.533,0.431,0,0.04,0,5,0.036,3.6,6,4,49,36,0,6312.2,87.4,0.136,4,9,6,0
0.966,0.0,0.038,1,0.782,3,2,0.706,96.6,0,3,30,77,1,23117.56,53.8,0.968,0,2,0,3
0.448,0.251,0.302,0,0.33,1,4,0.277,44.8,4,2,32,39,0,32993.6,34.0,0.37,2,7,4,0
0.3,0.566,0.133,1,0.373,1,4,0.323,30.0,1,2,13,67,0,28272.91,43.5,0.353,3,6,1,1
0.578,0.033,0.389,1,0.518,2,3,0.481,57.8,5,2,18,65,0,12877.36,74.2,0.404,2,5,6,1
0.369,0.282,0.349,1,0.411,2,3,0.368,36.9,5,0,-10,38,0,34195.66,31.6,0.236,3,6,7,0
0.263,0.162,0.575,0,0.209,1,4,0.175,26.3,8,1,14,75,0,5812.14,88.4,0.217,3,8,9,0
0.589,0.087,0.324,1,0.627,3,2,0.561,58.9,4,0,6,14,1,32513.72,35.0,0.575,2,4,5,1
0.786,0.122,0.092,1,0.95,4,1,0.794,78.6,1,11,100,57,1,20825.36,58.3,0.709,1,2,3,3
0.653,0.247,0.101,1,0.555,2,3,0.46,65.3,1,13,100,12,1,28086.16,43.8,0.534,1,5,2,2
0.447,0.266,0.287,1,0.278,1,4,0.27,44.7,4,0,10,33,0,32769.54,34.5,0.501,2,7,6,0
0.964,0.012,0.023,1,0.849,4,1,0.834,96.4,0,5,50,24,1,31723.61,36.6,0.789,0,1,0,3
0.699,0.225,0.076,1,0.799,3,2,0.666,69.9,1,4,36,44,1,19298.88,61.4,0.76,1,3,2,2
0.624,0.337,0.039,1,0.519,2,3,0.467,62.4,0,12,100,17,1,25499.35,49.0,0.603,1,5,2,2
0.879,0.078,0.043,1,0.885,4,1,0.798,87.9,0,13,100,53,1,10740.85,78.5,0.886,0,2,1,3
0.743,0.11,0.147,1,0.936,4,1,0.761,74.3,2,8,98,13,1,15047.78,69.9,0.804,1,2,2,3
0.846,0.059,0.095,1,0.748,3,2,0.72,84.6,1,7,74,85,1,26149.18,47.7,0.941,0,2,2,3
0.768,0.114,0.117,1,0.786,3,2,0.694,76.8,1,11,100,71,1,13229.54,73.5,0.742,1,3,1,3
0.723,0.179,0.098,1,0.662,3,2,0.661,72.3,1,8,98,89,1,24244.59,51.5,0.609,1,3,3,2
0.846,0.128,0.026,1,0.919,4,1,0.759,84.6,0,10,100,77,1,49039.14,1.9,0.932,0,2,1,3
0.314,0.466,0.22,1,0.481,2,3,0.407,31.4,3,3,33,81,0,11636.73,76.7,0.399,3,5,5,1
0.65,0.22,0.13,1,0.458,2,3,0.396,65.0,1,7,69,76,1,12639.83,74.7,0.582,1,6,2,2
0.936,0.056,0.008,1,0.826,4,1,0.708,93.6,0,9,100,63,1,40500.94,19.0,0.808,0,2,1,3
0.697,0.241,0.062,1,0.704,3,2,0.564,69.7,0,11,100,36,1,32254.06,35.5,0.504,1,4,2,2
0.885,0.076,0.039,1,0.809,4,1,0.717,88.5,0,5,54,18,1,16961.17,66.1,0.702,0,2,0,3
0.604,0.38,0.017,1,0.429,2,3,0.418,60.4,0,12,100,67,1,13223.86,73.6,0.676,1,5,0,2
0.818,0.179,0.003,1,0.816,4,1,0.704,81.8,0,9,100,12,1,37090.53,25.8,0.743,0,2,0,3
0.312,0.008,0.681,0,0.457,2,3,0.419,31.2,10,4,49,30,1,10681.01,78.6,0.384,3,5,10,0
0.122,0.123,0.755,0,0.228,1,4,0.224,12.2,11,4,32,68,0,17650.34,64.7,0.122,4,7,13,0
0.315,0.0,0.753,0,0.328,1,4,0.289,31.5,11,4,50,35,0,10079.3,79.8,0.119,3,7,13,0
0.727,0.259,0.014,1,0.64,3,2,0.638,72.7,0,6,68,27,1,15178.86,69.6,0.532,1,3,2,2
0.881,0.115,0.004,1,0.941,4,1,0.808,88.1,0,9,81,51,1,31864.53,36.3,0.836,0,1,2,3
0.87,0.004,0.126,1,0.693,3,2,0.674,87.0,1,12,100,19,1,23153.79,53.7,0.754,0,3,2,2
0.201,0.452,0.346,1,0.087,0,5,0.073,20.1,5,4,34,65,0,6815.08,86.4,0.147,3,9,5,0
0.64,0.334,0.026,1,0.651,3,2,0.612,64.0,0,13,100,46,1,18242.58,63.5,0.642,1,3,1,2
0.313,0.0,0.722,0,0.177,0,5,0.15,31.3,10,2,27,83,0,5493.26,89.0,0.194,3,8,10,0
0.648,0.0,0.381,1,0.661,3,2,0.612,64.8,5,0,13,36,0,11341.99,77.3,0.708,1,3,6,1
0.787,0.188,0.025,1,0.934,4,1,0.8,78.7,0,10,95,34,1,30011.6,40.0,0.779,1,1,2,3
0.445,0.182,0.373,1,0.482,2,3,0.476,44.5,5,3,24,56,0,32330.05,35.3,0.518,2,5,7,1
0.889,0.103,0.008,0,0.896,4,1,0.769,88.9,0,3,34,19,1,26129.25,47.7,0.948,0,2,0,1
0.63,0.287,0.082,1,0.517,2,3,0.454,63.0,1,11,100,50,1,33318.33,33.4,0.582,1,5,3,2
0.841,0.148,0.011,1,0.944,4,1,0.898,84.1,0,9,92,19,1,28948.64,42.1,0.889,0,1,2,3
0.999,0.0,0.039,1,1.0,5,0,0.878,99.9,0,11,100,82,1,39069.82,21.9,0.938,0,1,2,3
0.36,0.401,0.238,1,0.481,2,3,0.405,36.0,3,4,30,32,0,16555.57,66.9,0.332,3,5,4,1
0.252,0.399,0.35,0,0.254,1,4,0.229,25.2,5,3,21,48,0,11469.8,77.1,0.175,3,7,7,0
0.605,0.377,0.019,1,0.676,3,2,0.619,60.5,0,12,100,56,1,31329.57,37.3,0.518,1,3,1,2
0.848,0.129,0.023,1,0.725,3,2,0.713,84.8,0,8,77,68,1,15970.76,68.1,0.911,0,2,1,3
0.694,0.266,0.04,1,0.691,3,2,0.56,69.4,0,7,79,39,1,21910.8,56.2,0.62,1,4,1,2
0.742,0.133,0.125,1,0.715,3,2,0.702,74.2,1,11,100,35,1,13843.65,72.3,0.567,1,2,1,3
0.751,0.121,0.128,0,0.723,3,2,0.637,75.1,1,7,73,45,1,13556.51,72.9,0.707,1,3,2,0
0.865,0.129,0.006,1,0.819,4,1,0.8,86.5,0,6,59,81,1,28003.55,44.0,0.749,0,1,0,3
0.393,0.492,0.115,0,0.344,1,4,0.303,39.3,1,3,23,66,0,14735.73,70.5,0.377,3,6,2,0
0.767,0.15,0.083,1,0.7,3,2,0.62,76.7,1,10,100,45,1,21106.44,57.8,0.649,1,3,1,3
0.601,0.384,0.014,1,0.476,2,3,0.421,60.1,0,11,100,44,1,24330.43,51.3,0.585,1,5,1,2
0.536,0.149,0.315,0,0.538,2,3,0.52,53.6,4,1,22,69,0,10470.26,79.1,0.537,2,4,4,0
0.29,0.09,0.62,0,0.298,1,4,0.27,29.0,9,3,47,69,0,18524.5,63.0,0.109,3,7,9,0
0.493,0.157,0.35,1,0.43,2,3,0.377,49.3,5,1,19,69,0,21643.3,56.7,0.444,2,6,5,1
0.716,0.231,0.053,1,0.54,2,3,0.537,71.6,0,10,100,30,1,28694.71,42.6,0.792,1,4,0,3
0.741,0.219,0.04,1,0.88,4,1,0.764,74.1,0,9,100,14,1,18497.08,63.0,0.709,1,2,0,3
0.964,0.002,0.034,1,1.0,5,0,0.803,96.4,0,9,82,10,1,30155.6,39.7,0.766,0,1,0,3
0.8,0.175,0.024,1,0.605,3,2,0.542,80.0,0,13,100,66,1,26342.91,47.3,0.715,0,4,1,3
0.753,0.142,0.106,1,0.599,2,3,0.501,75.3,1,13,100,64,1,27784.53,44.4,0.663,1,4,3,2
0.937,0.041,0.023,1,0.836,4,1,0.694,93.7,0,10,99,8,1,23938.63,52.1,0.953,0,3,1,3
0.193,0.093,0.714,0,0.332,1,4,0.294,19.3,10,1,23,34,0,14075.03,71.8,0.176,4,7,10,0
0.805,0.158,0.037,1,0.919,4,1,0.864,80.5,0,12,100,16,1,46322.98,7.4,0.81,0,1,1,3
0.993,0.0,0.016,1,0.934,4,1,0.819,99.3,0,4,38,65,1,40786.85,18.4,1.0,0,1,1,3
0.764,0.124,0.111,1,0.889,4,1,0.767,76.4,1,9,89,87,1,17189.34,65.6,0.665,1,2,2,3
0.943,0.029,0.028,1,1.0,5,0,0.875,94.3,0,14,100,29,1,36260.17,27.5,0.918,0,1,1,3
0.412,0.331,0.257,1,0.385,1,4,0.324,41.2,3,1,0,16,1,20583.5,58.8,0.25,2,6,3,1
0.504,0.305,0.192,1,0.395,1,4,0.349,50.4,2,0,8,13,1,15060.49,69.9,0.377,2,6,4,1
0.723,0.144,0.133,1,0.844,4,1,0.812,72.3,1,9,83,86,1,31600.22,36.8,0.627,1,1,1,3
0.401,0.304,0.295,1,0.386,1,4,0.335,40.1,4,0,13,39,0,34077.82,31.8,0.352,2,6,5,1
0.77,0.21,0.02,1,0.666,3,2,0.538,77.0,0,11,100,46,1,14375.9,71.2,0.782,1,4,1,3
0.391,0.301,0.307,0,0.205,1,4,0.198,39.1,4,1,15,34,0,6846.45,86.3,0.34,3,8,4,0
0.199,0.272,0.529,1,0.397,1,4,0.37,19.9,7,1,19,41,0,14119.85,71.8,0.252,4,6,9,0
0.042,0.193,0.766,0,0.238,1,4,0.228,4.2,11,0,-8,52,0,13973.89,72.1,0.105,4,7,11,0
0.826,0.07,0.104,1,0.731,3,2,0.603,82.6,1,3,39,30,1,16870.09,66.3,0.632,0,3,1,2
0.521,0.284,0.195,0,0.382,1,4,0.33,52.1,2,1,22,67,0,26824.08,46.4,0.482,2,6,3,0
0.489,0.15,0.361,0,0.688,3,2,0.671,48.9,5,0,0,52,0,12950.15,74.1,0.468,2,3,5,0
0.984,0.0,0.047,1,0.827,4,1,0.754,98.4,0,14,100,11,1,33822.66,32.4,1.0,0,2,1,3
0.552,0.346,0.102,0,0.447,2,3,0.442,55.2,1,0,4,24,1,23362.18,53.3,0.413,2,5,2,0
0.753,0.193,0.054,1,0.587,2,3,0.521,75.3,0,3,45,55,1,13465.06,73.1,0.615,1,4,1,2
0.865,0.119,0.016,1,0.891,4,1,0.776,86.5,0,11,100,30,1,32165.48,35.7,0.825,0,2,1,3
0.672,0.31,0.019,1,0.792,3,2,0.638,67.2,0,7,85,85,1,22972.36,54.1,0.475,1,3,0,3
0.591,0.304,0.105,1,0.4,2,3,0.339,59.1,1,2,33,32,0,17092.2,65.8,0.689,2,6,3,1
0.666,0.272,0.061,1,0.771,3,2,0.668,66.6,0,4,54,83,1,17794.13,64.4,0.571,1,3,1,2
0.722,0.257,0.021,1,0.907,4,1,0.765,72.2,0,3,37,55,1,19405.94,61.2,0.788,1,2,0,3
0.339,0.507,0.154,0,0.523,2,3,0.447,33.9,2,3,28,29,1,34245.31,31.5,0.227,3,5,2,0
0.12,0.475,0.405,0,0.0,0,5,0.0,12.0,6,2,37,66,0,15066.12,69.9,0.16,4,10,7,0
0.89,0.095,0.015,1,0.891,4,1,0.808,89.0,0,4,53,18,1,35375.85,29.2,0.93,0,1,1,3
0.339,0.473,0.189,1,0.525,2,3,0.488,33.9,2,0,16,63,0,20049.8,59.9,0.24,3,5,3,1
0.773,0.143,0.084,1,0.965,4,1,0.779,77.3,1,14,100,34,1,14986.06,70.0,0.794,1,2,1,3
0.482,0.158,0.359,0,0.304,1,4,0.268,48.2,5,0,6,53,0,29008.13,42.0,0.539,2,7,5,0
0.95,0.004,0.047,1,0.827,4,1,0.744,95.0,0,8,71,32,1,45752.44,8.5,0.759,0,2,0,3
0.651,0.345,0.004,1,0.818,4,1,0.763,65.1,0,4,47,41,1,33415.68,33.2,0.59,1,2,2,2
0.698,0.102,0.2,0,0.501,2,3,0.429,69.8,3,1,10,83,0,25810.88,48.4,0.774,1,5,4,0
0.865,0.086,0.049,1,0.696,3,2,0.658,86.5,0,7,83,80,1,17506.58,65.0,0.757,0,3,2,3
0.811,0.144,0.045,1,0.959,4,1,0.807,81.1,0,3,31,11,1,45681.27,8.6,0.713,0,1,1,3
0.806,0.091,0.103,1,0.616,3,2,0.609,80.6,1,12,100,60,1,14719.87,70.6,0.688,0,3,2,3
0.652,0.238,0.11,1,0.648,3,2,0.603,65.2,1,14,100,60,1,18064.89,63.9,0.741,1,3,1,2
0.419,0.469,0.113,1,0.324,1,4,0.321,41.9,1,0,17,81,0,18558.66,62.9,0.509,2,6,2,1
0.935,0.063,0.001,1,0.766,3,2,0.724,93.5,0,6,57,49,1,33837.6,32.3,0.904,0,2,0,3
0.322,0.241,0.437,0,0.154,0,5,0.134,32.2,6,2,39,70,0,17820.17,64.4,0.296,3,8,7,0
0.961,0.034,0.005,1,1.0,5,0,0.944,96.1,0,4,46,38,1,26028.03,47.9,1.0,0,0,1,3
0.309,0.333,0.358,0,0.241,1,4,0.21,30.9,5,1,6,24,1,33411.28,33.2,0.39,3,7,6,0
0.666,0.326,0.007,1,0.596,2,3,0.537,66.6,0,10,100,80,1,16745.88,66.5,0.562,1,4,2,2
0.966,0.031,0.003,1,0.997,4,1,0.997,96.6,0,14,100,38,1,20408.83,59.2,1.0,0,0,2,3
0.805,0.066,0.129,1,1.0,5,0,0.936,80.5,1,5,49,76,1,23042.0,53.9,0.638,0,0,2,3
0.839,0.138,0.023,1,0.945,4,1,0.943,83.9,0,3,38,68,1,22814.39,54.4,0.741,0,0,2,3
0.648,0.218,0.134,1,0.457,2,3,0.423,64.8,2,4,42,38,1,29600.84,40.8,0.73,1,5,3,2
0.768,0.228,0.003,1,0.58,2,3,0.537,76.8,0,4,30,54,1,29744.42,40.5,0.626,1,4,2,2
0.667,0.036,0.298,0,0.473,2,3,0.397,66.7,4,2,38,79,0,18723.75,62.6,0.751,1,6,4,0
0.61,0.336,0.054,1,0.547,2,3,0.485,61.0,0,11,100,61,1,10559.37,78.9,0.641,1,5,0,2
0.742,0.122,0.136,1,0.747,3,2,0.702,74.2,2,11,100,20,1,17926.77,64.1,0.569,1,2,3,3
0.636,0.27,0.095,1,0.571,2,3,0.482,63.6,1,4,38,40,1,12634.87,74.7,0.558,1,5,2,2
0.786,0.129,0.085,1,0.714,3,2,0.672,78.6,1,7,62,14,1,16152.73,67.7,0.67,1,3,2,2
0.087,0.372,0.541,0,0.139,0,5,0.116,8.7,8,0,14,63,0,12865.33,74.3,0.056,4,8,9,0
0.674,0.212,0.115,1,0.553,2,3,0.524,67.4,1,4,51,69,1,19609.15,60.8,0.582,1,4,3,2
0.856,0.122,0.022,1,0.879,4,1,0.73,85.6,0,4,55,77,1,11260.6,77.5,0.922,0,2,2,3
0.802,0.154,0.043,1,0.65,3,2,0.614,80.2,0,10,100,50,1,20718.88,58.6,0.756,0,3,2,3
0.821,0.166,0.012,1,0.868,4,1,0.746,82.1,0,11,100,60,1,13007.32,74.0,0.803,0,2,0,2
0.312,0.418,0.27,1,0.169,0,5,0.156,31.2,4,1,4,87,0,32212.32,35.6,0.354,3,8,6,0
0.478,0.236,0.286,1,0.371,1,4,0.332,47.8,4,4,42,17,1,15627.93,68.7,0.574,2,6,6,1
0.666,0.257,0.077,1,0.547,2,3,0.467,66.6,1,10,93,47,1,34667.59,30.7,0.566,1,5,3,2
0.616,0.242,0.142,0,0.534,2,3,0.467,61.6,2,0,-9,32,0,22681.24,54.6,0.687,1,5,2,0
0.834,0.146,0.02,1,0.711,3,2,0.669,83.4,0,8,79,16,1,35067.84,29.9,0.863,0,3,1,3
0.938,0.049,0.014,1,0.799,3,2,0.74,93.8,0,12,100,10,1,27861.32,44.3,1.0,0,2,1,3
0.825,0.039,0.136,1,0.769,3,2,0.682,82.5,2,13,100,45,1,33317.92,33.4,0.663,0,3,3,3
0.82,0.155,0.025,1,0.966,4,1,0.947,82.0,0,6,75,48,1,18697.37,62.6,0.796,0,0,2,3
0.309,0.016,0.675,0,0.151,0,5,0.127,30.9,10,2,31,11,1,10171.36,79.7,0.344,3,8,12,0
0.279,0.348,0.372,1,0.388,1,4,0.357,27.9,5,1,5,23,1,12152.85,75.7,0.167,3,6,6,1
0.601,0.059,0.34,1,0.621,3,2,0.563,60.1,5,2,23,64,0,17562.57,64.9,0.55,1,4,7,1
0.845,0.148,0.006,1,0.838,4,1,0.697,84.5,0,7,65,87,1,41948.73,16.1,0.681,0,3,0,3
0.918,0.06,0.022,1,0.832,4,1,0.721,91.8,0,6,61,82,1,27110.06,45.8,0.724,0,2,0,3
0.804,0.051,0.144,1,0.723,3,2,0.644,80.4,2,11,100,67,1,23413.41,53.2,0.848,0,3,3,3
0.358,0.197,0.445,0,0.556,2,3,0.484,35.8,6,1,20,17,1,9678.96,80.6,0.228,3,5,7,0
0.613,0.331,0.056,1,0.511,2,3,0.476,61.3,0,7,66,7,1,15429.75,69.1,0.493,1,5,2,2
0.248,0.116,0.636,0,0.294,1,4,0.293,24.8,9,0,18,70,0,5690.14,88.6,0.281,3,7,9,0
0.329,0.182,0.489,0,0.326,1,4,0.266,32.9,7,3,49,14,1,9441.78,81.1,0.298,3,7,7,0
0.894,0.104,0.002,1,0.896,4,1,0.769,89.4,0,8,73,72,1,30061.5,39.9,0.973,0,2,0,3
0.754,0.226,0.02,1,0.636,3,2,0.628,75.4,0,11,100,12,1,11162.78,77.7,0.592,1,3,1,3
0.911,0.052,0.037,1,0.88,4,1,0.712,91.1,0,8,98,29,1,21703.3,56.6,0.879,0,2,0,3
0.463,0.426,0.11,0,0.301,1,4,0.276,46.3,1,0,0,40,0,10848.5,78.3,0.476,2,7,2,0
0.154,0.466,0.379,0,0.214,1,4,0.212,15.4,5,4,44,62,0,11515.93,77.0,0.224,4,7,7,0
0.281,0.233,0.486,0,0.35,1,4,0.303,28.1,7,3,27,72,0,16887.11,66.2,0.175,3,6,7,0
0.672,0.009,0.319,0,0.556,2,3,0.46,67.2,4,4,55,34,0,11087.89,77.8,0.597,1,5,6,0
0.606,0.363,0.032,1,0.633,3,2,0.589,60.6,0,12,100,66,1,30495.06,39.0,0.464,1,4,1,2
0.966,0.001,0.033,1,0.886,4,1,0.854,96.6,0,10,100,57,1,17356.74,65.3,0.779,0,1,1,3
0.955,0.004,0.042,1,0.973,4,1,0.837,95.5,0,13,100,41,1,38637.53,22.7,1.0,0,1,2,3
0.363,0.256,0.38,0,0.513,2,3,0.442,36.3,5,3,26,47,0,13323.27,73.4,0.334,3,5,5,0
0.571,0.093,0.337,0,0.749,3,2,0.677,57.1,5,1,9,9,1,24131.08,51.7,0.468,2,3,6,0
0.393,0.215,0.392,0,0.574,2,3,0.481,39.3,5,1,9,64,0,6420.9,87.2,0.261,3,5,5,0
0.578,0.203,0.219,0,0.436,2,3,0.433,57.8,3,2,13,11,1,14970.35,70.1,0.5,2,5,4,0
0.411,0.254,0.335,1,0.212,1,4,0.172,41.1,5,4,35,16,1,28196.91,43.6,0.355,2,8,5,1
0.837,0.14,0.024,1,0.685,3,2,0.676,83.7,0,12,100,26,1,15516.14,69.0,0.854,0,3,1,2
0.445,0.304,0.251,1,0.447,2,3,0.442,44.5,3,0,2,22,1,18362.08,63.3,0.358,2,5,3,1
0.943,0.018,0.039,1,1.0,5,0,0.864,94.3,0,9,81,74,1,33786.47,32.4,0.971,0,1,1,3
0.621,0.035,0.344,0,0.707,3,2,0.592,62.1,5,1,0,62,0,24368.16,51.3,0.717,1,4,5,0
0.644,0.169,0.187,0,0.663,3,2,0.581,64.4,2,3,43,20,1,14555.69,70.9,0.707,1,4,4,0
0.828,0.152,0.02,1,0.741,3,2,0.594,82.8,0,5,60,63,1,18227.69,63.5,0.798,0,4,2,2
0.282,0.054,0.665,0,0.276,1,4,0.274,28.2,9,4,48,30,1,5045.52,89.9,0.295,3,7,11,0
0.919,0.032,0.05,1,1.0,5,0,0.991,91.9,0,9,100,59,1,42516.9,15.0,0.782,0,0,1,3
0.633,0.292,0.075,1,0.635,3,2,0.609,63.3,1,6,65,57,1,22488.19,55.0,0.534,1,3,2,2
0.835,0.144,0.02,1,0.698,3,2,0.628,83.5,0,8,91,82,1,39649.16,20.7,0.799,0,3,1,3
0.959,0.038,0.004,1,1.0,5,0,0.908,95.9,0,14,100,82,1,21737.71,56.5,0.971,0,0,2,3
0.333,0.42,0.247,0,0.475,2,3,0.38,33.3,3,2,36,8,1,15115.28,69.8,0.163,3,6,3,0
0.712,0.286,0.002,1,0.605,3,2,0.526,71.2,0,6,70,26,1,34080.63,31.8,0.555,1,4,1,2
0.388,0.322,0.29,1,0.579,2,3,0.553,38.8,4,3,47,20,1,29034.74,41.9,0.346,3,4,5,1
0.874,0.012,0.113,1,1.0,5,0,0.959,87.4,1,13,100,8,1,15414.89,69.2,0.705,0,0,2,3
0.379,0.395,0.226,1,0.431,2,3,0.345,37.9,3,3,48,51,0,34098.45,31.8,0.287,3,6,4,1
0.627,0.225,0.148,0,0.623,3,2,0.573,62.7,2,2,10,88,0,20541.9,58.9,0.704,1,4,4,0
0.772,0.212,0.017,1,0.673,3,2,0.604,77.2,0,6,53,88,1,25618.21,48.8,0.593,1,3,2,2
0.839,0.123,0.038,1,0.764,3,2,0.715,83.9,0,10,97,89,1,27148.78,45.7,0.893,0,2,0,3
0.363,0.303,0.334,0,0.543,2,3,0.536,36.3,5,2,30,63,0,32059.82,35.9,0.187,3,4,6,0
0.683,0.181,0.135,1,0.666,3,2,0.539,68.3,2,3,27,19,1,32870.22,34.3,0.557,1,4,3,2
0.682,0.314,0.004,1,0.5,2,3,0.49,68.2,0,5,66,76,1,29507.44,41.0,0.76,1,5,2,2
0.21,0.083,0.707,0,0.369,1,4,0.36,21.0,10,4,33,63,0,5385.01,89.2,0.094,3,6,12,0
0.983,0.015,0.002,1,1.0,5,0,0.965,98.3,0,11,100,73,1,32086.3,35.8,0.846,0,0,0,2
0.454,0.36,0.186,1,0.284,1,4,0.263,45.4,2,4,56,86,0,30586.96,38.8,0.329,2,7,2,1
0.437,0.344,0.219,0,0.401,2,3,0.378,43.7,3,2,39,15,1,22242.01,55.5,0.371,2,6,3,0
0.204,0.379,0.417,0,0.073,0,5,0.059,20.4,6,2,21,59,0,10310.45,79.4,0.009,3,9,6,0
0.559,0.166,0.275,0,0.387,1,4,0.368,55.9,4,1,11,71,0,17295.25,65.4,0.556,2,6,5,0
0.62,0.077,0.303,0,0.77,3,2,0.695,62.0,4,2,26,85,0,25060.64,49.9,0.425,1,3,5,0
0.873,0.117,0.009,1,0.944,4,1,0.77,87.3,0,14,100,45,1,35926.84,28.1,0.681,0,2,0,3
0.746,0.228,0.026,1,0.671,3,2,0.6,74.6,0,5,43,22,1,27817.8,44.4,0.68,1,4,0,2
0.957,0.0,0.049,1,0.906,4,1,0.889,95.7,0,5,55,40,1,16903.36,66.2,0.945,0,1,2,3
0.992,0.0,0.009,1,0.905,4,1,0.773,99.2,0,7,61,55,1,22950.31,54.1,0.854,0,2,2,3
0.67,0.257,0.073,1,0.747,3,2,0.598,67.0,1,10,100,27,1,32230.76,35.5,0.602,1,4,2,2
0.135,0.531,0.334,0,0.258,1,4,0.228,13.5,5,1,17,83,0,18162.43,63.7,0.015,4,7,5,0
0.39,0.504,0.106,1,0.25,1,4,0.201,39.0,1,0,19,7,1,26729.08,46.5,0.251,3,7,2,1
0.432,0.402,0.165,0,0.262,1,4,0.225,43.2,2,3,22,52,0,31881.71,36.2,0.264,2,7,2,0
0.588,0.02,0.391,1,0.403,2,3,0.348,58.8,5,3,32,14,1,16908.17,66.2,0.48,2,6,7,1
0.831,0.147,0.021,1,0.882,4,1,0.807,83.1,0,14,100,85,1,33441.88,33.1,0.863,0,1,2,3
0.916,0.065,0.02,1,0.908,4,1,0.867,91.6,0,8,80,54,1,43660.94,12.7,0.91,0,1,1,3
0.899,0.052,0.049,1,0.708,3,2,0.592,89.9,0,5,48,30,1,13903.87,72.2,0.958,0,4,1,3
0.851,0.118,0.031,1,0.715,3,2,0.628,85.1,0,9,99,41,1,27105.71,45.8,0.907,0,3,1,3
0.371,0.36,0.269,0,0.247,1,4,0.231,37.1,4,4,56,80,0,12608.34,74.8,0.347,3,7,6,0
0.404,0.226,0.37,1,0.401,2,3,0.366,40.4,5,4,40,38,0,26061.66,47.9,0.484,2,6,7,1
0.893,0.076,0.031,1,0.758,3,2,0.756,89.3,0,10,91,38,1,16224.45,67.6,0.71,0,2,0,3
0.949,0.003,0.047,1,0.919,4,1,0.846,94.9,0,12,100,19,1,31684.06,36.6,0.781,0,1,1,3
0.996,0.0,0.021,1,1.0,5,0,0.931,99.6,0,11,100,78,1,35299.18,29.4,1.0,0,0,1,3
0.978,0.0,0.04,1,0.911,4,1,0.768,97.8,0,6,52,72,1,32913.37,34.2,0.83,0,2,2,3
0.664,0.216,0.119,1,0.536,2,3,0.5,66.4,1,7,67,11,1,31363.36,37.3,0.715,1,5,3,2
0.969,0.0,0.05,1,1.0,5,0,0.877,96.9,0,13,100,34,1,18505.22,63.0,0.954,0,1,1,3
0.918,0.063,0.019,1,1.0,5,0,0.813,91.8,0,6,58,42,1,47467.6,5.1,0.779,0,1,2,3
0.375,0.239,0.386,1,0.18,0,5,0.154,37.5,5,4,45,56,0,31657.34,36.7,0.399,3,8,7,0
0.948,0.029,0.024,1,0.882,4,1,0.756,94.8,0,9,82,54,1,35336.92,29.3,1.0,0,2,1,2
0.446,0.36,0.193,0,0.495,2,3,0.451,44.6,2,1,11,46,0,25492.78,49.0,0.324,2,5,4,0
0.537,0.187,0.276,1,0.679,3,2,0.657,53.7,4,1,3,61,0,27203.14,45.6,0.547,2,3,5,1
0.976,0.0,0.048,1,0.932,4,1,0.909,97.6,0,4,58,60,1,38891.74,22.2,0.817,0,0,1,3
0.804,0.057,0.139,1,0.873,4,1,0.752,80.4,2,4,31,26,1,31423.28,37.2,0.722,0,2,4,2
0.843,0.014,0.143,1,0.833,4,1,0.784,84.3,2,4,50,48,1,19216.78,61.6,0.808,0,2,4,2
0.315,0.379,0.306,1,0.482,2,3,0.452,31.5,4,2,17,57,0,27679.6,44.6,0.406,3,5,6,1
0.837,0.022,0.142,1,0.954,4,1,0.815,83.7,2,12,100,85,1,14455.46,71.1,0.853,0,1,4,3
0.522,0.127,0.35,0,0.659,3,2,0.633,52.2,5,0,8,26,1,14616.86,70.8,0.473,2,3,7,0
0.641,0.0,0.367,1,0.819,4,1,0.765,64.1,5,3,43,86,0,10025.68,79.9,0.678,1,2,7,1
0.709,0.235,0.056,1,0.515,2,3,0.421,70.9,0,7,86,75,1,16862.13,66.3,0.538,1,5,1,2
0.314,0.543,0.143,0,0.238,1,4,0.229,31.4,2,3,24,62,0,25684.15,48.6,0.363,3,7,2,0
0.869,0.055,0.076,1,0.913,4,1,0.825,86.9,1,10,100,69,1,17051.14,65.9,0.789,0,1,1,3
0.672,0.316,0.013,1,0.683,3,2,0.607,67.2,0,3,45,54,1,14124.56,71.8,0.659,1,3,1,2
0.938,0.056,0.006,1,0.934,4,1,0.878,93.8,0,7,89,61,1,34645.99,30.7,0.81,0,1,1,2
0.602,0.378,0.02,1,0.6,2,3,0.523,60.2,0,8,87,59,1,23428.77,53.1,0.573,1,4,2,2
0.701,0.163,0.136,1,0.712,3,2,0.664,70.1,2,5,59,56,1,26429.42,47.1,0.733,1,3,2,2
0.625,0.198,0.178,1,0.466,2,3,0.374,62.5,2,1,17,88,0,11920.1,76.2,0.65,1,6,3,1
0.666,0.004,0.329,0,0.562,2,3,0.499,66.6,4,4,37,19,1,31946.28,36.1,0.583,1,5,6,0
0.303,0.441,0.255,1,0.151,0,5,0.128,30.3,3,3,30,62,0,15932.8,68.1,0.113,3,8,4,0
0.729,0.125,0.146,1,0.8,4,1,0.719,72.9,2,6,71,73,1,25585.54,48.8,0.828,1,2,4,2
0.502,0.127,0.371,0,0.482,2,3,0.422,50.2,5,2,11,75,0,19718.67,60.6,0.55,2,5,7,0
0.853,0.136,0.011,1,0.752,3,2,0.683,85.3,0,11,100,85,1,49811.98,0.4,0.923,0,3,1,3
0.987,0.0,0.034,1,0.995,4,1,0.971,98.7,0,7,89,55,1,15333.2,69.3,0.843,0,0,0,3
0.968,0.023,0.009,1,0.825,4,1,0.797,96.8,0,12,100,51,1,43322.21,13.4,0.831,0,2,1,3
0.822,0.173,0.004,1,0.733,3,2,0.633,82.2,0,13,100,31,1,49067.39,1.9,0.682,0,3,2,3
0.048,0.395,0.558,1,0.227,1,4,0.187,4.8,8,0,-8,22,1,7260.86,85.5,0.07,4,8,10,0
0.655,0.0,0.362,1,0.611,3,2,0.496,65.5,5,3,42,43,0,34151.51,31.7,0.598,1,5,5,1
0.805,0.119,0.075,1,0.738,3,2,0.599,80.5,1,4,56,51,1,25291.06,49.4,0.808,0,4,3,1
0.419,0.218,0.362,1,0.22,1,4,0.19,41.9,5,4,47,39,0,30263.33,39.5,0.268,2,8,5,1
0.249,0.216,0.534,0,0.321,1,4,0.296,24.9,8,4,50,25,1,8736.26,82.5,0.208,3,7,9,0
0.335,0.015,0.65,0,0.512,2,3,0.412,33.5,9,2,16,78,0,7701.19,84.6,0.378,3,5,11,0
0.927,0.037,0.036,1,0.936,4,1,0.828,92.7,0,7,75,29,1,40123.02,19.8,0.856,0,1,0,3
0.797,0.169,0.033,1,0.771,3,2,0.73,79.7,0,8,75,60,1,17692.45,64.6,0.739,1,2,2,3
0.747,0.235,0.018,1,0.649,3,2,0.621,74.7,0,12,100,13,1,34981.01,30.0,0.833,1,3,2,3
0.828,0.043,0.129,1,0.806,4,1,0.712,82.8,1,12,100,86,1,16748.01,66.5,0.906,0,2,2,3
0.929,0.042,0.03,1,0.801,4,1,0.646,92.9,0,7,88,41,1,35289.75,29.4,0.841,0,3,1,3
0.607,0.198,0.194,0,0.508,2,3,0.451,60.7,2,3,31,63,0,34189.21,31.6,0.679,1,5,4,0
0.245,0.41,0.345,0,0.201,1,4,0.194,24.5,5,4,46,43,0,11908.33,76.2,0.222,3,8,7,0
0.887,0.105,0.008,1,0.992,4,1,0.837,88.7,0,13,100,57,1,38502.33,23.0,0.857,0,1,1,3
0.19,0.331,0.479,1,0.01,0,5,0.009,19.0,7,1,10,61,0,13420.33,73.2,0.11,4,9,9,0
0.079,0.377,0.545,0,0.156,0,5,0.15,7.9,8,3,32,12,1,18014.79,64.0,0.112,4,8,10,0
0.452,0.387,0.161,0,0.347,1,4,0.347,45.2,2,4,36,50,0,19438.65,61.1,0.315,2,6,4,0
0.774,0.182,0.044,1,0.885,4,1,0.795,77.4,0,5,62,47,1,26716.51,46.6,0.649,1,2,1,3
0.791,0.138,0.071,1,0.885,4,1,0.817,79.1,1,4,46,32,1,20756.15,58.5,0.673,1,1,1,3
0.582,0.086,0.332,0,0.642,3,2,0.637,58.2,4,1,16,77,0,30265.44,39.5,0.522,2,3,4,0
0.496,0.295,0.209,0,0.363,1,4,0.344,49.6,3,0,-6,63,0,13089.45,73.8,0.411,2,6,3,0
0.896,0.055,0.05,1,0.99,4,1,0.961,89.6,0,6,54,7,1,31226.77,37.5,0.911,0,0,2,3
0.246,0.339,0.415,0,0.066,0,5,0.062,24.6,6,4,38,76,0,14124.85,71.8,0.156,3,9,7,0
0.168,0.443,0.389,0,0.073,0,5,0.069,16.8,5,3,38,89,0,9018.87,82.0,0.059,4,9,7,0
0.839,0.117,0.043,1,0.696,3,2,0.69,83.9,0,5,57,48,1,24632.41,50.7,0.872,0,3,1,3
0.871,0.119,0.01,1,0.962,4,1,0.918,87.1,0,3,20,27,1,22789.69,54.4,0.841,0,0,0,3
0.857,0.067,0.076,1,0.999,4,1,0.845,85.7,1,10,100,43,1,32878.66,34.2,0.662,0,1,3,3
0.431,0.385,0.185,1,0.585,2,3,0.542,43.1,2,2,26,53,0,30283.66,39.4,0.511,2,4,3,1
0.698,0.206,0.096,1,0.663,3,2,0.59,69.8,1,10,92,87,1,13272.75,73.5,0.571,1,4,1,2
0.78,0.132,0.088,1,0.906,4,1,0.89,78.0,1,5,47,12,1,11958.41,76.1,0.616,1,1,2,3
0.827,0.109,0.064,1,0.976,4,1,0.797,82.7,0,7,82,15,1,34882.02,30.2,0.753,0,2,2,3
0.927,0.031,0.042,1,0.922,4,1,0.917,92.7,0,13,100,41,1,43914.53,12.2,1.0,0,0,0,3
0.71,0.261,0.029,1,0.535,2,3,0.53,71.0,0,10,100,74,1,14105.85,71.8,0.529,1,4,2,2
0.653,0.226,0.121,1,0.587,2,3,0.513,65.3,1,3,25,47,1,22725.17,54.5,0.62,1,4,2,2
0.027,0.592,0.381,0,0.09,0,5,0.083,2.7,5,3,38,10,1,19298.62,61.4,0.035,4,9,7,0
0.473,0.4,0.127,1,0.575,2,3,0.532,47.3,1,1,28,50,0,24834.22,50.3,0.533,2,4,3,1
0.794,0.161,0.045,1,0.959,4,1,0.887,79.4,0,14,100,28,1,31514.56,37.0,0.798,1,1,0,3
0.019,0.375,0.606,0,0.115,0,5,0.108,1.9,9,0,15,14,1,12828.94,74.3,0.09,4,8,11,0
0.452,0.407,0.14,1,0.454,2,3,0.447,45.2,2,1,21,65,0,15384.67,69.2,0.255,2,5,4,1
0.493,0.178,0.328,1,0.674,3,2,0.569,49.3,4,2,17,67,0,10732.84,78.5,0.359,2,4,5,1
0.896,0.051,0.053,1,0.774,3,2,0.758,89.6,0,3,21,10,1,13374.67,73.3,0.729,0,2,2,2
0.557,0.188,0.255,1,0.435,2,3,0.404,55.7,3,1,26,10,1,33480.56,33.0,0.387,2,5,5,1
0.694,0.224,0.082,1,0.789,3,2,0.661,69.4,1,8,90,33,1,17346.72,65.3,0.541,1,3,2,2
0.868,0.024,0.108,1,0.686,3,2,0.646,86.8,1,14,100,68,1,13696.37,72.6,0.682,0,3,3,3
0.93,0.033,0.037,1,0.979,4,1,0.859,93.0,0,11,100,82,1,33019.04,34.0,0.874,0,1,2,3
0.642,0.0,0.359,0,0.48,2,3,0.477,64.2,5,4,44,27,1,22475.45,55.0,0.627,1,5,7,0
0.983,0.0,0.047,1,0.796,3,2,0.75,98.3,0,4,38,75,1,47081.0,5.8,0.796,0,2,0,3
0.071,0.391,0.539,0,0.065,0,5,0.064,7.1,8,1,8,10,1,7593.63,84.8,0.0,4,9,10,0
0.68,0.205,0.115,1,0.704,3,2,0.651,68.0,1,9,94,44,1,24589.65,50.8,0.651,1,3,1,3
0.454,0.15,0.397,0,0.471,2,3,0.458,45.4,5,3,26,54,0,20634.02,58.7,0.542,2,5,7,0
0.876,0.0,0.142,1,1.0,5,0,0.93,87.6,2,14,100,23,1,34459.61,31.1,0.834,0,0,4,3
0.807,0.162,0.031,1,0.842,4,1,0.777,80.7,0,7,63,21,1,17397.34,65.2,0.711,0,2,0,3
0.953,0.005,0.043,1,0.955,4,1,0.864,95.3,0,9,100,24,1,40985.64,18.0,0.875,0,1,2,3
0.625,0.198,0.178,0,0.796,3,2,0.742,62.5,2,3,42,38,0,28820.64,42.4,0.507,1,2,4,0
0.083,0.132,0.785,0,0.238,1,4,0.224,8.3,11,1,0,73,0,11316.57,77.4,0.017,4,7,13,0
0.663,0.325,0.012,1,0.571,2,3,0.473,66.3,0,7,89,16,1,11601.94,76.8,0.495,1,5,2,2
0.264,0.142,0.594,0,0.266,1,4,0.256,26.4,8,0,2,62,0,6970.14,86.1,0.108,3,7,9,0
0.75,0.163,0.087,1,0.568,2,3,0.493,75.0,1,13,100,7,1,19244.7,61.5,0.789,1,5,3,3
0.82,0.036,0.144,1,0.767,3,2,0.763,82.0,2,8,84,65,1,22675.21,54.6,0.785,0,2,4,2
0.613,0.014,0.373,1,0.566,2,3,0.531,61.3,5,1,25,40,0,23243.75,53.5,0.638,1,4,5,1
0.196,0.088,0.717,0,0.282,1,4,0.249,19.6,10,4,55,66,0,18353.66,63.3,0.231,4,7,12,0
0.881,0.101,0.017,1,0.725,3,2,0.69,88.1,0,8,91,33,1,21108.8,57.8,0.734,0,3,2,3
0.922,0.078,0.0,1,0.895,4,1,0.811,92.2,0,9,90,16,1,28768.11,42.5,0.77,0,1,2,3
0.54,0.252,0.208,1,0.545,2,3,0.536,54.0,3,4,42,12,1,26809.92,46.4,0.625,2,4,3,2
0.369,0.451,0.18,1,0.504,2,3,0.432,36.9,2,2,26,42,0,17055.9,65.9,0.266,3,5,2,1
0.499,0.271,0.229,0,0.417,2,3,0.387,49.9,3,4,42,87,0,10425.56,79.1,0.418,2,6,5,0
0.896,0.093,0.012,1,0.935,4,1,0.798,89.6,0,4,51,65,1,47253.68,5.5,0.781,0,2,1,3
0.677,0.295,0.027,0,0.672,3,2,0.663,67.7,0,12,100,56,1,11639.27,76.7,0.566,1,3,0,1
0.746,0.146,0.108,1,0.908,4,1,0.795,74.6,1,7,82,42,1,32707.26,34.6,0.594,1,2,1,3
0.655,0.204,0.141,1,0.659,3,2,0.589,65.5,2,4,47,48,1,29171.47,41.7,0.679,1,4,2,2
0.439,0.404,0.156,0,0.309,1,4,0.297,43.9,2,1,28,48,0,18345.16,63.3,0.36,2,7,2,0
0.32,0.526,0.154,1,0.126,0,5,0.12,32.0,2,0,3,81,0,27690.76,44.6,0.258,3,8,4,0
0.507,0.114,0.379,1,0.675,3,2,0.671,50.7,5,2,37,17,1,17191.12,65.6,0.386,2,3,5,2
0.352,0.511,0.138,1,0.438,2,3,0.362,35.2,2,4,53,12,1,34722.65,30.6,0.231,3,6,2,1
0.766,0.096,0.138,0,0.729,3,2,0.628,76.6,2,7,67,12,1,30665.67,38.7,0.668,1,3,3,0
0.811,0.067,0.122,1,0.936,4,1,0.836,81.1,1,8,93,9,1,25061.74,49.9,0.893,0,1,1,3
0.348,0.209,0.442,0,0.23,1,4,0.198,34.8,6,0,19,14,1,10937.62,78.1,0.185,3,8,8,0
0.711,0.263,0.026,1,0.816,4,1,0.665,71.1,0,10,100,73,1,13135.38,73.7,0.801,1,3,2,3
0.317,0.37,0.313,1,0.502,2,3,0.427,31.7,4,2,33,63,0,29378.0,41.2,0.279,3,5,6,1
0.693,0.267,0.039,1,0.494,2,3,0.413,69.3,0,9,96,68,1,32992.95,34.0,0.676,1,5,2,2
0.706,0.265,0.029,1,0.529,2,3,0.508,70.6,0,13,100,14,1,25012.69,50.0,0.548,1,4,0,3
0.855,0.135,0.01,1,0.882,4,1,0.744,85.5,0,13,100,64,1,33607.84,32.8,0.823,0,2,1,3
0.845,0.006,0.149,1,0.796,3,2,0.672,84.5,2,5,46,18,1,34808.8,30.4,0.854,0,3,2,2
0.551,0.195,0.254,1,0.604,3,2,0.521,55.1,3,4,36,27,1,30902.83,38.2,0.57,2,4,4,2
0.636,0.325,0.039,1,0.476,2,3,0.436,63.6,0,12,100,30,1,20861.2,58.3,0.52,1,5,2,2
0.418,0.376,0.207,0,0.39,1,4,0.319,41.8,3,0,17,48,0,18433.66,63.1,0.402,2,6,4,0
0.863,0.107,0.03,1,0.751,3,2,0.679,86.3,0,11,100,62,1,19946.28,60.1,0.91,0,3,1,3
0.83,0.125,0.045,1,0.766,3,2,0.677,83.0,0,9,100,41,1,49816.72,0.4,0.81,0,3,2,3
0.459,0.289,0.251,0,0.65,3,2,0.614,45.9,3,0,-5,16,1,17584.48,64.8,0.278,2,3,3,0
0.724,0.255,0.022,1,0.68,3,2,0.596,72.4,0,13,100,79,1,15455.32,69.1,0.672,1,4,0,2
0.889,0.0,0.127,1,1.0,5,0,0.918,88.9,1,8,86,88,1,18943.7,62.1,0.801,0,0,3,3
0.827,0.171,0.002,1,0.943,4,1,0.876,82.7,0,10,100,80,1,23798.79,52.4,0.685,0,1,2,3
0.803,0.197,0.001,1,0.69,3,2,0.603,80.3,0,9,97,40,1,39140.28,21.7,0.854,0,3,1,3
0.755,0.174,0.071,1,0.838,4,1,0.759,75.5,1,3,34,32,1,11898.75,76.2,0.666,1,2,1,2
0.506,0.103,0.391,0,0.406,2,3,0.363,50.6,5,4,56,84,0,28431.71,43.1,0.56,2,6,7,0
0.898,0.0,0.11,1,0.954,4,1,0.937,89.8,1,12,100,87,1,32220.41,35.6,0.972,0,0,3,3
0.239,0.111,0.65,0,0.308,1,4,0.302,23.9,9,4,40,71,0,8222.93,83.6,0.255,3,6,10,0
0.629,0.129,0.241,1,0.55,2,3,0.53,62.9,3,0,-10,20,1,15160.67,69.7,0.692,1,4,3,2
0.844,0.069,0.087,1,0.957,4,1,0.861,84.4,1,7,89,19,1,24798.5,50.4,0.842,0,1,1,3
0.538,0.263,0.2,0,0.716,3,2,0.618,53.8,2,2,25,24,1,13567.32,72.9,0.513,2,3,2,0
0.638,0.031,0.331,1,0.485,2,3,0.482,63.8,4,3,45,9,1,32136.24,35.7,0.564,1,5,6,1
0.879,0.083,0.039,1,0.781,3,2,0.735,87.9,0,8,99,26,1,19760.26,60.5,0.816,0,2,1,3
0.856,0.085,0.058,1,0.671,3,2,0.586,85.6,0,11,100,81,1,21882.8,56.2,0.751,0,4,0,3
0.854,0.065,0.081,1,1.0,5,0,0.994,85.4,1,4,40,80,1,33096.38,33.8,0.843,0,0,1,3
0.823,0.151,0.026,1,1.0,5,0,0.872,82.3,0,9,83,83,1,22739.18,54.5,0.79,0,1,2,3
0.781,0.157,0.063,1,0.679,3,2,0.588,78.1,0,5,65,57,1,16732.65,66.5,0.61,1,4,2,3
0.849,0.068,0.082,1,1.0,5,0,0.818,84.9,1,5,52,63,1,25058.34,49.9,0.848,0,1,1,3
0.146,0.353,0.501,0,0.032,0,5,0.028,14.6,7,3,24,64,0,9591.0,80.8,0.0,4,9,7,0
0.807,0.052,0.141,1,0.714,3,2,0.688,80.7,2,7,60,58,1,33668.48,32.7,0.703,0,3,3,2
0.949,0.03,0.021,1,1.0,5,0,0.818,94.9,0,4,48,21,1,21229.02,57.5,1.0,0,1,1,3
0.656,0.232,0.113,1,0.83,4,1,0.806,65.6,1,1,15,46,0,15263.51,69.5,0.61,1,1,3,2
0.165,0.119,0.715,0,0.033,0,5,0.033,16.5,10,0,-2,21,1,15584.99,68.8,0.046,4,9,11,0
0.667,0.255,0.077,1,0.551,2,3,0.55,66.7,1,12,100,64,1,27139.28,45.7,0.515,1,4,1,2
0.808,0.167,0.025,1,0.766,3,2,0.645,80.8,0,14,100,7,1,16940.41,66.1,0.707,0,3,1,3
0.553,0.056,0.392,1,0.495,2,3,0.438,55.3,5,4,58,42,0,34845.68,30.3,0.601,2,5,7,1
0.382,0.0,0.73,0,0.339,1,4,0.301,38.2,10,2,25,73,0,19148.52,61.7,0.258,3,6,10,0
0.457,0.352,0.191,0,0.381,1,4,0.331,45.7,2,3,33,64,0,30367.39,39.3,0.428,2,6,2,0
0.828,0.155,0.017,1,0.65,3,2,0.573,82.8,0,3,39,22,1,42418.64,15.2,0.774,0,4,2,2
0.311,0.386,0.303,0,0.479,2,3,0.44,31.1,4,4,34,86,0,20337.16,59.3,0.371,3,5,6,0
0.311,0.26,0.429,0,0.33,1,4,0.33,31.1,6,1,14,11,1,14723.24,70.6,0.215,3,6,8,0
0.954,0.006,0.04,1,1.0,5,0,0.852,95.4,0,10,100,55,1,48395.12,3.2,1.0,0,1,0,3
0.35,0.044,0.607,0,0.374,1,4,0.316,35.0,9,2,37,72,0,19433.57,61.1,0.206,3,6,9,0
0.697,0.231,0.072,1,0.774,3,2,0.675,69.7,1,3,46,21,1,23888.49,52.2,0.746,1,3,3,2
0.342,0.488,0.17,1,0.327,1,4,0.289,34.2,2,4,48,9,1,19423.64,61.2,0.165,3,7,4,1
0.859,0.106,0.035,1,0.69,3,2,0.601,85.9,0,4,48,89,1,26834.96,46.3,0.795,0,3,1,3
0.755,0.195,0.049,1,0.89,4,1,0.74,75.5,0,8,89,83,1,15598.3,68.8,0.622,1,2,0,3
0.824,0.075,0.102,1,0.682,3,2,0.589,82.4,1,12,100,11,1,22877.87,54.2,0.848,0,4,2,2
0.329,0.0,0.712,0,0.173,0,5,0.173,32.9,10,4,41,7,1,11747.95,76.5,0.301,3,8,10,0
0.692,0.285,0.023,1,0.699,3,2,0.664,69.2,0,4,33,37,1,24876.16,50.2,0.69,1,3,1,2
0.536,0.357,0.106,1,0.381,1,4,0.308,53.6,1,2,11,89,0,28491.49,43.0,0.481,2,6,3,1
0.839,0.154,0.008,1,0.904,4,1,0.798,83.9,0,14,100,23,1,43771.55,12.5,0.647,0,2,0,3
0.658,0.279,0.064,1,0.528,2,3,0.434,65.8,0,4,38,54,1,19219.22,61.6,0.51,1,5,2,2
0.467,0.185,0.348,0,0.319,1,4,0.269,46.7,5,4,36,78,0,24012.92,52.0,0.359,2,7,6,0
0.367,0.385,0.248,1,0.256,1,4,0.252,36.7,3,1,29,51,0,29409.58,41.2,0.231,3,7,3,1
0.378,0.079,0.543,0,0.51,2,3,0.466,37.8,8,2,38,48,0,11284.53,77.4,0.287,3,5,10,0
0.365,0.32,0.315,0,0.557,2,3,0.52,36.5,4,0,-8,59,0,5209.8,89.6,0.37,3,4,4,0
0.29,0.0,0.799,0,0.256,1,4,0.25,29.0,11,1,1,8,1,13816.68,72.4,0.102,3,7,12,0
0.043,0.65,0.308,0,0.0,0,5,0.0,4.3,4,0,8,64,0,18746.5,62.5,0.024,4,10,4,0
0.717,0.23,0.053,1,0.748,3,2,0.722,71.7,0,13,100,28,1,21892.75,56.2,0.656,1,2,2,3
0.339,0.488,0.173,0,0.237,1,4,0.2,33.9,2,2,17,34,0,18557.07,62.9,0.297,3,8,3,0
0.622,0.242,0.135,1,0.75,3,2,0.699,62.2,2,6,76,10,1,29578.99,40.8,0.441,1,3,2,2
0.894,0.1,0.005,1,0.792,3,2,0.742,89.4,0,4,51,15,1,40853.66,18.3,0.833,0,2,1,3
0.617,0.308,0.075,1,0.54,2,3,0.486,61.7,1,13,100,80,1,22484.83,55.0,0.697,1,5,3,2
0.432,0.397,0.171,1,0.387,1,4,0.382,43.2,2,0,17,73,0,12980.16,74.0,0.489,2,6,2,0
0.695,0.25,0.055,0,0.809,4,1,0.804,69.5,0,8,93,28,1,31446.98,37.1,0.658,1,1,1,1
0.004,0.655,0.341,0,0.0,0,5,0.0,0.4,5,3,25,27,1,15279.23,69.4,0.061,4,10,7,0
0.534,0.139,0.327,0,0.545,2,3,0.47,53.4,4,0,19,81,0,32814.55,34.4,0.467,2,5,5,0
0.677,0.298,0.025,1,0.689,3,2,0.564,67.7,0,13,100,36,1,32296.73,35.4,0.753,1,4,2,2
0.676,0.212,0.112,1,0.54,2,3,0.482,67.6,1,11,100,25,1,33794.91,32.4,0.554,1,5,3,2
0.895,0.062,0.043,1,0.719,3,2,0.712,89.5,0,14,100,82,1,30552.81,38.9,0.788,0,2,1,3
0.686,0.122,0.192,1,0.541,2,3,0.522,68.6,2,3,39,73,0,20585.06,58.8,0.545,1,4,4,2
0.798,0.086,0.117,1,0.83,4,1,0.819,79.8,1,14,100,44,1,27915.11,44.2,0.692,1,1,3,3
0.896,0.0,0.133,1,0.8,4,1,0.682,89.6,2,8,83,68,1,29732.04,40.5,0.831,0,3,4,3
0.364,0.301,0.335,1,0.2,0,5,0.185,36.4,5,0,-5,67,0,23777.85,52.4,0.238,3,8,5,0
0.862,0.097,0.041,1,0.796,3,2,0.768,86.2,0,5,48,74,1,17150.38,65.7,0.812,0,2,2,2
0.155,0.224,0.622,0,0.0,0,5,0.0,15.5,9,4,51,42,0,7795.62,84.4,0.063,4,10,10,0
0.959,0.006,0.035,1,0.976,4,1,0.888,95.9,0,14,100,31,1,31397.32,37.2,0.978,0,1,1,3
0.91,0.065,0.025,1,0.826,4,1,0.661,91.0,0,7,89,38,1,30761.36,38.5,0.78,0,3,1,3
0.818,0.14,0.043,1,0.691,3,2,0.599,81.8,0,9,95,55,1,16763.09,66.5,0.654,0,4,1,3
0.825,0.115,0.06,1,0.681,3,2,0.615,82.5,0,5,47,24,1,21612.78,56.8,0.678,0,3,2,2
0.605,0.072,0.323,1,0.452,2,3,0.387,60.5,4,3,27,74,0,23144.01,53.7,0.574,1,6,6,1
0.366,0.0,0.721,0,0.518,2,3,0.482,36.6,10,1,16,29,1,6316.34,87.4,0.314,3,5,10,0
0.853,0.143,0.003,1,0.779,3,2,0.776,85.3,0,7,60,54,1,45669.52,8.7,0.663,0,2,0,3
0.666,0.304,0.03,1,0.713,3,2,0.711,66.6,0,14,100,38,1,32003.31,36.0,0.543,1,2,2,2
0.31,0.271,0.419,0,0.284,1,4,0.25,31.0,6,3,35,67,0,18448.36,63.1,0.131,3,7,7,0
0.681,0.193,0.126,1,0.838,4,1,0.734,68.1,1,0,7,24,1,27565.87,44.9,0.715,1,2,3,2
0.575,0.285,0.14,1,0.62,3,2,0.516,57.5,2,0,1,73,0,13977.74,72.0,0.635,2,4,4,1
0.672,0.0,0.388,0,0.82,4,1,0.767,67.2,5,0,-8,74,0,11576.73,76.8,0.568,1,2,6,0
0.612,0.255,0.133,1,0.522,2,3,0.486,61.2,2,6,66,28,1,10714.91,78.6,0.577,1,5,4,2
0.818,0.161,0.021,1,0.792,3,2,0.721,81.8,0,6,60,33,1,35963.97,28.1,0.697,0,2,1,3
0.336,0.0,0.786,0,0.301,1,4,0.248,33.6,11,3,37,13,1,11298.14,77.4,0.25,3,7,11,0
0.015,0.653,0.332,0,0.0,0,5,0.0,1.5,4,3,24,36,0,7261.15,85.5,0.0,4,10,6,0
0.887,0.0,0.138,1,0.871,4,1,0.719,88.7,2,12,100,55,1,15854.09,68.3,0.807,0,2,3,3
0.857,0.113,0.03,1,0.718,3,2,0.69,85.7,0,3,45,17,1,28322.61,43.4,0.687,0,3,2,2
0.345,0.395,0.259,1,0.509,2,3,0.432,34.5,3,1,5,16,1,23985.2,52.0,0.368,3,5,4,1
0.515,0.117,0.368,1,0.493,2,3,0.47,51.5,5,2,20,22,1,16434.7,67.1,0.55,2,5,5,1
0.801,0.17,0.028,1,0.637,3,2,0.561,80.1,0,8,70,29,1,42494.93,15.0,0.779,0,4,1,2
0.962,0.03,0.008,1,1.0,5,0,0.995,96.2,0,8,70,52,1,44831.66,10.3,0.985,0,0,2,3
0.83,0.131,0.039,1,0.8,3,2,0.76,83.0,0,3,22,20,1,34884.08,30.2,0.633,0,2,1,3
0.323,0.443,0.234,0,0.205,1,4,0.178,32.3,3,1,9,83,0,10383.55,79.2,0.213,3,8,4,0
0.907,0.048,0.045,1,0.902,4,1,0.824,90.7,0,3,23,21,1,39805.25,20.4,0.777,0,1,2,3
0.12,0.222,0.659,0,0.0,0,5,0.0,12.0,9,4,41,13,1,6674.76,86.7,0.0,4,10,9,0
0.649,0.313,0.038,1,0.675,3,2,0.619,64.9,0,4,42,71,1,20217.53,59.6,0.603,1,3,0,2
0.698,0.201,0.102,1,0.78,3,2,0.691,69.8,1,11,100,43,1,10848.93,78.3,0.616,1,3,2,3
0.7,0.175,0.125,1,0.706,3,2,0.601,70.0,1,1,21,54,0,13132.11,73.7,0.667,1,3,2,1
0.833,0.154,0.013,1,0.691,3,2,0.567,83.3,0,13,100,22,1,22455.08,55.1,0.715,0,4,2,3
0.826,0.173,0.001,1,0.878,4,1,0.793,82.6,0,7,83,24,1,15750.31,68.5,0.719,0,2,2,3
0.543,0.092,0.365,1,0.522,2,3,0.501,54.3,5,2,38,72,0,22722.55,54.6,0.583,2,4,7,1
0.989,0.005,0.006,1,0.805,4,1,0.661,98.9,0,14,100,64,1,28705.61,42.6,0.953,0,3,2,3
0.985,0.0,0.019,1,1.0,5,0,0.91,98.5,0,5,40,46,1,18820.84,62.4,1.0,0,0,0,3
0.31,0.0,0.752,0,0.44,2,3,0.405,31.0,11,2,33,32,0,6551.23,86.9,0.353,3,5,11,0
0.818,0.056,0.126,1,0.688,3,2,0.577,81.8,1,9,100,44,1,16597.06,66.8,0.834,0,4,3,2
0.897,0.075,0.028,1,0.742,3,2,0.709,89.7,0,8,75,27,1,26500.23,47.0,0.763,0,2,1,3
0.783,0.181,0.036,1,0.603,3,2,0.488,78.3,0,9,83,30,1,19575.44,60.8,0.694,1,5,2,2
0.835,0.146,0.019,1,0.711,3,2,0.691,83.5,0,9,97,26,1,11341.26,77.3,0.825,0,3,2,3
0.63,0.292,0.077,1,0.816,4,1,0.658,63.0,1,5,57,74,1,15779.92,68.4,0.47,1,3,1,2
0.039,0.499,0.462,0,0.123,0,5,0.12,3.9,6,2,38,48,0,15857.23,68.3,0.111,4,8,7,0
0.512,0.199,0.29,0,0.333,1,4,0.324,51.2,4,4,34,64,0,28874.02,42.3,0.356,2,6,6,0
0.869,0.053,0.078,1,0.81,4,1,0.805,86.9,1,5,49,30,1,19398.08,61.2,0.901,0,1,3,3
0.791,0.099,0.11,0,0.627,3,2,0.513,79.1,1,4,43,48,1,11172.74,77.7,0.802,1,4,2,0
0.215,0.362,0.422,0,0.035,0,5,0.029,21.5,6,4,50,65,0,12664.6,74.7,0.079,3,9,8,0
0.481,0.293,0.226,1,0.417,2,3,0.389,48.1,3,1,16,40,0,26213.95,47.6,0.295,2,6,3,1
0.707,0.241,0.052,1,0.651,3,2,0.625,70.7,0,13,100,32,1,26653.81,46.7,0.753,1,3,1,3
0.891,0.106,0.003,1,0.849,4,1,0.822,89.1,0,8,94,56,1,23267.7,53.5,0.932,0,1,0,3
0.65,0.27,0.081,1,0.664,3,2,0.564,65.0,1,13,100,42,1,25925.97,48.1,0.587,1,4,1,2
0.866,0.128,0.005,1,0.892,4,1,0.786,86.6,0,10,99,37,1,28255.51,43.5,0.958,0,2,0,3
0.956,0.036,0.008,1,0.943,4,1,0.891,95.6,0,13,100,12,1,27130.87,45.7,0.847,0,1,0,3
0.876,0.009,0.115,1,1.0,5,0,0.919,87.6,1,14,100,56,1,23937.18,52.1,0.69,0,0,1,3
0.379,0.431,0.19,0,0.183,0,5,0.176,37.9,2,2,17,85,0,14695.55,70.6,0.337,3,8,2,0
0.879,0.052,0.069,1,0.961,4,1,0.93,87.9,1,9,81,83,1,16186.27,67.6,0.702,0,0,2,3
0.32,0.321,0.36,1,0.455,2,3,0.415,32.0,5,1,22,55,0,10327.31,79.3,0.173,3,5,7,0
0.927,0.04,0.033,1,0.768,3,2,0.717,92.7,0,7,64,42,1,39352.6,21.3,1.0,0,2,0,3
0.685,0.053,0.262,0,0.675,3,2,0.54,68.5,3,1,20,87,0,22424.94,55.2,0.543,1,4,5,0
0.071,0.249,0.679,0,0.188,0,5,0.161,7.1,10,1,15,40,0,17509.51,65.0,0.084,4,8,11,0
0.284,0.07,0.645,0,0.379,1,4,0.345,28.4,9,0,18,74,0,18695.89,62.6,0.31,3,6,10,0
0.634,0.254,0.112,1,0.518,2,3,0.465,63.4,1,2,37,13,1,17064.8,65.9,0.501,1,5,2,2
0.566,0.048,0.386,1,0.543,2,3,0.504,56.6,5,2,33,17,1,18241.95,63.5,0.619,2,4,6,1
0.8,0.153,0.047,1,0.782,3,2,0.642,80.0,0,4,53,51,1,30332.55,39.3,0.808,0,3,1,3
0.628,0.183,0.189,1,0.541,2,3,0.481,62.8,2,0,6,52,0,23840.11,52.3,0.43,1,5,4,1
0.46,0.205,0.335,0,0.264,1,4,0.259,46.0,5,4,56,16,1,30476.14,39.0,0.268,2,7,5,0
0.595,0.211,0.194,1,0.412,2,3,0.379,59.5,2,3,32,44,0,30419.12,39.2,0.519,2,6,3,1
0.317,0.24,0.443,0,0.421,2,3,0.347,31.7,6,4,36,15,1,8482.66,83.0,0.371,3,6,6,0
0.63,0.348,0.022,1,0.449,2,3,0.377,63.0,0,9,89,18,1,10071.41,79.9,0.598,1,6,2,2
0.684,0.302,0.013,1,0.71,3,2,0.632,68.4,0,4,53,31,1,13946.44,72.1,0.746,1,3,2,2
0.863,0.001,0.136,0,0.711,3,2,0.573,86.3,2,4,43,27,1,31123.2,37.8,0.803,0,4,2,0
0.839,0.105,0.056,1,0.906,4,1,0.832,83.9,0,9,92,42,1,30896.49,38.2,0.76,0,1,2,3
0.893,0.081,0.026,1,0.825,4,1,0.669,89.3,0,12,100,75,1,27392.06,45.2,0.798,0,3,1,3
0.652,0.231,0.117,1,0.567,2,3,0.493,65.2,1,5,66,87,1,20677.9,58.6,0.554,1,5,2,2
0.831,0.116,0.053,1,0.828,4,1,0.793,83.1,0,4,32,38,1,21998.24,56.0,0.928,0,2,1,3
0.686,0.239,0.075,1,0.585,2,3,0.551,68.6,1,13,100,28,1,17699.01,64.6,0.659,1,4,3,2
0.871,0.119,0.01,1,0.894,4,1,0.834,87.1,0,3,28,12,1,22747.08,54.5,0.874,0,1,2,3
0.417,0.244,0.339,0,0.46,2,3,0.373,41.7,5,1,27,19,1,20598.73,58.8,0.291,2,6,6,0
0.847,0.105,0.048,1,0.731,3,2,0.641,84.7,0,9,100,20,1,42161.98,15.7,0.751,0,3,1,3
0.009,0.2,0.791,0,0.0,0,5,0.0,0.9,11,2,22,43,0,8400.15,83.2,0.058,4,10,13,0
0.842,0.122,0.036,1,0.861,4,1,0.849,84.2,0,13,100,13,1,34035.3,31.9,0.799,0,1,2,3
0.814,0.158,0.028,1,0.718,3,2,0.575,81.4,0,7,73,19,1,24562.24,50.9,0.877,0,4,1,3
0.828,0.156,0.016,1,0.798,3,2,0.772,82.8,0,14,100,22,1,17723.5,64.6,0.751,0,2,0,3
0.978,0.005,0.017,1,0.989,4,1,0.92,97.8,0,14,100,40,1,45652.1,8.7,0.867,0,0,0,3
0.506,0.189,0.305,0,0.654,3,2,0.601,50.6,4,1,27,32,0,30787.46,38.4,0.543,2,3,5,0
0.654,0.091,0.256,1,0.816,4,1,0.668,65.4,3,1,15,49,0,25213.54,49.6,0.533,1,3,3,2
0.775,0.122,0.103,1,0.909,4,1,0.809,77.5,1,14,100,43,1,23890.24,52.2,0.648,1,1,1,3
0.842,0.15,0.008,1,0.992,4,1,0.866,84.2,0,3,21,63,1,23095.5,53.8,0.842,0,1,2,3
0.863,0.112,0.025,1,0.766,3,2,0.756,86.3,0,3,28,69,1,24501.41,51.0,0.882,0,2,2,2
0.742,0.145,0.113,1,0.575,2,3,0.469,74.2,1,5,68,65,1,28929.39,42.1,0.582,1,5,3,2
0.83,0.163,0.007,1,0.817,4,1,0.759,83.0,0,6,61,78,1,23446.33,53.1,0.844,0,2,1,3
0.62,0.262,0.118,1,0.61,3,2,0.539,62.0,1,10,100,27,1,20324.5,59.4,0.594,1,4,3,2
0.635,0.012,0.354,1,0.803,4,1,0.773,63.5,5,0,-9,63,0,33830.05,32.3,0.476,1,2,5,1
0.209,0.104,0.687,0,0.303,1,4,0.274,20.9,10,3,21,52,0,17695.52,64.6,0.103,3,7,12,0
0.275,0.327,0.398,0,0.159,0,5,0.128,27.5,5,0,18,57,0,11377.24,77.2,0.138,3,8,5,0
0.357,0.0,0.668,0,0.345,1,4,0.345,35.7,10,1,11,34,0,17033.95,65.9,0.431,3,6,10,0
0.419,0.182,0.399,1,0.571,2,3,0.506,41.9,5,0,16,29,1,22371.99,55.3,0.331,2,4,5,1
0.981,0.0,0.026,1,1.0,5,0,0.893,98.1,0,9,100,50,1,31270.2,37.5,0.884,0,1,0,3
0.642,0.331,0.027,1,0.507,2,3,0.473,64.2,0,3,48,88,1,11652.61,76.7,0.691,1,5,1,2
0.105,0.391,0.504,0,0.05,0,5,0.05,10.5,7,4,54,68,0,14073.28,71.9,0.0,4,9,7,0
0.474,0.285,0.241,0,0.283,1,4,0.234,47.4,3,3,30,87,0,26959.43,46.1,0.533,2,7,4,0
0.831,0.157,0.013,1,0.832,4,1,0.725,83.1,0,11,100,13,1,22581.55,54.8,0.902,0,2,0,3
0.562,0.275,0.164,1,0.704,3,2,0.628,56.2,2,2,14,37,0,27963.34,44.1,0.424,2,3,4,1
0.051,0.437,0.513,0,0.035,0,5,0.032,5.1,7,2,18,25,1,7715.18,84.6,0.035,4,9,7,0
0.216,0.091,0.692,0,0.181,0,5,0.157,21.6,10,3,48,29,1,18476.67,63.0,0.115,3,8,12,0
0.394,0.0,0.712,0,0.218,1,4,0.178,39.4,10,1,2,29,1,17579.77,64.8,0.278,3,8,12,0
0.898,0.06,0.042,1,0.751,3,2,0.711,89.8,0,6,50,88,1,34335.78,31.3,0.71,0,2,1,3
0.981,0.0,0.027,1,0.962,4,1,0.939,98.1,0,4,31,69,1,24366.77,51.3,0.783,0,0,2,3
0.625,0.37,0.005,1,0.661,3,2,0.537,62.5,0,14,100,8,1,17978.86,64.0,0.429,1,4,2,2
0.847,0.148,0.006,1,1.0,5,0,0.924,84.7,0,10,100,37,1,48945.55,2.1,0.839,0,0,1,3
0.659,0.285,0.056,1,0.473,2,3,0.423,65.9,0,12,100,32,1,31388.72,37.2,0.511,1,5,2,2
0.39,0.307,0.303,0,0.368,1,4,0.315,39.0,4,0,16,69,0,34096.32,31.8,0.296,3,6,5,0
0.808,0.065,0.128,1,0.987,4,1,0.897,80.8,1,8,78,67,1,28775.01,42.4,0.811,0,1,3,3
0.368,0.315,0.317,0,0.257,1,4,0.217,36.8,4,0,16,81,0,27228.49,45.5,0.391,3,7,5,0
0.75,0.225,0.025,0,0.824,4,1,0.679,75.0,0,4,53,86,1,28450.66,43.1,0.781,1,3,1,1
0.694,0.0,0.329,0,0.831,4,1,0.747,69.4,4,1,15,54,0,33687.31,32.6,0.559,1,2,4,0
0.523,0.104,0.373,1,0.527,2,3,0.501,52.3,5,1,1,75,0,20154.04,59.7,0.509,2,4,6,1
0.043,0.195,0.762,0,0.0,0,5,0.0,4.3,11,1,9,79,0,17009.87,66.0,0.07,4,10,11,0
0.783,0.11,0.107,1,0.691,3,2,0.644,78.3,1,13,100,11,1,29081.75,41.8,0.726,1,3,3,2
0.976,0.002,0.022,1,0.926,4,1,0.854,97.6,0,4,52,50,1,42380.07,15.2,0.896,0,1,2,3
0.255,0.311,0.434,0,0.209,1,4,0.175,25.5,6,1,5,18,1,14362.21,71.3,0.13,3,8,6,0
0.94,0.021,0.039,1,0.79,3,2,0.667,94.0,0,6,51,28,1,33256.1,33.5,0.751,0,3,0,3
0.045,0.182,0.773,0,0.01,0,5,0.009,4.5,11,4,40,62,0,12625.31,74.7,0.019,4,9,12,0
0.72,0.153,0.127,1,0.78,3,2,0.655,72.0,1,8,99,78,1,16301.9,67.4,0.655,1,3,2,3
0.624,0.294,0.083,1,0.462,2,3,0.448,62.4,1,12,100,32,1,22723.11,54.6,0.49,1,5,3,2
0.139,0.3,0.561,0,0.203,1,4,0.164,13.9,8,2,11,46,0,14056.58,71.9,0.166,4,8,8,0
0.323,0.483,0.194,1,0.291,1,4,0.247,32.3,2,4,44,78,0,27120.55,45.8,0.18,3,7,4,1
0.811,0.06,0.129,1,0.973,4,1,0.916,81.1,1,9,87,38,1,22365.68,55.3,0.895,0,0,1,3
0.887,0.072,0.041,1,0.988,4,1,0.927,88.7,0,3,44,39,1,29637.95,40.7,0.875,0,0,2,3
0.919,0.081,0.0,1,0.747,3,2,0.71,91.9,0,8,82,60,1,20103.95,59.8,0.766,0,2,1,3
0.912,0.073,0.015,1,1.0,5,0,0.925,91.2,0,10,100,61,1,30761.19,38.5,0.973,0,0,1,3
0.797,0.18,0.023,1,0.642,3,2,0.607,79.7,0,5,49,27,1,25096.77,49.8,0.674,1,3,0,3
0.9,0.07,0.03,1,0.776,3,2,0.641,90.0,0,9,97,14,1,45523.37,9.0,0.98,0,3,2,3
0.815,0.141,0.044,1,0.969,4,1,0.883,81.5,0,4,36,26,1,18677.78,62.6,0.656,0,1,1,3
0.228,0.178,0.594,1,0.279,1,4,0.278,22.8,8,1,24,61,0,10347.29,79.3,0.156,3,7,10,0
0.974,0.008,0.018,1,0.831,4,1,0.747,97.4,0,14,100,61,1,24498.54,51.0,1.0,0,2,1,3
0.602,0.3,0.098,1,0.608,3,2,0.551,60.2,1,8,87,10,1,10265.48,79.5,0.699,1,4,2,2
0.708,0.164,0.128,1,0.773,3,2,0.719,70.8,1,4,33,45,1,30192.66,39.6,0.595,1,2,3,2
0.706,0.205,0.089,1,0.789,3,2,0.761,70.6,1,7,73,57,1,30964.61,38.1,0.538,1,2,1,3
0.869,0.08,0.05,1,0.819,4,1,0.688,86.9,0,11,100,80,1,22639.08,54.7,0.774,0,3,0,3
0.374,0.303,0.324,1,0.484,2,3,0.481,37.4,4,3,32,68,0,34794.72,30.4,0.42,3,5,4,1
0.435,0.36,0.205,1,0.404,2,3,0.399,43.5,3,0,-7,87,0,13324.07,73.4,0.319,2,6,4,1
0.602,0.348,0.049,1,0.643,3,2,0.579,60.2,0,13,100,30,1,12069.21,75.9,0.504,1,4,2,2
0.945,0.053,0.002,1,0.798,3,2,0.788,94.5,0,11,100,89,1,27307.96,45.4,0.795,0,2,1,3
0.81,0.162,0.028,1,0.715,3,2,0.691,81.0,0,4,32,56,1,47779.39,4.4,0.693,0,3,1,2
0.361,0.409,0.229,1,0.446,2,3,0.437,36.1,3,4,54,8,1,22854.64,54.3,0.229,3,5,4,1
0.811,0.183,0.006,1,0.637,3,2,0.563,81.1,0,8,84,46,1,36528.82,26.9,0.811,0,4,2,2
0.387,0.144,0.468,0,0.469,2,3,0.432,38.7,7,1,18,27,1,11185.93,77.6,0.369,3,5,7,0
0.676,0.176,0.148,1,0.676,3,2,0.647,67.6,2,4,59,59,1,16130.01,67.7,0.564,1,3,4,2
0.726,0.199,0.075,1,0.556,2,3,0.511,72.6,1,4,39,26,1,33599.78,32.8,0.614,1,4,2,2
0.338,0.508,0.154,1,0.433,2,3,0.37,33.8,2,3,35,64,0,28633.52,42.7,0.342,3,6,2,1
0.69,0.284,0.027,1,0.572,2,3,0.552,69.0,0,14,100,26,1,23351.87,53.3,0.516,1,4,1,2
0.879,0.098,0.023,1,0.844,4,1,0.715,87.9,0,11,100,51,1,27738.01,44.5,0.753,0,2,0,3
0.771,0.216,0.013,1,0.725,3,2,0.707,77.1,0,6,74,75,1,10230.45,79.5,0.782,1,2,1,3
0.479,0.399,0.122,0,0.405,2,3,0.389,47.9,1,1,21,65,0,12047.2,75.9,0.57,2,6,1,0
0.533,0.097,0.37,1,0.625,3,2,0.591,53.3,5,2,22,27,1,10879.73,78.2,0.422,2,4,6,1
0.963,0.02,0.018,1,0.82,4,1,0.754,96.3,0,12,100,26,1,39207.64,21.6,0.987,0,2,2,3
0.837,0.159,0.004,1,0.732,3,2,0.625,83.7,0,11,100,72,1,20384.75,59.2,0.916,0,3,0,3
0.523,0.272,0.205,1,0.492,2,3,0.473,52.3,3,1,27,56,0,28822.32,42.4,0.615,2,5,4,1
0.883,0.04,0.077,1,1.0,5,0,0.814,88.3,1,8,96,10,1,30762.95,38.5,0.837,0,1,2,3
0.877,0.0,0.126,1,0.804,4,1,0.726,87.7,1,13,100,45,1,27219.97,45.6,0.683,0,2,1,3
0.635,0.364,0.001,1,0.614,3,2,0.52,63.5,0,9,100,71,1,23220.56,53.6,0.658,1,4,0,2
0.779,0.087,0.134,1,0.77,3,2,0.713,77.9,2,4,34,58,1,34336.47,31.3,0.862,1,2,4,2
0.827,0.096,0.077,1,0.901,4,1,0.733,82.7,1,7,88,42,1,34430.94,31.1,0.773,0,2,1,3
0.621,0.233,0.146,1,0.814,4,1,0.713,62.1,2,10,100,62,1,13029.58,73.9,0.625,1,2,3,2
0.858,0.1,0.041,1,0.919,4,1,0.916,85.8,0,10,100,48,1,19807.88,60.4,0.861,0,0,1,3
0.33,0.207,0.463,0,0.464,2,3,0.441,33.0,6,4,44,40,0,17871.61,64.3,0.178,3,5,8,0
0.948,0.031,0.02,1,0.84,4,1,0.689,94.8,0,14,100,35,1,27283.73,45.4,0.851,0,3,0,3
0.754,0.159,0.087,1,0.564,2,3,0.46,75.4,1,5,56,56,1,12776.74,74.4,0.835,1,5,2,2
0.057,0.619,0.324,1,0.056,0,5,0.05,5.7,4,2,12,72,0,12766.32,74.5,0.152,4,9,6,0
0.833,0.143,0.024,1,0.768,3,2,0.761,83.3,0,6,69,20,1,27693.87,44.6,0.639,0,2,1,3
0.882,0.068,0.049,1,0.954,4,1,0.905,88.2,0,13,100,30,1,28896.06,42.2,0.881,0,0,0,3
0.869,0.116,0.016,1,0.795,3,2,0.763,86.9,0,3,45,55,1,11619.55,76.8,0.8,0,2,0,3
0.351,0.449,0.2,0,0.265,1,4,0.22,35.1,3,4,40,14,1,22822.54,54.4,0.251,3,7,5,0
0.601,0.257,0.142,1,0.733,3,2,0.706,60.1,2,10,100,15,1,11004.97,78.0,0.507,1,2,2,2
0.347,0.401,0.252,1,0.417,2,3,0.397,34.7,3,1,22,83,0,14178.27,71.6,0.368,3,6,4,1
0.554,0.115,0.331,0,0.587,2,3,0.566,55.4,4,1,20,61,0,30034.9,39.9,0.484,2,4,5,0
0.712,0.157,0.131,1,0.57,2,3,0.525,71.2,1,14,100,32,1,34493.37,31.0,0.579,1,4,1,2
0.767,0.094,0.14,1,0.689,3,2,0.581,76.7,2,7,82,18,1,15105.39,69.8,0.596,1,4,4,2
0.852,0.127,0.021,1,0.874,4,1,0.858,85.2,0,3,36,89,1,26812.56,46.4,0.799,0,1,0,3
0.131,0.296,0.573,0,0.212,1,4,0.205,13.1,8,1,1,43,0,7474.82,85.1,0.218,4,7,9,0
0.587,0.13,0.282,1,0.786,3,2,0.636,58.7,4,0,-4,8,1,23455.79,53.1,0.602,2,3,5,2
0.579,0.025,0.396,0,0.547,2,3,0.541,57.9,5,0,3,73,0,19422.31,61.2,0.441,2,4,6,0
0.713,0.213,0.074,1,0.653,3,2,0.653,71.3,1,6,58,59,1,10496.9,79.0,0.627,1,3,3,2
0.797,0.119,0.083,1,0.73,3,2,0.685,79.7,1,11,100,88,1,30081.5,39.8,0.849,1,3,1,3
0.732,0.171,0.096,1,0.581,2,3,0.495,73.2,1,5,42,87,1,31737.65,36.5,0.656,1,5,1,3
0.815,0.159,0.025,1,0.898,4,1,0.756,81.5,0,4,42,74,1,42801.4,14.4,0.763,0,2,1,3
0.669,0.193,0.138,1,0.696,3,2,0.577,66.9,2,11,100,61,1,34886.63,30.2,0.577,1,4,3,2
0.431,0.276,0.293,1,0.538,2,3,0.506,43.1,4,3,44,80,0,33191.69,33.6,0.466,2,4,4,1
0.92,0.054,0.026,1,0.863,4,1,0.842,92.0,0,8,94,26,1,33809.47,32.4,0.886,0,1,2,3
0.677,0.194,0.129,1,0.82,4,1,0.702,67.7,1,12,100,42,1,23201.17,53.6,0.515,1,2,1,3
0.325,0.558,0.117,1,0.449,2,3,0.419,32.5,1,4,35,17,1,21266.16,57.5,0.238,3,5,3,1
0.311,0.197,0.493,0,0.309,1,4,0.297,31.1,7,2,12,68,0,7105.88,85.8,0.216,3,7,8,0
0.175,0.232,0.593,0,0.0,0,5,0.0,17.5,8,2,34,74,0,6842.67,86.3,0.004,4,10,8,0
0.513,0.353,0.134,1,0.655,3,2,0.651,51.3,2,0,-2,52,0,23048.43,53.9,0.482,2,3,2,1
0.884,0.09,0.026,1,0.714,3,2,0.69,88.4,0,6,79,32,1,18758.74,62.5,0.945,0,3,2,3
0.009,0.424,0.567,1,0.16,0,5,0.138,0.9,8,1,7,13,1,14247.52,71.5,0.0,4,8,9,0
0.934,0.024,0.043,1,0.925,4,1,0.744,93.4,0,10,100,74,1,21747.1,56.5,0.75,0,2,0,3
0.663,0.194,0.143,1,0.575,2,3,0.536,66.3,2,8,85,57,1,28981.73,42.0,0.465,1,4,3,2
0.713,0.236,0.051,1,0.647,3,2,0.568,71.3,0,10,100,82,1,21339.28,57.3,0.752,1,4,0,3
0.411,0.465,0.124,1,0.565,2,3,0.462,41.1,1,2,18,46,0,28678.57,42.6,0.358,2,5,2,1
0.594,0.071,0.334,1,0.443,2,3,0.437,59.4,5,4,33,27,1,11418.19,77.2,0.555,2,5,5,1
0.335,0.279,0.386,1,0.18,0,5,0.176,33.5,5,3,24,64,0,33308.48,33.4,0.236,3,8,5,0
0.639,0.215,0.146,1,0.754,3,2,0.646,63.9,2,13,100,36,1,12983.02,74.0,0.596,1,3,3,2
0.812,0.17,0.018,1,0.692,3,2,0.603,81.2,0,14,100,79,1,43788.37,12.4,0.626,0,3,2,3
0.69,0.209,0.101,0,0.862,4,1,0.743,69.0,1,2,28,35,0,30211.93,39.6,0.676,1,2,3,0
0.887,0.036,0.078,1,0.944,4,1,0.846,88.7,1,12,100,41,1,19725.76,60.5,0.718,0,1,3,3
0.896,0.082,0.021,1,0.912,4,1,0.771,89.6,0,8,92,19,1,30625.75,38.7,0.88,0,2,0,3
0.817,0.137,0.046,1,0.996,4,1,0.982,81.7,0,3,32,14,1,17075.22,65.8,0.742,0,0,0,3
0.248,0.34,0.412,0,0.331,1,4,0.267,24.8,6,2,19,86,0,16350.99,67.3,0.278,3,7,8,0
0.916,0.049,0.035,1,1.0,5,0,0.933,91.6,0,12,100,33,1,48770.31,2.5,0.857,0,0,2,3
0.819,0.181,0.0,1,0.973,4,1,0.884,81.9,0,3,29,84,1,13446.14,73.1,0.771,0,1,2,3
0.695,0.18,0.125,1,0.895,4,1,0.762,69.5,1,9,87,17,1,24803.27,50.4,0.508,1,2,2,3
0.68,0.189,0.131,1,0.582,2,3,0.484,68.0,1,12,100,66,1,30991.75,38.0,0.576,1,5,3,2
0.847,0.105,0.048,1,0.988,4,1,0.985,84.7,0,9,100,82,1,48257.28,3.5,0.675,0,0,2,3
0.452,0.186,0.362,1,0.279,1,4,0.252,45.2,5,2,38,53,0,34022.49,32.0,0.308,2,7,5,1
0.715,0.234,0.051,1,0.575,2,3,0.549,71.5,0,3,29,85,1,17121.83,65.8,0.529,1,4,0,2
0.804,0.19,0.006,1,0.893,4,1,0.82,80.4,0,10,100,14,1,36360.57,27.3,0.632,0,1,2,3
0.845,0.151,0.005,1,0.884,4,1,0.804,84.5,0,11,100,22,1,32282.09,35.4,0.922,0,1,0,3
0.68,0.189,0.131,0,0.703,3,2,0.616,68.0,1,8,89,8,1,12071.39,75.9,0.567,1,3,3,0
0.809,0.181,0.009,1,0.764,3,2,0.667,80.9,0,8,90,67,1,44067.75,11.9,0.669,0,3,2,3
0.871,0.0,0.146,1,0.905,4,1,0.859,87.1,2,7,85,49,1,34117.13,31.8,0.801,0,1,4,2
0.687,0.264,0.048,1,0.746,3,2,0.715,68.7,0,6,75,83,1,26358.62,47.3,0.588,1,2,1,3
0.324,0.534,0.142,0,0.515,2,3,0.511,32.4,2,2,18,46,0,19890.33,60.2,0.339,3,4,3,0
0.646,0.299,0.055,1,0.692,3,2,0.681,64.6,0,6,59,16,1,29925.29,40.1,0.509,1,3,1,2
0.414,0.415,0.171,1,0.425,2,3,0.401,41.4,2,4,46,50,0,19025.39,61.9,0.399,2,5,4,1
0.32,0.26,0.42,0,0.517,2,3,0.515,32.0,6,3,23,35,0,18402.94,63.2,0.305,3,4,6,0
0.403,0.334,0.263,1,0.358,1,4,0.34,40.3,3,4,40,34,0,31179.93,37.6,0.417,2,6,5,1
0.784,0.159,0.057,1,0.609,3,2,0.541,78.4,0,8,97,50,1,30177.19,39.6,0.664,1,4,2,2
0.369,0.51,0.122,1,0.208,1,4,0.196,36.9,1,2,26,18,1,28469.36,43.1,0.255,3,8,3,1
0.821,0.178,0.001,1,1.0,5,0,0.991,82.1,0,5,67,62,1,36660.64,26.7,0.709,0,0,2,3
0.93,0.056,0.014,1,1.0,5,0,0.858,93.0,0,3,41,53,1,25858.83,48.3,0.775,0,1,2,3
0.391,0.337,0.272,1,0.556,2,3,0.541,39.1,4,0,-9,84,0,19739.43,60.5,0.424,3,4,6,2
0.691,0.165,0.144,1,0.497,2,3,0.438,69.1,2,4,50,75,0,25009.38,50.0,0.666,1,5,2,2
0.977,0.0,0.037,1,0.809,4,1,0.803,97.7,0,13,100,26,1,45725.11,8.5,0.977,0,1,0,3
0.443,0.24,0.317,0,0.5,2,3,0.476,44.3,4,0,15,66,0,34864.54,30.3,0.243,2,5,6,0
0.028,0.288,0.684,0,0.195,0,5,0.177,2.8,10,3,49,15,1,10592.21,78.8,0.0,4,8,12,0
0.697,0.102,0.201,0,0.639,3,2,0.587,69.7,3,3,38,12,1,33013.21,34.0,0.568,1,4,3,0
0.453,0.252,0.296,1,0.499,2,3,0.438,45.3,4,3,28,19,1,30093.93,39.8,0.433,2,5,5,1
0.897,0.091,0.012,1,0.967,4,1,0.914,89.7,0,3,38,29,1,49235.22,1.5,0.863,0,0,1,3
0.882,0.076,0.042,1,0.962,4,1,0.956,88.2,0,13,100,61,1,34910.83,30.2,0.824,0,0,1,3
0.772,0.093,0.135,1,0.902,4,1,0.861,77.2,2,9,100,34,1,17384.3,65.2,0.665,1,1,3,3
0.302,0.59,0.108,0,0.151,0,5,0.122,30.2,1,2,37,66,0,15320.82,69.4,0.301,3,8,3,0
0.351,0.485,0.164,1,0.54,2,3,0.462,35.1,2,1,12,71,0,22924.08,54.2,0.323,3,5,2,1
0.922,0.04,0.038,1,0.901,4,1,0.788,92.2,0,4,32,82,1,19271.7,61.5,0.833,0,2,1,3
0.81,0.19,0.001,1,0.882,4,1,0.757,81.0,0,11,100,72,1,30817.71,38.4,0.653,0,2,1,3
0.404,0.25,0.346,1,0.286,1,4,0.229,40.4,5,4,40,34,0,24644.9,50.7,0.338,2,7,6,1
0.183,0.499,0.318,0,0.246,1,4,0.243,18.3,4,4,35,89,0,7368.38,85.3,0.275,4,7,6,0
0.941,0.029,0.03,1,1.0,5,0,0.846,94.1,0,11,100,54,1,18851.79,62.3,0.956,0,1,1,3
0.699,0.213,0.088,1,0.605,3,2,0.532,69.9,1,4,41,88,1,23293.74,53.4,0.753,1,4,2,3
0.011,0.615,0.374,0,0.009,0,5,0.009,1.1,5,1,22,82,0,9498.34,81.0,0.0,4,9,6,1
0.874,0.019,0.107,1,0.684,3,2,0.673,87.4,1,5,48,17,1,15372.78,69.3,0.93,0,3,2,2
0.824,0.156,0.021,1,0.756,3,2,0.683,82.4,0,8,73,15,1,15045.36,69.9,0.65,0,3,0,2
0.168,0.432,0.4,0,0.2,0,5,0.174,16.8,6,2,17,12,1,11510.03,77.0,0.0,4,8,7,0
0.683,0.273,0.044,1,0.814,4,1,0.72,68.3,0,8,98,24,1,33288.25,33.4,0.489,1,2,0,3
0.049,0.424,0.527,0,0.233,1,4,0.206,4.9,7,4,34,8,1,10897.75,78.2,0.065,4,7,9,0
0.839,0.143,0.018,1,0.907,4,1,0.748,83.9,0,4,30,85,1,49719.29,0.6,0.9,0,2,2,3
0.767,0.111,0.122,1,0.66,3,2,0.589,76.7,1,13,100,54,1,19800.45,60.4,0.782,1,4,2,2
0.809,0.151,0.04,1,0.898,4,1,0.769,80.9,0,12,100,36,1,29702.3,40.6,0.891,0,2,0,3
0.762,0.13,0.109,1,0.638,3,2,0.605,76.2,1,3,39,51,1,30822.91,38.4,0.746,1,3,1,2
0.67,0.29,0.04,1,0.842,4,1,0.717,67.0,0,3,31,38,1,25751.84,48.5,0.501,1,2,2,2
0.515,0.306,0.179,1,0.626,3,2,0.555,51.5,2,0,15,52,0,32656.36,34.7,0.549,2,4,2,2
0.804,0.127,0.069,1,0.842,4,1,0.737,80.4,1,13,100,27,1,11792.27,76.4,0.751,0,2,3,3
0.657,0.238,0.106,1,0.838,4,1,0.703,65.7,1,13,100,87,1,23902.04,52.2,0.746,1,2,3,2
0.64,0.227,0.133,1,0.534,2,3,0.46,64.0,2,12,100,87,1,22187.36,55.6,0.497,1,5,2,2
0.324,0.178,0.498,0,0.262,1,4,0.244,32.4,7,0,-9,36,0,12134.54,75.7,0.227,3,7,9,0
0.81,0.15,0.039,1,0.67,3,2,0.552,81.0,0,11,100,27,1,29198.22,41.6,0.656,0,4,1,3
0.348,0.176,0.476,0,0.263,1,4,0.22,34.8,7,1,20,69,0,14181.48,71.6,0.416,3,7,7,0
0.696,0.147,0.156,1,0.815,4,1,0.652,69.6,2,1,27,53,0,32586.78,34.8,0.517,1,3,4,3
0.146,0.258,0.596,0,0.332,1,4,0.316,14.6,8,2,38,20,1,12265.32,75.5,0.085,4,6,8,0
0.702,0.193,0.104,1,0.843,4,1,0.707,70.2,1,9,85,8,1,21940.94,56.1,0.615,1,2,2,3
0.857,0.125,0.019,1,0.919,4,1,0.799,85.7,0,3,35,86,1,26194.91,47.6,0.94,0,2,0,3
0.981,0.0,0.023,1,0.97,4,1,0.824,98.1,0,9,100,48,1,19995.01,60.0,0.899,0,1,2,3
0.061,0.478,0.46,0,0.205,1,4,0.171,6.1,6,0,14,64,0,16640.21,66.7,0.0,4,8,8,0
0.87,0.074,0.056,1,0.974,4,1,0.894,87.0,0,14,100,28,1,24437.28,51.1,0.884,0,1,2,3
0.807,0.102,0.091,1,0.711,3,2,0.607,80.7,1,5,65,69,1,19548.79,60.9,0.745,0,3,1,3
0.85,0.128,0.022,1,0.774,3,2,0.691,85.0,0,8,72,31,1,22062.75,55.9,0.677,0,3,2,3
0.118,0.338,0.543,0,0.281,1,4,0.241,11.8,8,0,17,57,0,8660.3,82.7,0.18,4,7,9,0
0.823,0.134,0.043,1,0.888,4,1,0.832,82.3,0,8,93,14,1,24350.5,51.3,0.795,0,1,1,3
0.745,0.18,0.075,1,0.561,2,3,0.518,74.5,1,4,44,60,1,21456.05,57.1,0.802,1,4,2,2
0.633,0.169,0.198,1,0.75,3,2,0.695,63.3,2,4,43,51,0,29105.02,41.8,0.487,1,3,4,2
0.622,0.151,0.227,0,0.583,2,3,0.492,62.2,3,0,19,32,0,16368.87,67.3,0.586,1,5,5,0
0.226,0.169,0.605,0,0.114,0,5,0.092,22.6,9,4,30,9,1,16518.57,67.0,0.135,3,9,9,1
0.046,0.216,0.738,0,0.123,0,5,0.118,4.6,11,0,16,71,0,14784.05,70.4,0.0,4,8,11,0
0.994,0.0,0.033,1,0.873,4,1,0.777,99.4,0,9,94,10,1,38372.2,23.3,0.949,0,2,2,3
0.311,0.284,0.406,0,0.156,0,5,0.129,31.1,6,3,34,25,1,15547.36,68.9,0.281,3,8,6,0
0.419,0.414,0.167,0,0.27,1,4,0.237,41.9,2,0,10,16,1,13579.97,72.8,0.507,2,7,2,0
0.331,0.125,0.544,0,0.191,0,5,0.158,33.1,8,2,12,22,1,15011.88,70.0,0.186,3,8,10,0
0.31,0.0,0.793,0,0.372,1,4,0.353,31.0,11,4,35,45,0,13918.82,72.2,0.365,3,6,13,0
0.825,0.161,0.013,1,0.683,3,2,0.62,82.5,0,8,96,76,1,31236.96,37.5,0.726,0,3,2,3
0.863,0.127,0.01,1,0.924,4,1,0.805,86.3,0,10,100,78,1,30523.98,39.0,0.953,0,1,0,3
0.759,0.198,0.042,1,0.763,3,2,0.646,75.9,0,7,65,62,1,11384.32,77.2,0.746,1,3,1,3
0.712,0.217,0.071,1,0.559,2,3,0.481,71.2,1,11,100,61,1,19568.31,60.9,0.525,1,5,2,2
0.136,0.145,0.719,0,0.209,1,4,0.188,13.6,10,1,22,12,1,6564.41,86.9,0.216,4,8,12,0
0.887,0.109,0.004,1,1.0,5,0,0.819,88.7,0,4,49,18,1,19239.9,61.5,0.874,0,1,0,3
0.259,0.0,0.779,1,0.124,0,5,0.118,25.9,11,4,31,73,0,9855.22,80.3,0.14,3,8,11,1
0.989,0.0,0.023,1,0.971,4,1,0.874,98.9,0,7,76,9,1,22799.22,54.4,0.808,0,1,1,3
0.555,0.096,0.349,0,0.61,3,2,0.501,55.5,5,1,26,40,0,14751.92,70.5,0.36,2,4,7,0
0.594,0.03,0.376,0,0.669,3,2,0.62,59.4,5,0,-10,11,1,21836.61,56.3,0.5,2,3,7,0
0.29,0.016,0.694,0,0.16,0,5,0.148,29.0,10,1,16,54,0,10958.3,78.1,0.364,3,8,12,0
0.29,0.233,0.477,0,0.256,1,4,0.242,29.0,7,0,0,73,0,15861.06,68.3,0.18,3,7,9,0
0.609,0.273,0.118,1,0.561,2,3,0.453,60.9,1,2,21,82,0,28300.77,43.4,0.606,1,5,3,1
0.918,0.064,0.018,1,0.815,4,1,0.799,91.8,0,11,100,78,1,46013.77,8.0,0.85,0,2,0,3
0.021,0.343,0.636,1,0.0,0,5,0.0,2.1,9,3,27,34,0,9397.03,81.2,0.0,4,10,9,0
0.978,0.006,0.016,1,1.0,5,0,0.86,97.8,0,4,41,84,1,40719.45,18.6,1.0,0,1,1,3
