requirement_match_ratio,mandatory_requirement_match_ratio,document_completeness_ratio,evidence_strength,missing_requirement_count,critical_gap_count,price_competitiveness,experience_years,compliance_class
0.9368971699992906,0.9744812231025122,0.9467117872865227,0.8074566814494046,0,0,1.1661613791144387,15,COMPLIANT
0.5580008742776529,0.42418451176984007,0.510754258449046,0.3034698528359754,4,1,0.8029170681310124,5,NON_COMPLIANT
0.8956045408672,0.9659052223451736,0.9941739123565247,0.9729277163006864,0,0,1.091869125537618,13,COMPLIANT
0.21787454083329605,0.3538871817182716,0.12854305061899055,0.1778416920085998,5,2,1.2326616270202315,3,NON_COMPLIANT
0.5662622479547381,0.4851190049333829,0.5557745241525865,0.2303806175817741,7,2,1.208732332564865,7,NON_COMPLIANT
0.8676289370165657,0.9824605151058031,0.9619067318898135,0.8958421912742899,1,0,0.9001114464360124,19,COMPLIANT
0.7199481707992003,0.7857230228372449,0.6464291185462026,0.7251313574504181,2,0,0.7160715573113106,6,PARTIALLY_COMPLIANT
0.9786979380884059,0.9504515202064775,0.9382618950010908,0.899678495025027,1,0,1.1849105225392722,17,COMPLIANT
0.9339473025230371,0.9504885423709591,0.8989691962365988,0.8794279108461779,0,0,1.1412667429098,3,COMPLIANT
0.9443309345482264,0.9820190373322121,0.9775756342492896,0.9352173170963045,1,0,0.8093858542054397,4,COMPLIANT
0.6488710223942795,0.5622567834323915,0.561108801157226,0.2743193499417316,4,4,0.9596902921612886,3,NON_COMPLIANT
0.3613349804612807,0.5065543567449122,0.30620187836829615,0.16758770220792785,7,4,0.7362314953098879,3,COMPLIANT
0.8772712698500424,0.954295519410141,0.9571178711387374,0.7990585704219639,0,0,0.7940078585981445,6,COMPLIANT
0.6329240722560067,0.8940428730100559,0.8400194752648087,0.5632377660761332,1,0,1.2317388910342046,7,PARTIALLY_COMPLIANT
0.2656066315699531,0.6061658166499135,0.43282377698356767,0.35841759180453947,4,1,0.5624639198159864,2,NON_COMPLIANT
0.3922286553528542,0.35770682919161223,0.3384306458956372,0.44914859124916884,9,2,1.4779000472861887,4,NON_COMPLIANT
0.9961457444665716,0.9993164086780063,0.9268907579532382,0.9835674478659693,0,0,1.1823452394142304,15,COMPLIANT
0.9534668273872182,0.9571970956786116,0.9393039491887906,0.7930276507056944,0,0,1.175711610422783,11,COMPLIANT
0.9767293491234449,0.9611991272932541,0.8858713818151784,0.8780750867217701,0,0,1.1692410791070773,14,COMPLIANT
0.8658210549934946,0.9828390052362147,0.9733154740900338,0.8451050018768906,0,0,0.9205360791253918,13,COMPLIANT
0.7165797761417034,0.7306457891267957,0.8247769704329575,0.5589338076821379,2,1,0.7232493222885183,4,PARTIALLY_COMPLIANT
0.8798410026649466,0.8152854444701749,0.6089084376700025,0.5716253123078157,2,0,0.7334705875366677,2,PARTIALLY_COMPLIANT
0.5540916211333063,0.5329837752340314,0.22204000523124293,0.1757979875359411,3,2,1.225139402595833,0,NON_COMPLIANT
0.8898413654510211,0.9457701114882501,0.7028802872867106,0.4003804569317264,3,1,0.6199007056116843,11,PARTIALLY_COMPLIANT
0.6189622802637872,0.8700616226746308,0.5775081791493483,0.40043987838783396,4,0,0.927351499775839,6,PARTIALLY_COMPLIANT
0.9018902488820444,0.9685519381492301,0.9981474345604087,0.7600272978531206,0,0,0.9569979339043624,11,COMPLIANT
0.35695169895030093,0.39641438277648333,0.2353735025909857,0.3669972591093904,4,1,0.8322938058058842,7,PARTIALLY_COMPLIANT
0.4064258242237607,0.4438552901614133,0.40228143344500633,0.16290537889893492,8,2,0.965108956235931,6,NON_COMPLIANT
0.7491395118164343,0.9233016471377105,0.7227905710018534,0.6412690404714115,1,0,1.190267870958679,11,PARTIALLY_COMPLIANT
0.9977425474542466,0.9514418163460853,0.9007209982725712,0.7769633161405773,0,0,1.166807688917547,6,COMPLIANT
0.5743277287803177,0.8271444804671787,0.5288603272943838,0.6575815206031279,4,0,1.1379212390371283,12,PARTIALLY_COMPLIANT
0.937789131326477,0.9679669495257893,0.9213038601521303,0.8408786143423167,1,0,1.0239111524122178,11,COMPLIANT
0.49680827384231835,0.5619961177325847,0.4525037370603764,0.49698603151110365,7,4,0.9653154744851009,3,NON_COMPLIANT
0.8458672927079249,0.8233233951406731,0.6744231619586611,0.7418055687201346,4,0,0.7405150660310931,13,PARTIALLY_COMPLIANT
0.5758961094706668,0.750822388858989,0.5325149000729418,0.4221087058160609,4,0,0.6679362712185712,2,PARTIALLY_COMPLIANT
0.9762294490465064,0.9923203924657279,0.9932854469085218,0.7886680352208091,0,0,1.085456101872911,11,COMPLIANT
0.9373652615332444,0.9593295048436583,0.8782348299653568,0.7960621628931686,1,0,1.1738980330072284,11,COMPLIANT
0.6035858766795801,0.8856503303831474,0.6247377254194016,0.6036249341680839,4,0,1.259950783853918,10,PARTIALLY_COMPLIANT
0.7132092755810964,0.8090518241205924,0.7983830523876172,0.6188890176083847,1,0,1.2442164777658007,5,NON_COMPLIANT
0.3982890198393292,0.6126371588129002,0.2513023616839787,0.38279376721140057,5,1,1.2806495417715702,2,NON_COMPLIANT
0.6186487724068551,0.8170810768421387,0.8016398457886109,0.5764133026700651,2,0,1.2899340322158144,1,PARTIALLY_COMPLIANT
0.8578499285950995,0.9891424308993328,0.976826621626084,0.9497705364429886,0,0,1.1273375206921317,15,COMPLIANT
0.6421645151983104,0.5807286310549815,0.2891114527530234,0.21234426667160494,8,2,1.4808165824953037,2,NON_COMPLIANT
0.9640008317443147,0.9656299012454149,0.9116023949515424,0.8024225693575502,1,0,1.1018776180058814,16,COMPLIANT
0.46359216126690106,0.36635045890705586,0.4199217531389483,0.4317970545940092,9,4,1.3384443861722142,6,NON_COMPLIANT
0.4626110838051599,0.24498951260509738,0.42154677910949867,0.3748953657351206,7,1,1.3757857809597045,2,NON_COMPLIANT
0.663914146036818,0.8670592542443359,0.750909461459047,0.6034148699562397,3,1,0.749421845308856,10,PARTIALLY_COMPLIANT
0.8889705371596239,0.9817002851549805,0.9309978069573783,0.9449613487877859,1,0,0.8416714741327908,9,COMPLIANT
0.9776091190024682,0.9872987262774359,0.9112777439403875,0.9832345167749886,0,0,1.1691702284105188,14,COMPLIANT
0.39512903839074465,0.2616605848036308,0.45486859626276066,0.49709492179019477,9,1,0.5167110937377263,6,NON_COMPLIANT
0.8589887732981621,0.9758799732526904,0.8686651311920133,0.9905489690694979,1,0,1.16577220355326,15,COMPLIANT
0.4908049466381228,0.5064452416052173,0.49279404202646004,0.32040019430457767,8,1,1.30958012045686,5,NON_COMPLIANT
0.9285086367061549,0.9557384435934608,0.9790209540024153,0.9307035758021209,0,0,1.0958499942266757,19,PARTIALLY_COMPLIANT
0.7657677754894356,0.7466277531260149,0.5620232829374339,0.7055624605341478,4,0,0.8801515245846754,2,PARTIALLY_COMPLIANT
0.9586897430271444,0.9555796499978624,0.9412479250011657,0.8202624375417222,1,0,1.047812326177029,13,COMPLIANT
0.974904061952413,0.9746703350206697,0.9867449370562713,0.9820035591823453,0,0,1.192044731983257,4,COMPLIANT
0.640684371883739,0.786024941007434,0.8466650853215398,0.530992563747757,1,1,0.7360809969505359,11,PARTIALLY_COMPLIANT
0.6587905353596232,0.9460601792004122,0.7911153492807864,0.5644297272374865,3,1,1.2478308229504838,14,PARTIALLY_COMPLIANT
0.4971227522429771,0.604247525145432,0.13634600295939822,0.11659194515778096,9,3,0.5873598146641378,8,NON_COMPLIANT
0.6388563374266205,0.3717457649386663,0.3973880621046231,0.40491346305824527,4,4,0.9184999704668394,6,NON_COMPLIANT
0.25701077400733663,0.29237481240207785,0.56018015695693,0.28264681335988895,9,1,0.5805163526585332,2,NON_COMPLIANT
0.9630213408169721,0.9566235328170963,0.9320373270689686,0.8865619000327127,1,0,0.8303375788702967,15,COMPLIANT
0.6624127406386124,0.8057932098816887,0.8438714411279216,0.45484652172858187,1,0,1.2368294079214115,8,PARTIALLY_COMPLIANT
0.2479415121237674,0.6479953284744258,0.41177477470881785,0.17639281221608116,4,1,1.0386724999816228,0,NON_COMPLIANT
0.6255532391808211,0.8773476863127821,0.8272654687367557,0.5978191324122129,4,0,1.1311968139676862,2,PARTIALLY_COMPLIANT
0.8198976168597878,0.8653163265662729,0.6432707223088374,0.7133944489179767,1,1,1.3331377513340268,4,PARTIALLY_COMPLIANT
0.35075881204931947,0.3492700877458733,0.5599685335896223,0.19301317895411385,8,1,0.87025478392243,2,NON_COMPLIANT
0.9785787485589383,0.991021341012951,0.9160860292018461,0.7831011533741137,1,0,1.0916489914780239,13,COMPLIANT
0.8855753253791429,0.9155679323382347,0.5587624421317546,0.5143871071881062,1,0,0.9348856074344394,3,PARTIALLY_COMPLIANT
0.9641177572925346,0.9780638598784748,0.9656450769931841,0.8734488990910977,0,0,1.0553314448428937,12,COMPLIANT
0.9221412412126455,0.9688155908477498,0.9044783685574338,0.7630671668903991,0,0,0.7540846937753796,3,COMPLIANT
0.4619154562512316,0.7206608169872146,0.5439919269915559,0.4076969516701825,9,4,0.7415595072164014,5,NON_COMPLIANT
0.646086826735,0.49251479584754854,0.38678804387600807,0.49836696595095364,5,1,0.924030445597287,6,NON_COMPLIANT
0.9909248412346283,0.9947413675213824,0.9396849968216627,0.9804685587557792,1,0,0.9852219872026997,10,COMPLIANT
0.9156647582482192,0.965518544455406,0.9643194430675487,0.9840441410416263,1,0,1.1702485992565053,7,COMPLIANT
0.4911815083425422,0.34542424273077293,0.17800690801176897,0.4477827762632197,8,3,1.2740213057670227,3,NON_COMPLIANT
0.4601920725544683,0.25396842725970314,0.567595515228785,0.23475847412590914,3,2,1.478587755849782,8,NON_COMPLIANT
0.7311113532845019,0.9310885865484501,0.692179127899053,0.6040494679014105,1,1,0.6242713974546545,12,PARTIALLY_COMPLIANT
0.9098650282110584,0.9861574743232314,0.8920501691187281,0.9218515910340594,0,0,0.7330049220701207,5,COMPLIANT
0.8332699900585459,0.8176344836975686,0.8321420704418585,0.6966252171317195,3,0,1.118167259832184,8,PARTIALLY_COMPLIANT
0.5546648062855599,0.2695891219735679,0.40515389077004793,0.4983626561545369,6,2,1.2858716255931055,8,NON_COMPLIANT
0.8730536564266307,0.9786303616441011,0.8915518786488968,0.9803268780532439,1,0,1.070282361629755,14,COMPLIANT
0.8226736300258144,0.7651583636892503,0.5570208075505667,0.5178866888386099,4,0,0.7489320285968561,12,PARTIALLY_COMPLIANT
0.892347075131608,0.9792648414167155,0.8884619541548413,0.9834944935361298,1,0,1.0306713394723621,17,COMPLIANT
0.4210324401933214,0.5733858517891164,0.17292777944175228,0.20312156679678772,3,4,0.9996929185709734,6,NON_COMPLIANT
0.9073199363238982,0.9650904684831346,0.8556095485613195,0.8763413141264824,0,0,1.1566148431396353,5,COMPLIANT
0.4616821254448455,0.6957563426081262,0.11066103674035635,0.16201374455912068,8,2,0.5658280465500954,8,NON_COMPLIANT
0.5834376726726831,0.7990060865755865,0.8441345027653395,0.6829611013170019,1,0,1.1127334197152603,3,PARTIALLY_COMPLIANT
0.8261420157483028,0.9325067094720405,0.5412672091370995,0.4811947447442909,3,0,1.227491156352933,2,PARTIALLY_COMPLIANT
0.5602611630725751,0.714566078385263,0.7362691907567132,0.6683696907994663,4,1,1.3032255775011767,1,PARTIALLY_COMPLIANT
0.5779261932719002,0.8044923858966317,0.8300194489871148,0.6525291229451983,1,1,1.272739075018768,13,PARTIALLY_COMPLIANT
0.5643732308113141,0.7178847054725941,0.6137680332633556,0.4814728895531177,4,1,0.9921030890692772,13,PARTIALLY_COMPLIANT
0.43627394351070503,0.5001328415432134,0.24044346830483146,0.28512115126363347,8,4,1.3856218234589472,2,NON_COMPLIANT
0.9025298021534829,0.9808609791497229,0.9827211920545976,0.8078394105648523,0,0,1.0832979723560259,13,COMPLIANT
0.8899265764862737,0.8818105798924947,0.6223786831617832,0.4324957802857172,1,1,1.1423960300471159,1,PARTIALLY_COMPLIANT
0.9311136252831035,0.9983984898384978,0.8882773343161345,0.9646175631495657,1,0,0.7550088605637717,16,COMPLIANT
0.9344519414757495,0.9678310899413026,0.8932304040775058,0.8142479338277369,0,0,0.7852651946968876,11,COMPLIANT
0.49896291641423757,0.3259155818023162,0.16945042314406714,0.1806459448119486,3,3,0.6483782912014763,9,NON_COMPLIANT
0.8046576701566601,0.8698291663283884,0.6646752516813887,0.5357644851331055,3,1,0.8664684384750982,3,PARTIALLY_COMPLIANT
0.9323100684049879,0.9845947598846346,0.94779418892539,0.80606732736514,0,0,0.7090376818077604,16,NON_COMPLIANT
0.9807121051286282,0.9836351497104449,0.9695022095787058,0.8126169746981248,1,0,1.1676485492726638,18,COMPLIANT
0.707267620802402,0.9234724406805479,0.8030209428246264,0.5534432663257444,1,1,0.8403278870294375,11,PARTIALLY_COMPLIANT
0.7101408925806942,0.7851908723372217,0.66373500366334,0.5089955138584056,2,0,0.761152103937893,8,PARTIALLY_COMPLIANT
0.9401197669663297,0.9951861983587635,0.9983777364720039,0.935838205723406,1,0,0.8158358506917216,15,COMPLIANT
0.2588736928580986,0.27537862076363195,0.4863782193280338,0.4422916336566963,5,1,1.334575864994953,6,NON_COMPLIANT
0.852204008298243,0.9689547024335968,0.9006018320153639,0.7548319077294002,1,0,1.1744229779155653,5,COMPLIANT
0.8988099547238901,0.9873245702559011,0.9474449348570821,0.9623058526235445,0,0,0.8540303959261946,18,COMPLIANT
0.9232964785606999,0.9885203708903897,0.9524943064909758,0.8614756765941871,1,0,0.9342697083842921,6,COMPLIANT
0.5445147069396568,0.6504216058712363,0.1624519723135837,0.4907445875186255,3,4,1.4367194793273512,1,NON_COMPLIANT
0.41467247197259705,0.6366474200729799,0.41502236032067663,0.2896252496618031,9,3,1.406946003148664,3,NON_COMPLIANT
0.4899227896863546,0.5121218097145845,0.35763981205604267,0.10946174923932511,4,4,1.1439944728541982,4,NON_COMPLIANT
0.695156422729549,0.7090381651353223,0.6124974472340847,0.6672429319207849,3,0,0.931421478071906,5,PARTIALLY_COMPLIANT
0.218477335102507,0.5743775936498966,0.4408975944613144,0.232092240134334,4,1,0.7661121161999234,2,NON_COMPLIANT
0.7966051112466725,0.7247986325282196,0.8181106041352637,0.4752578992746646,1,0,0.7781986595033508,8,PARTIALLY_COMPLIANT
0.9300217713859439,0.9526378307416045,0.9185408274847373,0.9855394792574983,1,0,1.0525316421026896,3,COMPLIANT
0.3013696004127748,0.28898372176299664,0.29999729840474987,0.3851011020774783,4,3,0.6290533865094061,9,NON_COMPLIANT
0.9024694092711387,0.9931248253700793,0.8849609217836252,0.9237968665525165,1,0,1.1710291097442977,11,COMPLIANT
0.9871662594231008,0.9920316322409563,0.9771460494263883,0.9428924315139565,0,0,0.868225175908755,9,COMPLIANT
0.882449916644624,0.9721288672966407,0.8572544066573171,0.9551218961200687,1,0,0.7997057988792675,6,COMPLIANT
0.34728213960689924,0.5796428579861945,0.1305168592866189,0.44293385796915075,5,4,1.4854962713920856,6,NON_COMPLIANT
0.7476844733801639,0.9152326206446739,0.787576309007575,0.4428010524132099,3,0,0.869914264999013,13,PARTIALLY_COMPLIANT
0.8706170366726753,0.8017005696585952,0.594376751573864,0.43418137688352815,2,0,0.8083900632458793,12,PARTIALLY_COMPLIANT
0.8049234931167967,0.8195242547045554,0.6768292672305859,0.6979225849056604,3,0,1.0563098602940246,13,PARTIALLY_COMPLIANT
0.37280676337723295,0.5427924366310397,0.32001657650200266,0.25697793767077,7,3,0.7418349949544655,0,NON_COMPLIANT
0.2691848128627802,0.7212114968330026,0.37142767551566946,0.12537972146401516,9,3,1.305887227795081,0,NON_COMPLIANT
0.8753785072266946,0.7019885453196351,0.82266096995491,0.41903543810055033,3,0,1.247331043958221,1,PARTIALLY_COMPLIANT
0.5925289093381831,0.9025173270573068,0.6684466526790659,0.5577181987878592,2,1,0.6344017323556576,4,PARTIALLY_COMPLIANT
0.3665351526757926,0.4182716107847231,0.1554960922025487,0.19586447433047655,7,2,0.6592005610439271,0,NON_COMPLIANT
0.8783793688585532,0.9860191999293223,0.9266670457734251,0.90107824556008,0,0,1.0965315141853278,18,COMPLIANT
0.8801750545484586,0.7912709183211002,0.8194044762736881,0.6731826309649576,4,0,1.0251887418436039,14,PARTIALLY_COMPLIANT
0.49321365602051237,0.4331722290007826,0.21403746972089518,0.128014090132466,5,1,1.4903260945268655,4,NON_COMPLIANT
0.24128185154542883,0.29217036582821077,0.28350087106544186,0.3256999819051963,5,3,0.8313710462860002,7,NON_COMPLIANT
0.5618374506500318,0.8010825148368855,0.7746572899301347,0.6852034552379062,3,1,0.7807894125291939,7,PARTIALLY_COMPLIANT
0.7495838048560303,0.8420902956089436,0.73885764706664,0.4298891922472784,2,0,1.368593457382935,1,PARTIALLY_COMPLIANT
0.8937156179752344,0.724061622785179,0.7062241032084171,0.6192623493389195,2,1,0.675127971864824,2,PARTIALLY_COMPLIANT
0.6755259594405337,0.8874691136494899,0.8312336466208188,0.5322363993457168,3,0,0.9455900739401257,4,PARTIALLY_COMPLIANT
0.40364959787685556,0.22021078214295478,0.23021761671175126,0.18524912004222338,8,1,1.0988699772268413,7,NON_COMPLIANT
0.394892527034153,0.44464183333978996,0.5944017626163256,0.1772628413078619,6,4,1.051788781106658,7,NON_COMPLIANT
0.8847070954565271,0.9751213643583188,0.9597229539554674,0.9895295022298585,0,0,1.1182492453090167,9,COMPLIANT
0.854418998804874,0.8080061999084354,0.7829276415618858,0.4921912641845456,3,0,0.7505175417675272,5,PARTIALLY_COMPLIANT
0.7119041153273066,0.8510602410242747,0.6187079568648135,0.5044368226544582,3,1,1.2188153521936824,1,PARTIALLY_COMPLIANT
0.7443421629127791,0.7249829692636024,0.7817561926321197,0.5294610189768437,3,0,0.7999009681323821,11,PARTIALLY_COMPLIANT
0.9184475230826443,0.9585384130001668,0.8900814843229111,0.8772783462968805,1,0,1.0908177227216052,13,COMPLIANT
0.9841606582972761,0.9911803210399095,0.9848181834606021,0.8882779927645928,0,0,0.9744364007712998,4,COMPLIANT
0.9582582329075768,0.9635773523705621,0.9103669956150503,0.7756870631131059,0,0,0.9555645696186148,8,COMPLIANT
0.8667820924823686,0.9758212194109306,0.967978357358627,0.9856328268800292,1,0,1.140845305921754,15,COMPLIANT
0.7639735607712996,0.8307068818277321,0.5026942310341495,0.6905228802685228,4,1,1.0675591234492101,2,PARTIALLY_COMPLIANT
0.9405689135929177,0.9649463075049166,0.9116224593351141,0.8044249497143081,1,0,0.9218507235148339,9,COMPLIANT
0.7950558922255972,0.8684409586574435,0.6354179251895222,0.6389896755989911,2,0,0.9781655189090313,11,PARTIALLY_COMPLIANT
0.5302139212740082,0.47384318642057927,0.2692168621154635,0.3501878737621287,3,2,0.5615087411682818,2,NON_COMPLIANT
0.8315387564203207,0.7517712062219275,0.6175698457873413,0.44698344668281026,3,1,0.8393042365049954,9,PARTIALLY_COMPLIANT
0.8030499858578122,0.793460021491363,0.7049080939001036,0.5758056668075562,2,1,0.8626858818617643,12,PARTIALLY_COMPLIANT
0.9181566001839941,0.9922178541369808,0.8647123871176366,0.8720602842554446,1,0,1.1323301960702088,18,COMPLIANT
0.5792082405082277,0.8928599422735901,0.5167357234601766,0.6512700406029583,2,1,1.1181276685122357,10,PARTIALLY_COMPLIANT
0.4921646264583541,0.379537131687781,0.12514143517723927,0.2617267254458749,4,4,0.6823468058777228,0,NON_COMPLIANT
0.4023805254814883,0.4863135587784345,0.37238779783601195,0.2326110764125988,7,4,1.268481229287306,6,NON_COMPLIANT
0.8761316012607087,0.9981445817089019,0.8763369666451925,0.7943894799283057,1,0,1.1996036494717204,19,COMPLIANT
0.3074211613319302,0.6597700455759459,0.46092137487761986,0.1936391676095998,3,1,1.1647969910304585,5,NON_COMPLIANT
0.3961705209010077,0.7419726309143473,0.12841953053990982,0.38713191045635653,8,2,1.0005396771321253,9,NON_COMPLIANT
0.8112304361773239,0.9325635799962639,0.8176514963871432,0.4199335035534884,2,0,1.1486521329376358,7,PARTIALLY_COMPLIANT
0.4391155387196025,0.5835609382482058,0.27000463345395265,0.1259516872375754,8,4,1.1016357358233364,0,NON_COMPLIANT
0.6138295853761984,0.6235203630301706,0.39919473208390466,0.10871940370533184,5,4,0.5574595572249063,4,NON_COMPLIANT
0.7250925776171117,0.9136057400819045,0.7057909869296219,0.4969046809378048,4,0,0.6995526486087553,12,PARTIALLY_COMPLIANT
0.6906108218987426,0.7177269805829604,0.7686273433883775,0.42493843986247776,3,1,0.8167579798658208,4,PARTIALLY_COMPLIANT
0.943653107220069,0.9647816842918857,0.8658241389745406,0.8641336426207276,1,0,0.7932850294430178,13,COMPLIANT
0.5341232272283142,0.3291598270311431,0.24666375164537915,0.3278084586532134,5,2,0.7174931828201144,7,NON_COMPLIANT
0.9183491232329638,0.9802849620229938,0.9537795862241266,0.8457673424316267,1,0,0.9055744661700693,5,COMPLIANT
0.760786075221863,0.9447354530453443,0.6277785716318219,0.5603083371867562,3,0,0.9671332194389881,7,PARTIALLY_COMPLIANT
0.9639016491884299,0.975022265456537,0.9313545497469607,0.9878696399164978,1,0,0.9395909388148654,14,COMPLIANT
0.9014760785810925,0.9780792180483454,0.8609713764217426,0.941160893153528,1,0,0.9719389605805587,5,COMPLIANT
0.9307205601566327,0.9734409479007621,0.894064280954108,0.8193366904311573,1,0,0.9877505092345295,10,COMPLIANT
0.9788225156752232,0.9838470391498418,0.9756862562277705,0.9646910698373681,0,0,0.9072580324083961,11,COMPLIANT
0.486364614574989,0.6118847038162639,0.22449163311575712,0.2858584004563155,6,3,0.7981155533941034,8,NON_COMPLIANT
0.8577503082486941,0.9752397799152264,0.9577680920983825,0.9656601177872948,0,0,1.1807566694915423,5,COMPLIANT
0.37666523040889677,0.3000021887231939,0.4006250987360883,0.43169225179022075,8,4,1.1105225557736857,1,NON_COMPLIANT
0.7254887675083636,0.9183460410927619,0.529400600082219,0.6385341104603276,3,0,1.1707658883472352,11,PARTIALLY_COMPLIANT
0.7331172887630425,0.79061496215364,0.5867076574122905,0.543036592577269,3,0,1.368690253025584,9,PARTIALLY_COMPLIANT
0.9808203550033715,0.9772423879542258,0.9637637526803666,0.938526920079041,0,0,0.8024406370753563,17,COMPLIANT
0.7079011150898162,0.7388583259814347,0.7582952337963066,0.7219771561234882,2,1,0.8390561878491339,6,PARTIALLY_COMPLIANT
0.3010776124061909,0.22957632037179368,0.4896133255411277,0.35643451358386335,4,4,0.5474942246823222,0,NON_COMPLIANT
0.691013463860852,0.7006383970670159,0.6789223601639716,0.467621569708648,1,1,1.1974784970368946,11,PARTIALLY_COMPLIANT
0.7766064233129368,0.7853767776710109,0.7728517571014444,0.6013229025719804,2,0,0.7941719894388665,1,PARTIALLY_COMPLIANT
0.451747960176304,0.2620359115347292,0.17806004408834755,0.492870101972364,4,1,1.084436189621471,3,NON_COMPLIANT
0.9234556047786783,0.9881285556395776,0.9750066436647495,0.8370067407971798,0,0,0.9654295171442379,8,COMPLIANT
0.2524280518202335,0.7080961984768204,0.5243596644638071,0.29446578629935877,8,4,0.7896460103807249,7,COMPLIANT
0.5677518885918915,0.2476615729667942,0.2461473829309079,0.11827029542654129,9,2,0.5392836822267905,4,NON_COMPLIANT
0.5920321679390015,0.21605863711071444,0.3663796363217372,0.44911931915960857,8,4,1.482546201951122,2,NON_COMPLIANT
0.811361370379408,0.8406666951640832,0.5291559040891287,0.4649530828742444,2,0,0.8053014431321822,6,PARTIALLY_COMPLIANT
0.9258897481479338,0.9580961503316107,0.9487153327084739,0.9994373472525502,1,0,0.757069984654816,15,PARTIALLY_COMPLIANT
0.9081436937803689,0.9661597124928688,0.9902737858564932,0.840830643021556,0,0,0.8833188500482282,13,COMPLIANT
0.581398981618562,0.8612138266742816,0.7157294758971038,0.48176685946731557,1,0,0.9745811232741058,1,PARTIALLY_COMPLIANT
0.6491716189925922,0.6530199271182267,0.2719201519298612,0.27048190891572493,9,2,1.2671145611799992,7,NON_COMPLIANT
0.48555148551085936,0.38037521176377465,0.23752464429619677,0.33682373174258695,5,2,0.7462256519846745,0,NON_COMPLIANT
0.84086270964544,0.8652500747052132,0.6381756282097498,0.6604598490139866,2,0,1.3131640516450978,10,PARTIALLY_COMPLIANT
0.9466039655667916,0.9551112085565971,0.9766782296970482,0.8955893637659915,0,0,1.1242088632152556,4,COMPLIANT
0.9365324912465418,0.952047576607474,0.9290979519399789,0.9715921617738852,0,0,1.033675581525198,9,COMPLIANT
0.4310273322132714,0.23833757548870405,0.21170231231811323,0.2759641775648858,6,3,1.0653984851469644,3,NON_COMPLIANT
0.848158871450946,0.8564837785548627,0.8228139523773265,0.4125084931046137,2,1,1.3946886840437946,10,NON_COMPLIANT
0.9454735976573732,0.9574499868074622,0.954312347249208,0.9364813022034186,1,0,1.0538404673704578,6,COMPLIANT
0.9267485520320892,0.9578488841358096,0.9065928947863109,0.7506487560959116,1,0,1.1031006398965306,19,COMPLIANT
0.5638136470760174,0.8506765673515493,0.5431925088229168,0.5767117849976364,1,1,1.2880134023276362,6,PARTIALLY_COMPLIANT
0.6349509620424424,0.601551994505273,0.4595288605068304,0.13621987579350084,3,2,0.9694685150098856,1,NON_COMPLIANT
0.5997215633050719,0.8761989590330466,0.8167773447280684,0.5521126788535387,4,0,0.6064254911004984,2,PARTIALLY_COMPLIANT
0.2550916600324667,0.5134241547552523,0.20794790014751405,0.15783075591855003,4,1,0.6635356949331235,3,NON_COMPLIANT
0.5219999731077929,0.3754883651777772,0.26668331903809817,0.3955906383754144,4,4,1.3967600477056257,4,NON_COMPLIANT
0.7755801885521788,0.8499260341276861,0.6225136154850835,0.5554225719971859,1,0,0.8695718302774638,12,PARTIALLY_COMPLIANT
0.9296401874975705,0.9723891582286546,0.9329339633606992,0.8981741809698484,0,0,1.0808098076643589,19,COMPLIANT
0.6283268459375639,0.38326699770038286,0.36368883154903175,0.13017997419186544,7,2,0.9133633959439447,8,NON_COMPLIANT
0.47737798614958665,0.5099827074047889,0.18801407639386344,0.49606912216737276,7,3,0.5970693281549366,5,NON_COMPLIANT
0.8392271146997626,0.7668237705191261,0.5971413307543085,0.5828341568993574,4,1,0.6805548808830424,4,PARTIALLY_COMPLIANT
0.8862024555756249,0.9539268121396399,0.9034607103774497,0.9369129561412445,1,0,1.0700089000791064,11,COMPLIANT
0.48465739135790037,0.4368909595851408,0.1631044919555971,0.411299954474014,4,1,0.634755551181933,2,NON_COMPLIANT
0.6356886864618134,0.7482775529272534,0.5769990034346898,0.7222495932490685,4,1,0.7621375250458438,11,PARTIALLY_COMPLIANT
0.6235647862675403,0.9163539704471109,0.6462365821371887,0.6626093534329018,1,1,1.3778348672978664,2,PARTIALLY_COMPLIANT
0.8652631792751524,0.9524576314362355,0.8507971253732293,0.8320174211214144,1,0,0.7122134414703165,15,COMPLIANT
0.9906029941323797,0.9853009503832012,0.9446755968935059,0.7624605069457354,0,0,0.9482305761776498,3,COMPLIANT
0.3148409558070191,0.5303067108333461,0.44243417001342367,0.2866454491208503,4,3,1.1191515515743273,4,NON_COMPLIANT
0.20459188427836034,0.35830888716583154,0.11531209111888144,0.1376431874950238,3,2,1.0035585463255225,6,NON_COMPLIANT
0.9740953224605868,0.9520957608358128,0.9128774313853182,0.7920509139416295,0,0,1.0550573831686396,5,COMPLIANT
0.3785341512939865,0.5082832443286418,0.30103520080871393,0.19628598771329664,9,4,0.7327698562385989,7,NON_COMPLIANT
0.8926087583560643,0.9997387477286953,0.9949838377832715,0.8601847602710659,0,0,1.0128249564707266,10,COMPLIANT
0.5507024660436409,0.9181080893837862,0.655326093471817,0.4836009578716288,3,0,1.0298482072028883,14,PARTIALLY_COMPLIANT
0.795649428727717,0.7097011310077362,0.834993468489946,0.41619795782123664,1,1,0.9110360951691221,11,PARTIALLY_COMPLIANT
0.7369864887521341,0.9104826686198133,0.7041977053140506,0.4215448371599998,4,1,1.0092289553878333,13,PARTIALLY_COMPLIANT
0.6188102788852117,0.9151722126434974,0.5513207852596536,0.7180137582298618,3,0,1.0595470058370866,9,PARTIALLY_COMPLIANT
0.5835389734497307,0.49466788973517684,0.26797777036414616,0.40781741840609964,6,1,1.391518816106434,5,NON_COMPLIANT
0.5188838140869425,0.4289208244166949,0.5448678012519526,0.4934081230890939,7,2,1.3638125572362187,9,NON_COMPLIANT
0.5720831384141255,0.7269639440383786,0.7275877518761664,0.5093709141499992,4,0,1.2776096283112668,14,PARTIALLY_COMPLIANT
0.6685050901795508,0.7560430691867254,0.625688480038659,0.48063118782810843,4,0,1.1466429220832173,13,PARTIALLY_COMPLIANT
0.960921198082617,0.971315914699535,0.9000556311363445,0.8291171960153747,0,0,0.7498817788514212,19,COMPLIANT
0.6761620602022395,0.8076054770219917,0.6433314680975499,0.531155857887516,1,1,1.1337706333935258,1,PARTIALLY_COMPLIANT
0.6384411591523784,0.26955595798935744,0.4856183333089249,0.42113321770008294,6,4,1.1585951811884714,0,NON_COMPLIANT
0.6733664045584948,0.7433842299097209,0.6306567465430106,0.5461329821376356,4,0,0.7705713565281155,14,PARTIALLY_COMPLIANT
0.7134470088656353,0.9319605666515486,0.5900696958663363,0.494441708651883,3,1,1.3979319460939401,10,PARTIALLY_COMPLIANT
0.9999199372323446,0.9552404032498786,0.9247856199258564,0.846280029975625,1,0,0.9163645680098522,17,COMPLIANT
0.9605233713092369,0.9778871132975219,0.9379803151991138,0.8911146356306603,1,0,0.8418879528993621,8,COMPLIANT
0.9159261670671328,0.9533620317026018,0.9197034202667748,0.9551839602039326,1,0,0.8142357879585118,18,COMPLIANT
0.6239420209283688,0.85816925871034,0.841604873959578,0.5087103399883653,2,0,1.1551045509666578,11,PARTIALLY_COMPLIANT
0.9315307326013968,0.9540862672873389,0.9187450962292985,0.8711740717825117,0,0,0.7704798137608846,18,COMPLIANT
0.9985333801922611,0.9604703356974966,0.8517669814429962,0.9993557347633886,0,0,0.8522876831442842,3,COMPLIANT
0.8909739430554917,0.9604759612156266,0.9182993124712904,0.9771093869680663,1,0,1.0677182969460932,12,COMPLIANT
0.5279426562495726,0.2572938996641211,0.5157681432546768,0.37287073347980204,7,2,0.63370268210967,0,NON_COMPLIANT
0.46751457847629785,0.6646895373044597,0.5067730899991599,0.3630895621444531,7,2,1.0759107583686371,2,NON_COMPLIANT
0.32583714217685206,0.3952752819565592,0.11844941972436682,0.45304192624755835,9,1,0.7515009199344028,7,NON_COMPLIANT
0.31164239502439617,0.5908295552379634,0.48556813560023593,0.26591156127212334,4,3,1.2789226558113924,6,NON_COMPLIANT
0.9346593070508484,0.9966478312764113,0.9379767671556173,0.8815206296043507,1,0,1.111998825939989,19,COMPLIANT
0.28031244239635505,0.32470230548459367,0.3115294637725974,0.3346862735687198,9,3,0.8825142244722977,8,NON_COMPLIANT
0.8680783868179697,0.986551183572914,0.8788898541678446,0.7788205053118211,0,0,1.172133244556717,9,COMPLIANT
0.82515894750728,0.7674292510206346,0.7565611233310645,0.613590459316581,4,1,0.7739383769073704,6,PARTIALLY_COMPLIANT
0.9938612191846041,0.9671262128589272,0.8841026474544981,0.8558992156051207,1,0,1.1736416698059076,14,COMPLIANT
0.7254728477718111,0.7108492946446402,0.6219672915284793,0.4627128861188629,3,0,1.0671118586976387,6,PARTIALLY_COMPLIANT
0.8603070516585941,0.9684787099713387,0.9196357779608837,0.9306844380597011,1,0,0.8749724697648198,13,COMPLIANT
0.8834328998344283,0.7965340996321428,0.7754248370638316,0.6169642831161217,4,1,1.1993737320727185,1,PARTIALLY_COMPLIANT
0.4616395150936778,0.6011267741161415,0.21835304493784827,0.20562961491830017,5,3,1.1879795776455575,8,NON_COMPLIANT
0.7533928399751695,0.8324747939512518,0.7952041552826591,0.48223199699168745,4,0,0.9725055372473095,12,PARTIALLY_COMPLIANT
0.2350033400902106,0.2665267689649879,0.5938529048580989,0.29504032855948237,4,4,1.269664488498658,7,NON_COMPLIANT
0.5712202269383576,0.4999397412008497,0.20998854032700978,0.23501952524013012,4,3,1.4729348125037023,9,NON_COMPLIANT
0.5689470429408123,0.8492142151961227,0.6497441997194685,0.5157215342008398,3,1,1.0736985890808146,12,PARTIALLY_COMPLIANT
0.3224896126744545,0.2923021517676084,0.162302284809724,0.418872811363157,4,4,1.1312101368487815,0,PARTIALLY_COMPLIANT
0.43914660170874414,0.6087804890284965,0.10674863544213534,0.46017582383931954,9,2,1.3691159867109821,3,NON_COMPLIANT
0.9258545115672061,0.9531020708478277,0.8606733518316865,0.8934664624192741,0,0,1.19729099451763,11,COMPLIANT
0.8724555951935437,0.971197240645665,0.8729475701242844,0.8088088962004962,1,0,1.1313985387716143,19,COMPLIANT
0.9588202252675244,0.9556615611629562,0.9109549607916192,0.8712682272856739,1,0,1.0835853592245304,16,COMPLIANT
0.6200931541512987,0.8448052973927767,0.6633220294825655,0.5469435738242768,3,0,1.2949437741955763,12,PARTIALLY_COMPLIANT
0.8966861667793363,0.9004368542114402,0.7618968870890314,0.6779212190589643,1,1,1.143854500175976,12,PARTIALLY_COMPLIANT
0.29693985662327665,0.6558744152421535,0.5619233120963479,0.3541932062185953,7,2,1.3952948141563388,3,NON_COMPLIANT
0.4277473170083001,0.45377309861118426,0.21933955343719055,0.27893001644465465,5,4,0.7107876339543837,8,NON_COMPLIANT
0.3902085511454717,0.34403291487382837,0.5989037721585536,0.44924995588092553,6,2,1.0617092362466076,5,NON_COMPLIANT
0.5751870189143075,0.5004726436276117,0.3373744937733656,0.2537122273839021,7,4,0.52887365066928,0,NON_COMPLIANT
0.35209821409036535,0.3932474578824795,0.15932792235469498,0.1587428594560809,7,4,0.8282061685714224,1,NON_COMPLIANT
0.9499694571290254,0.9893693513376166,0.9181518134601483,0.9075618048640395,0,0,1.0189771313423694,8,COMPLIANT
0.24685614309682727,0.45681006353217857,0.19763656058961063,0.1649279448340048,3,3,0.9927829345196203,0,NON_COMPLIANT
0.6023857126042604,0.7565827099342686,0.6640029315312986,0.5487037744738039,3,1,1.3412799046172545,11,PARTIALLY_COMPLIANT
0.8351690384714587,0.8057795493869325,0.816160133648165,0.5691613775432887,2,0,1.118469689686765,6,PARTIALLY_COMPLIANT
0.8463452531726403,0.7395153250729123,0.5075746281128825,0.6747119881323476,3,0,1.336352829186895,4,PARTIALLY_COMPLIANT
0.8511496048973838,0.9609534404550929,0.8555082043751232,0.7770064385326728,1,0,0.9314259775079252,19,COMPLIANT
0.9353382108767074,0.9940854484819293,0.991285838089063,0.934890812027817,1,0,0.9509101877702555,16,COMPLIANT
0.4474476017694885,0.37000251878484014,0.35177607550849244,0.32348518103780866,3,2,0.5119622629587435,8,NON_COMPLIANT
0.7900490723405222,0.7044696210087045,0.5756815130368469,0.4243179947092362,1,0,0.869339067402954,11,PARTIALLY_COMPLIANT
0.7356620500142854,0.7207984192128768,0.5998422816795365,0.5821302757543387,4,0,1.0389064885490127,8,PARTIALLY_COMPLIANT
0.6308370515052186,0.7997951912472228,0.707617115145281,0.5908611855322595,2,0,0.9424382335536596,12,PARTIALLY_COMPLIANT
0.9235681612779677,0.962884782409459,0.982739012026745,0.8942551004226396,0,0,1.0908435488831987,15,COMPLIANT
0.9969265792932263,0.9587665134944668,0.8525741652747625,0.9408411057509778,0,0,0.9367358853902827,3,NON_COMPLIANT
0.5920094544869756,0.30182748677311955,0.2126812126601619,0.3645399360332252,5,2,0.9993955991710657,3,NON_COMPLIANT
0.5727970755053864,0.8085546490421043,0.5473297478343073,0.49543696833806855,2,1,0.9735739273310382,4,PARTIALLY_COMPLIANT
0.9444097957202894,0.9847874344492309,0.918181159715166,0.9068895200210159,1,0,0.8921009156896099,13,COMPLIANT
0.621559383496789,0.7210730471093534,0.7170110626873821,0.4515734681058585,1,0,1.2899234818344711,7,PARTIALLY_COMPLIANT
0.7616484278605873,0.8198615571842514,0.8270314878741473,0.48419209687510545,2,1,1.2497056846424313,9,PARTIALLY_COMPLIANT
0.8567366948493423,0.9880503961747696,0.9057586099603515,0.8481145465573701,0,0,0.7163089741707832,5,COMPLIANT
0.7909308577850729,0.7737164070174242,0.8196945283574112,0.49644483454243005,1,1,0.6148196613967647,3,PARTIALLY_COMPLIANT
0.2668869000479298,0.39412433235512767,0.2685434204405369,0.40383715309518986,8,4,1.4817796032779893,2,NON_COMPLIANT
0.993183076362625,0.9959260801385259,0.8570488751504676,0.834703255401212,0,0,0.8886008912288192,6,COMPLIANT
0.8787141520749313,0.9705827730228351,0.9902491647758148,0.8576350523767975,1,0,0.9022636927869347,3,PARTIALLY_COMPLIANT
0.42070714220415667,0.6597565974029365,0.5068119115691206,0.12856250940231606,4,1,1.1598101148013962,1,NON_COMPLIANT
0.8982529553051964,0.9732743486219849,0.9914793774540176,0.9829328561884562,1,0,0.7531392557852679,19,COMPLIANT
0.3310621645167514,0.278805712854311,0.4151522387800979,0.365518773553024,9,2,1.4520399245458409,7,NON_COMPLIANT
0.9182715527554234,0.9761217288035584,0.9466819975938733,0.912541837610807,1,0,0.8150044186438514,15,COMPLIANT
0.7667227737604381,0.8144773517411787,0.6985075912035548,0.714768793156441,2,1,1.3523708150628542,1,PARTIALLY_COMPLIANT
0.6559616496649314,0.823654503777508,0.5461940493043426,0.7345407903890465,3,0,1.0710075708520075,7,PARTIALLY_COMPLIANT
0.9197010719409418,0.9824886841321382,0.857208838629555,0.9872864328978465,1,0,0.7226520048860222,12,COMPLIANT
0.845828945356259,0.8313579995774105,0.7420269410347581,0.7091723953577365,1,1,1.1461818382362492,2,PARTIALLY_COMPLIANT
0.9954868069160906,0.9546950357894709,0.950890317733769,0.8609375548261428,0,0,1.1816734164101994,17,COMPLIANT
0.9741329578411071,0.9585354181656239,0.854569552946344,0.8011120931160682,0,0,1.0233002219743308,17,COMPLIANT
0.8524881743391785,0.975604652914964,0.8839743662796907,0.9112931976023625,1,0,1.1702616322448018,10,COMPLIANT
0.7691628085235802,0.7716989322971349,0.8392371985878779,0.6130394772112253,3,0,1.3783819043362437,2,PARTIALLY_COMPLIANT
0.7586569792687372,0.923335410456902,0.56018964064524,0.5472387829643249,3,1,1.0348288781178079,8,PARTIALLY_COMPLIANT
0.9604603022598461,0.9831902263810902,0.921194631362472,0.9610426122422993,1,0,0.9231843232562927,17,COMPLIANT
0.8371207552666357,0.745986854461846,0.6626194748039905,0.404780242749128,3,1,0.7132820604903907,9,PARTIALLY_COMPLIANT
0.9690932627073385,0.9743241382866211,0.9001068322629939,0.7767052482409976,1,0,1.0865838458734793,13,COMPLIANT
0.9665573928477634,0.9931101486829095,0.8970813245083705,0.8845056763409758,0,0,0.9812776006365236,11,PARTIALLY_COMPLIANT
0.4169374394992158,0.22467710468442992,0.3809770712549343,0.2637516327080923,9,4,0.9038835668860878,3,NON_COMPLIANT
0.7633462876666834,0.8704339880164027,0.6769396032004088,0.642981157588098,4,0,0.6817305871249775,8,PARTIALLY_COMPLIANT
0.8711067292073137,0.9601007834201245,0.8776337258857039,0.9734974275019677,1,0,1.1101887537244866,7,COMPLIANT
0.4030445644659052,0.7247112487846767,0.3378419768914802,0.3999601050648809,6,1,0.6377997720439907,2,NON_COMPLIANT
0.5350852132708456,0.2109457894703337,0.5623454678469658,0.4320551057755093,3,3,1.0527435048366303,6,NON_COMPLIANT
0.7326381287324834,0.748368962353592,0.8122105403934233,0.41087157974806177,3,1,0.6336046139350495,4,PARTIALLY_COMPLIANT
0.9364733354709799,0.9671034717328777,0.9714968115525209,0.8095724176382729,0,0,1.0752992283720633,12,COMPLIANT
0.48010334352065537,0.3785678828414022,0.3286599781053555,0.18626526392696557,4,2,1.0861503241630264,8,NON_COMPLIANT
0.8789740012612649,0.9735654137287061,0.9208773164229378,0.8445561288108362,1,0,1.1418419838439948,17,COMPLIANT
0.28677402457100365,0.5721770983857567,0.3073419429117219,0.10968893536725483,6,1,1.3067447434722521,8,NON_COMPLIANT
0.4193642650940487,0.5117141033120414,0.22859996516993644,0.3054401514548477,5,1,0.9921372636561695,7,NON_COMPLIANT
0.5667068263875646,0.8973457401721573,0.6865775878136211,0.6023492358167422,1,1,0.8562013842961448,6,PARTIALLY_COMPLIANT
0.8556022283123822,0.9911300280329829,0.9040285962116894,0.7817651281629712,0,0,1.1139345018937943,14,COMPLIANT
0.36380806216685135,0.21436179159887375,0.1884044883149256,0.14414714747569093,5,2,0.8461261525661536,9,NON_COMPLIANT
0.8471962867959788,0.918675496081678,0.5596961323022814,0.447681778041004,2,0,1.016015637031619,2,PARTIALLY_COMPLIANT
0.9544644710554161,0.9851073048090915,0.8757540861558174,0.8750281880191567,0,0,0.9733426275496444,3,COMPLIANT
0.6261649085570891,0.9059324700335424,0.7036511227396318,0.6482050079955125,4,0,1.0510539844601368,9,PARTIALLY_COMPLIANT
0.9365780014334963,0.9823860027210306,0.8543949164655127,0.9045257413904242,0,0,0.8799962093895288,17,COMPLIANT
0.7352110586136473,0.9401199378902443,0.5313720906872897,0.6390674643103472,4,0,1.0254570893135542,9,PARTIALLY_COMPLIANT
0.9883461663225377,0.9712946577518341,0.9978286199882827,0.8885145958650527,0,0,0.7887047350605911,18,COMPLIANT
0.9635391489012162,0.9844560545247879,0.9795461578625735,0.9992022951702773,1,0,0.7343769532112436,6,COMPLIANT
0.9307181515059719,0.9535275031854947,0.9901049486695959,0.9415878201393475,0,0,0.8098410666879131,13,COMPLIANT
0.9702168664334431,0.9696046788452286,0.9626154473816584,0.7813715741997876,0,0,0.8053907246773441,10,COMPLIANT
0.6068367688435887,0.2186019029455596,0.32375034880872555,0.37166216109585204,3,4,0.9106040671489124,5,NON_COMPLIANT
0.5763576596275704,0.37872717083354246,0.2764298714386655,0.17192142969662463,6,4,0.9047057638484248,4,NON_COMPLIANT
0.7343624124582617,0.8344594557873268,0.7732512984972828,0.5101411408549643,3,1,0.9203331689366618,4,PARTIALLY_COMPLIANT
0.976840654448486,0.9846246413334613,0.9144896616085222,0.9182416555986082,0,0,0.9712671842661257,8,COMPLIANT
0.9018012928367332,0.9667805227134921,0.9967788202583711,0.9641343059369817,0,0,1.0823595707381395,18,COMPLIANT
0.907093494021487,0.9938987160222534,0.9802085035161175,0.9514813500294053,1,0,0.8059912454511192,16,COMPLIANT
0.8564786856861051,0.7271407861757023,0.7771065125498785,0.45976409284866876,4,0,1.0439543114009093,4,COMPLIANT
0.6044293274276629,0.7184571605484705,0.758424110947899,0.6783053884504011,2,0,1.0866555211200537,11,PARTIALLY_COMPLIANT
0.6957223245787512,0.9082455186746093,0.8455087438705715,0.5112859410808662,1,0,0.7295164880418867,14,PARTIALLY_COMPLIANT
0.8909424992097231,0.9670712634802149,0.9173168205991922,0.9783081701053641,0,0,0.8233293079027032,12,COMPLIANT
0.8429162058608293,0.8662620280956399,0.5933813237322879,0.44096451894095523,4,1,0.8789737718856121,10,PARTIALLY_COMPLIANT
0.8807777192327412,0.9467026704496889,0.515718323778056,0.4526210561561183,2,0,1.2762304864161036,2,PARTIALLY_COMPLIANT
0.7843814065715069,0.734450746920317,0.7349151427557136,0.7427117740200204,2,0,1.3416096903400643,10,COMPLIANT
0.3810400384335489,0.21405485655715872,0.3382413170873574,0.27685229690815205,3,2,0.7796128984254383,4,NON_COMPLIANT
0.6449122249989212,0.9369006254019305,0.6623528275000966,0.420578605790623,1,0,0.9575326302855546,10,PARTIALLY_COMPLIANT
0.8253772353019286,0.916757899694171,0.5367916954483388,0.524731080702636,3,1,0.9721389573253105,6,NON_COMPLIANT
0.36206293974050285,0.3988956526371445,0.23788510535861837,0.49225205005861883,5,4,0.8166730049572162,7,NON_COMPLIANT
0.8966393395011331,0.9871174025286255,0.9722677576720552,0.9037445600852831,1,0,0.8776922843428696,15,COMPLIANT
0.9893211941031828,0.9715267910456519,0.8678711007994072,0.8780982051830266,1,0,0.7365017964498136,3,COMPLIANT
0.8617999375846734,0.7641013982520709,0.8256671571872838,0.6079425132747158,4,0,1.343261088205459,4,PARTIALLY_COMPLIANT
0.9488385912865227,0.9513547996251741,0.8832958242899424,0.8077686991470179,0,0,0.9527539395530169,10,COMPLIANT
0.7999461977607535,0.792486033013617,0.5976381680470678,0.4631356165886995,4,0,1.1736383509656836,14,PARTIALLY_COMPLIANT
0.41088862936259885,0.24479981810392024,0.44106297775326697,0.416147289946035,9,3,0.6488021071284564,5,NON_COMPLIANT
0.9536089472669894,0.9864393111128288,0.857045948664721,0.982012937557212,0,0,0.9773659016411771,17,COMPLIANT
0.283216284519126,0.2187271598544594,0.2606577080131607,0.28980741340565597,8,1,0.7050848319719751,4,NON_COMPLIANT
0.9631380316515794,0.9809748875703793,0.8946032572355258,0.8575842943772303,0,0,0.771124684343598,11,COMPLIANT
0.7331719730467032,0.8836555101080582,0.6936699711849589,0.4858268524355816,3,0,0.6140719329700196,10,PARTIALLY_COMPLIANT
0.6124093878046428,0.6673799343071267,0.4988519651498843,0.49471597822803315,9,2,1.2510537912135338,4,NON_COMPLIANT
0.8529731555485287,0.7377073594152571,0.5045001369409412,0.438492732517896,3,0,0.7917953383506067,2,NON_COMPLIANT
0.9452116211656044,0.9593209902426987,0.9624054154967435,0.8864239922032564,1,0,0.99821697731283,3,COMPLIANT
0.9858025962934096,0.9597895567394648,0.8604041951312748,0.7751945003443567,1,0,0.7194815661551168,5,COMPLIANT
0.29484511968882987,0.6246822338114191,0.1884414700797257,0.2014994881579568,8,1,0.7678743160746693,5,NON_COMPLIANT
0.9951704106472727,0.9774932089182199,0.99447385405976,0.7786883998534588,0,0,0.8184619969483617,17,COMPLIANT
0.9011028135362202,0.966198963735505,0.9380699202376301,0.7666705750907561,0,0,0.8289697533934502,14,COMPLIANT
0.597986115826015,0.8346189941656764,0.5510612362691505,0.5935632453963604,2,1,0.7592354446562819,10,PARTIALLY_COMPLIANT
0.887189867470871,0.9963895739687658,0.9898200873097425,0.9301466048426593,1,0,0.7683677013646175,10,COMPLIANT
0.2975753979618458,0.6756585980170668,0.5286656850663297,0.48062434101560636,6,1,1.1486830449042336,1,NON_COMPLIANT
0.9212426447895622,0.9527611260371514,0.9913575181003416,0.7687053012987433,0,0,0.7736377817760454,5,COMPLIANT
0.6382019849239841,0.7816181824546551,0.5272382126230081,0.5740834005432467,2,1,0.8843595708643828,13,PARTIALLY_COMPLIANT
0.483607465572307,0.3974624391795474,0.15259414243948585,0.22913511109252394,7,1,1.4416948315016596,8,NON_COMPLIANT
0.32506922015535084,0.23489674932217425,0.48625980227651155,0.4343278127302793,5,2,0.5738503401778646,0,NON_COMPLIANT
0.5527158769180986,0.818823244141377,0.5674806659332607,0.6195814265523768,3,0,1.3703631628602637,1,PARTIALLY_COMPLIANT
0.5961253340219387,0.7305585482136314,0.672891245906843,0.4967436893827861,2,0,1.159707733601088,14,PARTIALLY_COMPLIANT
0.9609371765832614,0.9605484945309974,0.9762433011314161,0.757588451383251,1,0,0.9086958120030502,5,COMPLIANT
0.8552297740350737,0.994746072061392,0.9790190224626886,0.8643580244434268,1,0,0.8328000212943529,11,COMPLIANT
0.7848286170169472,0.8753075381021251,0.5427885289557066,0.706003976976237,4,0,0.6665741621920563,13,PARTIALLY_COMPLIANT
0.41625170943534023,0.553617666613741,0.49704102173836406,0.45812610202854576,3,4,0.6487685761904057,3,NON_COMPLIANT
0.5536160611351122,0.44773931236453035,0.23099396509653533,0.11104127102920591,3,3,1.2133811111631378,0,NON_COMPLIANT
0.5939644462321058,0.8046116974290569,0.6205966677957564,0.5743527520879019,2,0,0.6169537969822821,9,PARTIALLY_COMPLIANT
0.8677617101444914,0.7907972990227122,0.60050329220317,0.5752572171504694,3,0,1.2582000118120984,10,PARTIALLY_COMPLIANT
0.32475125333984706,0.7040271049552353,0.29396753783943463,0.30136164353778466,9,4,1.1628376002907297,3,NON_COMPLIANT
0.884493190883663,0.9606552352012542,0.8546701124326767,0.9129167063439713,1,0,0.9813751431716913,14,COMPLIANT
0.9037698592816409,0.9557934529762564,0.9794655138813391,0.9058245317068895,1,0,0.7477050582452056,7,COMPLIANT
0.2536221193376934,0.4756149645320976,0.4230950847666186,0.33986177001859175,7,3,0.5567511821730239,2,NON_COMPLIANT
0.8805649688691534,0.9761664815597371,0.8930706937126863,0.9482136047584598,1,0,0.8382208452916979,10,COMPLIANT
0.9577152606934034,0.9790726973964312,0.9921654373048222,0.7634242696498267,1,0,1.0002673841032075,13,COMPLIANT
0.2643488980379475,0.5672337689385594,0.42398215245270454,0.4240993777696068,4,2,1.283480148508811,2,NON_COMPLIANT
0.9433514896925869,0.9990588918381147,0.8785161474675591,0.9481487790720958,0,0,0.877520528225979,19,COMPLIANT
0.8522761298569632,0.9641872754980227,0.9154872582612736,0.9084492439981822,0,0,1.0004785974987485,10,COMPLIANT
0.4388416297336212,0.46590798537784317,0.44473979686429865,0.4806192454706959,6,2,1.306868043422842,1,NON_COMPLIANT
0.44168339715649674,0.5460704346487375,0.597327111479055,0.4984267820779188,6,3,0.5638309920261135,4,NON_COMPLIANT
0.43617508121061954,0.35651169054391846,0.5047220219393173,0.1744402247756966,9,3,0.6839477061606216,9,NON_COMPLIANT
0.5801190906401354,0.7138664243162622,0.8072454526662587,0.7406504674787138,3,0,0.7268784046704337,13,PARTIALLY_COMPLIANT
0.3837275809504387,0.5204952861731622,0.4530012047835956,0.4239780036611611,4,2,0.610880608598485,8,NON_COMPLIANT
0.6293393088660715,0.3114941280808782,0.5040841554562696,0.24758808381421493,7,1,0.8681557403627879,2,NON_COMPLIANT
0.6053464260017777,0.9151511225874274,0.656639782413196,0.7209575991581948,1,1,1.1308455356468488,7,PARTIALLY_COMPLIANT
0.930612540789971,0.9511252163714343,0.9166169507763109,0.9453390545988001,0,0,1.010957210641939,9,COMPLIANT
0.5109130198734648,0.6396060942172075,0.34666313839827345,0.16609515608416037,6,1,1.1693264127735739,8,NON_COMPLIANT
0.8690653920656111,0.9678361584654452,0.9388724490852395,0.9588929262726622,1,0,1.0271149889999371,9,COMPLIANT
0.776627715090433,0.7340914134628103,0.7062833283032108,0.598716428918378,2,1,0.7900969740483363,1,PARTIALLY_COMPLIANT
0.9291369433638026,0.982771798922033,0.8849781331632425,0.9661007467985994,0,0,0.9585031416048543,19,COMPLIANT
0.900953892771938,0.9859509721581445,0.8930480199207315,0.8124719016077251,0,0,0.9269794165239298,5,NON_COMPLIANT
0.946990887013429,0.9587386721413689,0.90411587786659,0.9764727761969401,1,0,0.876710689651359,7,COMPLIANT
0.9021713811853289,0.9839008076279532,0.9348597945993686,0.8167570675423553,1,0,0.9606301560902074,18,COMPLIANT
0.7705994138237201,0.8348939073905153,0.5183070202291624,0.6599816405409462,4,1,0.7120313850114817,3,PARTIALLY_COMPLIANT
0.6635974994894167,0.7017825050552515,0.7385944645289921,0.49403372461973966,2,0,0.6942457704541474,13,PARTIALLY_COMPLIANT
0.9303313709646697,0.9738491696308826,0.9083812927935158,0.9718561338425901,0,0,1.0925949422114205,18,COMPLIANT
0.89718814501211,0.9756044288349331,0.9911035281584848,0.7619453411703514,1,0,0.8026100436470358,19,NON_COMPLIANT
0.6771715317126956,0.8825488165403887,0.6045261047553595,0.5900157460171668,4,1,1.0365624128263586,12,PARTIALLY_COMPLIANT
0.9277599439949598,0.955630461467461,0.9900981127768926,0.7958949068387865,0,0,0.9193057179698219,9,COMPLIANT
0.6629392974772371,0.8612265809662292,0.7980195572598978,0.6132183869876642,3,1,0.7536269218891969,11,PARTIALLY_COMPLIANT
0.7477758270180369,0.9371762295597952,0.815785968083681,0.7065009627956288,2,0,0.6707895165592112,1,PARTIALLY_COMPLIANT
0.9733269830224635,0.9925174000559948,0.8817991082047987,0.9143383705425321,0,0,1.065248180479395,3,COMPLIANT
0.9272004286077741,0.955285030193965,0.9541108500296477,0.8797907598936351,1,0,0.749748113090319,12,COMPLIANT
0.9142527700853269,0.9513553326168116,0.9675252253881863,0.7526283061354133,1,0,1.0047529455024915,13,COMPLIANT
0.6441153304266201,0.3651001114913121,0.15921034700913408,0.39257930428347987,8,2,0.6167059212024676,3,NON_COMPLIANT
0.6306927271746284,0.8174521407207253,0.6963347748240012,0.44991001884039167,3,0,1.101710715248894,9,PARTIALLY_COMPLIANT
0.6774783768042764,0.8625390551846235,0.8015872951680774,0.446227573821561,4,0,0.8381758784468135,4,PARTIALLY_COMPLIANT
0.7068798050841312,0.8116504752766639,0.6601759656117391,0.4905386208305,2,1,1.3274120347642726,13,PARTIALLY_COMPLIANT
0.9445313122493716,0.9804915902749347,0.9345158391022688,0.8451049260581994,0,0,0.9243468113112653,19,COMPLIANT
0.44057570343339403,0.6885770596567127,0.35737224697784475,0.395641142986357,4,3,0.9481308598747678,4,NON_COMPLIANT
0.6350506699450751,0.8988654803053668,0.517368619710234,0.6992810323671126,2,0,1.289667268672185,5,PARTIALLY_COMPLIANT
0.8858816632051328,0.9893487899690601,0.8584572780779847,0.8423456618956463,0,0,1.0288943900180931,18,COMPLIANT
0.9259399089242804,0.9817052015688166,0.860639832420066,0.8135978952104618,0,0,0.7198829824942847,8,PARTIALLY_COMPLIANT
0.8804803527774896,0.9029532767364445,0.7596414498050308,0.6579487091044578,4,0,0.8027184860474981,13,PARTIALLY_COMPLIANT
0.8854011895485567,0.9865257327013163,0.8560487859581426,0.7736921177586484,0,0,0.8473574234282344,13,COMPLIANT
0.8638518758418148,0.9837003678231355,0.8584725136005222,0.9182137594524228,0,0,1.0183464571789709,5,COMPLIANT
0.8947821888973245,0.9961871565633325,0.8844709512133997,0.9373791037891952,0,0,1.1016522867590166,5,COMPLIANT
0.7375775975951749,0.9213072460527931,0.5882051567876684,0.5334016786763678,4,1,0.8503901713443637,3,PARTIALLY_COMPLIANT
0.7478292334097908,0.7014833741865141,0.5754254045418179,0.40867094442703433,3,1,1.2683423690143054,3,PARTIALLY_COMPLIANT
0.7914969187240072,0.9174398123919221,0.7789190480099204,0.5212732721118888,2,0,1.1487292845761308,10,PARTIALLY_COMPLIANT
0.6360126092650608,0.8442397875302448,0.5960906046591556,0.688433071669531,4,1,1.2187792142582143,13,NON_COMPLIANT
0.9337606374603707,0.9712111004623488,0.9859531577642104,0.7777993705765378,0,0,0.8268410869365693,10,COMPLIANT
0.3704045111598442,0.6727142870228475,0.3159602025183751,0.11601651228591697,7,1,1.1467425860845477,5,NON_COMPLIANT
0.9947877745586154,0.9728632580806864,0.9763034612517972,0.7985950084987182,1,0,0.9703175608050532,10,COMPLIANT
0.977723377246982,0.9741533122596651,0.912410600561303,0.9944634233754455,0,0,1.163502080050704,17,COMPLIANT
0.5130852902874872,0.3785081069612548,0.20951751659200177,0.1320573421334177,7,1,0.8089764607868172,3,NON_COMPLIANT
0.9624477747614387,0.9565043120065315,0.9637394793893533,0.7561467291147004,0,0,1.1107564737037205,17,COMPLIANT
0.5890728405098076,0.8102587014614051,0.6238547602068827,0.4781602665459018,4,1,0.9746407580799665,7,PARTIALLY_COMPLIANT
0.5941194009762463,0.9188024511120063,0.6792738558835996,0.5415275504934016,2,0,1.1495619531083507,3,PARTIALLY_COMPLIANT
0.615593950794322,0.8120566455270561,0.7103590571210414,0.5145818380403897,1,0,0.876888789675292,11,PARTIALLY_COMPLIANT
0.8646428140802723,0.9948897903196013,0.9024843195471097,0.8878293476657035,1,0,1.1877252620674756,17,COMPLIANT
0.681382073864762,0.7603962501677083,0.694203420949705,0.6786650819518546,4,0,0.6187672173769235,6,PARTIALLY_COMPLIANT
0.8889135150146938,0.9689846204083633,0.9385442413772211,0.8170159102057191,0,0,0.8725960724406377,11,COMPLIANT
0.619364568907464,0.4524414788140679,0.22207982811531093,0.4671031448320989,6,2,0.90783930667511,5,NON_COMPLIANT
0.2724879111127002,0.25701802451523026,0.10136437225650788,0.2256001502448507,9,1,0.7199854951381112,3,NON_COMPLIANT
0.9231356790510077,0.9516806800091641,0.8593979805183032,0.9766093633361027,0,0,0.8729602237508471,3,COMPLIANT
0.9586476204514992,0.9896046816880272,0.91071976436278,0.9135189488429996,0,0,0.8838796754386448,16,COMPLIANT
0.23870613600741608,0.43591974879568135,0.1548059039993386,0.482191922778166,9,1,1.4132179852766433,2,NON_COMPLIANT
0.6497110236160714,0.8041579625298528,0.6237732520990387,0.5837070263019538,2,1,0.7391137400517959,3,PARTIALLY_COMPLIANT
0.5635900321013629,0.3391056773226825,0.3697047306399932,0.3113971558756472,4,4,0.7284329827529785,0,NON_COMPLIANT
0.862492661679289,0.954585207362924,0.9403661388851678,0.8884257630864502,0,0,1.07618726471884,18,COMPLIANT
0.8931571145227375,0.8759964804661657,0.7636821408362289,0.42302184619390065,4,0,0.9986863474355501,9,PARTIALLY_COMPLIANT
0.6320420105428907,0.83312871743913,0.5399869586403198,0.5922462528448871,2,0,1.1218769980665106,8,PARTIALLY_COMPLIANT
0.6840780984666148,0.7825952335824093,0.656826303053572,0.5211612770571452,4,1,1.0850535578996254,12,PARTIALLY_COMPLIANT
0.5947214187215238,0.2591682864926245,0.11899111048009761,0.1833944826971158,9,3,0.6129265912888751,0,NON_COMPLIANT
0.8600763099873565,0.9702624044013844,0.9246197340969836,0.9300506454080739,0,0,0.7054979143292401,8,PARTIALLY_COMPLIANT
0.39392152930309143,0.7415835642093522,0.20783040670182637,0.3857460647789315,3,3,1.3169005946848835,8,NON_COMPLIANT
0.4897384557546936,0.6235062644462552,0.2797357881446708,0.17177310885419286,3,2,0.5119786894701643,2,NON_COMPLIANT
0.40309904596676827,0.6941548416632044,0.24954054262728378,0.2549450335285405,5,3,0.7176115853972819,5,NON_COMPLIANT
0.696954630123795,0.8270409476145436,0.5220399930567952,0.6919473334436346,3,0,0.9977230527062972,10,PARTIALLY_COMPLIANT
0.21719035774513087,0.7097797115480622,0.1905763036524856,0.46498999428773957,9,1,1.3881985709130635,0,NON_COMPLIANT
0.7346340732861095,0.9366579364913343,0.636929877449219,0.42271734367513447,2,1,1.001482970893321,13,PARTIALLY_COMPLIANT
0.9346624881669622,0.9800291598493568,0.8749382995524551,0.8449343512054122,1,0,1.1491776375838327,7,COMPLIANT
0.61546210499243,0.786941255228657,0.7379314248356961,0.49206322967976157,1,0,0.7470765815114382,12,PARTIALLY_COMPLIANT
0.40639412738411207,0.5456117787196277,0.4537656506504696,0.4557110835334398,7,3,1.4647375596019678,0,NON_COMPLIANT
0.5682312157867903,0.7880346208900608,0.6500267442725502,0.6884710190467891,1,1,1.1700623545978086,10,PARTIALLY_COMPLIANT
0.9496635679889016,0.972637716885437,0.9753310336815562,0.9904031896083207,1,0,0.8278331116659072,3,COMPLIANT
0.8960136766868327,0.7055414389726529,0.5584757797231994,0.7409610780305439,3,1,0.6097099666521604,6,PARTIALLY_COMPLIANT
0.9605770337510865,0.9884299902394255,0.88654850740958,0.9178896109032593,1,0,1.0117928440013797,10,COMPLIANT
0.5709042867852914,0.6925969063864126,0.31200305145120066,0.22545022724233982,6,4,1.2776154093585388,3,NON_COMPLIANT
0.9549301386423286,0.9653465536490616,0.8585641506861915,0.8357629331299127,0,0,1.0277549859230564,3,COMPLIANT
0.9304233079379104,0.9858681376518184,0.9165345018247754,0.9847192437855683,1,0,0.8930254678259179,6,COMPLIANT
0.8182950530283637,0.8798028619084471,0.8085994350128539,0.6238467343118862,3,0,0.6972698796268215,10,PARTIALLY_COMPLIANT
0.5745383737454947,0.7517382879871572,0.6173809997078337,0.5290095433151556,4,0,0.9147308610803393,13,PARTIALLY_COMPLIANT
0.265246831018889,0.3014697265195077,0.1315890249769097,0.4553803459729545,8,1,1.0867703924938956,3,NON_COMPLIANT
0.9025408556003991,0.9726091469680054,0.8700273327029229,0.7619894331092469,1,0,0.8590937397281944,13,COMPLIANT
0.48426391677039815,0.7210523040309675,0.1851274413610731,0.14816436388658227,7,4,0.8638333078401434,7,NON_COMPLIANT
0.894316716621613,0.9884611573919067,0.9436995353281395,0.845484909913224,1,0,0.7052138496987015,6,COMPLIANT
0.5742305440109712,0.752596638623531,0.6016030804946201,0.6752902795685165,2,0,0.6858888947605342,7,PARTIALLY_COMPLIANT
0.5656630018741834,0.7741101811948492,0.5980469415713829,0.4511059169572379,2,0,1.1419734151475693,7,PARTIALLY_COMPLIANT
0.509394017248531,0.6054702940403173,0.2626443071327107,0.38050919386999804,4,1,1.346923418109795,7,NON_COMPLIANT
0.8301802936094692,0.763449410638998,0.6478675626964935,0.6752921277277536,4,0,0.9312542606142531,9,COMPLIANT
0.9823387834142272,0.9835471502371254,0.8887259881286753,0.9186519632290541,0,0,1.1118951921106472,9,COMPLIANT
0.48491209969542554,0.511314921811119,0.2633780635272026,0.39127998141316056,7,2,0.6628002854437515,7,NON_COMPLIANT
0.9275903584662414,0.9720099498977745,0.8721178790059426,0.8320481884023279,0,0,0.8179287995718435,19,COMPLIANT
0.9202212912806104,0.9943770953863207,0.9461898563885305,0.8534111411819247,0,0,1.0513147882189577,13,COMPLIANT
0.8980851379024748,0.956748924303582,0.8944265148338497,0.8930709536355003,0,0,1.1041789112490368,6,COMPLIANT
0.8751035548355172,0.975017972310778,0.9536325964826234,0.9242839514729523,0,0,0.7349003273073145,3,COMPLIANT
0.28575255812858147,0.2566577435259279,0.38104095071803645,0.3373725628202218,5,2,0.9177381764437627,9,NON_COMPLIANT
0.3465265282073581,0.3340414329546522,0.41202922138867437,0.27875766402263047,3,3,0.9916387161140497,4,NON_COMPLIANT
0.6936725900894696,0.7481324788595348,0.76079646197444,0.444469692875186,2,0,0.9973418188621819,5,PARTIALLY_COMPLIANT
0.20814924677958002,0.5346027248829297,0.34573911720922323,0.1784116806814031,7,2,0.9372558392026104,4,NON_COMPLIANT
0.923929687667117,0.9702144873627434,0.9296406517618141,0.8987829187264204,1,0,1.0624282496575086,6,PARTIALLY_COMPLIANT
0.9906738699977601,0.9838572483335835,0.8678531956739711,0.7672319695336621,0,0,0.8739111737165229,9,COMPLIANT
0.803354863410151,0.9274034492207279,0.5087627176831053,0.5568835962943888,1,1,0.8040891097331506,10,PARTIALLY_COMPLIANT
0.26554859833865413,0.3773911999626576,0.27273088653163935,0.43911768921120664,5,1,0.5318042571195396,4,NON_COMPLIANT
0.9646377397104093,0.9894987250008387,0.9458943208998186,0.9633663883006383,1,0,1.1972821283422623,11,COMPLIANT
0.5633413858159722,0.8220242539682068,0.7492102749690579,0.7041329881102822,4,1,0.9317886420239949,4,PARTIALLY_COMPLIANT
0.6511279558301539,0.7215622928259912,0.8277979640803022,0.5323687223348766,4,0,0.7264738698262789,7,PARTIALLY_COMPLIANT
0.8874319299774259,0.9635974863064315,0.9639097393626945,0.862434960612635,0,0,0.8340695100477566,11,COMPLIANT
0.8533674008019704,0.8298066860473818,0.8476291235481922,0.40405026956434464,2,0,1.2112744001703852,11,PARTIALLY_COMPLIANT
0.7379178027699822,0.9081991684419486,0.6197792558567032,0.46091788897776215,4,0,1.1454264969698764,13,PARTIALLY_COMPLIANT
0.359311517006483,0.38110783561202327,0.284580772115099,0.13668784612830776,8,3,0.7386242437463968,9,NON_COMPLIANT
0.7180607046508564,0.8497416590809688,0.5631329191062749,0.5678648139574292,2,0,1.0072866659131485,8,PARTIALLY_COMPLIANT
0.9800728226501683,0.9836504083144338,0.85704466336115,0.891580720041633,0,0,1.1411175405103826,15,COMPLIANT
0.3355244916505667,0.3348226906589825,0.4250861567862554,0.32141158484645344,6,2,1.0265265331751754,6,NON_COMPLIANT
0.42602605817083755,0.72308599207929,0.3525143856934997,0.28874983470851645,8,4,1.225937213999789,5,NON_COMPLIANT
0.5744479183149582,0.4543996251089516,0.3173050207928858,0.3795107789447193,4,3,1.2619626007956866,4,COMPLIANT
0.9643261880772467,0.9905903359175443,0.9012773562875888,0.858423582830095,0,0,1.1164686961593304,10,COMPLIANT
0.5313754055225202,0.7322829555633972,0.15744154553939446,0.3322899464571223,3,2,1.39009842418767,1,NON_COMPLIANT
0.8842150566853577,0.996111165907743,0.938885227414724,0.8449810727405036,0,0,0.82738379316431,10,COMPLIANT
0.6244181163667596,0.7935840384241848,0.5952294551522922,0.43090945242650225,2,0,0.9068650020346063,2,PARTIALLY_COMPLIANT
0.6241935322797415,0.785056310380598,0.6113463859667218,0.7347847121773032,3,0,0.7087583850977612,6,PARTIALLY_COMPLIANT
0.9244056181440109,0.984644517934597,0.9022504906679796,0.9841620379639269,1,0,1.067535521901943,6,COMPLIANT
0.8919645260753418,0.9705603360436093,0.9404172823034948,0.8177394106287825,0,0,1.1554635922469212,8,COMPLIANT
0.9146477830769945,0.9659433409160569,0.937329811989117,0.8427931058594069,0,0,0.7137101549863287,3,COMPLIANT
0.6582643709758842,0.8542095941960605,0.5604050279172452,0.5445690217836894,2,1,0.8252280889388368,4,PARTIALLY_COMPLIANT
0.6452097568073836,0.45986676395426024,0.5847951682273004,0.31893149693725975,6,3,0.8314047647274551,5,NON_COMPLIANT
0.9983260811955494,0.9741616037937717,0.9980343918082446,0.9386423403014341,1,0,1.0912500721901468,6,COMPLIANT
0.6398392135730913,0.25519399264850845,0.3196652513966002,0.4909451631634545,5,2,1.2395563750993044,2,NON_COMPLIANT
0.6581028203542553,0.8365773928448247,0.7459238124023394,0.7499736893916118,3,0,0.8188674142514966,10,PARTIALLY_COMPLIANT
0.8587299176050489,0.787848222211128,0.693433987667542,0.6247468283529405,1,1,0.6558530411884496,9,PARTIALLY_COMPLIANT
0.3848517843092457,0.5001774342737157,0.33099041283320496,0.46031280007537023,5,4,1.3219173805887618,9,NON_COMPLIANT
0.894125595328811,0.8587561415354024,0.6550046771370617,0.5718993391971318,3,1,1.039926709701729,6,PARTIALLY_COMPLIANT
0.8438150398130847,0.8862853871051196,0.5206068110553943,0.4732951063583499,4,0,0.9542866476635352,11,PARTIALLY_COMPLIANT
0.9977261798443502,0.9919449043222967,0.86869940218049,0.9802104706543431,0,0,0.8557221320228205,10,COMPLIANT
0.26527278836064183,0.4725030732447982,0.576412358468068,0.35000529964641836,7,1,0.9312369913906071,6,NON_COMPLIANT
0.4575680738053838,0.7244054616198681,0.2710300721943367,0.3558752505517714,8,2,1.297990281234747,5,NON_COMPLIANT
0.6545060647009024,0.7397412735056577,0.5165724920643938,0.4685925528720837,2,0,0.8798712204053853,4,PARTIALLY_COMPLIANT
0.8574174620606555,0.7489680462697843,0.5584408557853939,0.6014519939944472,4,0,0.6396901893295454,12,PARTIALLY_COMPLIANT
0.8748624669730234,0.9722770819370945,0.8813778198111891,0.7624947571649197,0,0,0.7684995315268357,13,COMPLIANT
0.8154486539976397,0.7514012297597833,0.6904879820464508,0.6814983827467607,3,0,0.7508791450172736,12,PARTIALLY_COMPLIANT
0.45147402263533526,0.29673482034158855,0.5602165120527783,0.38058364777491005,5,4,0.7078629071554324,0,NON_COMPLIANT
0.8922737504943208,0.9592150698475049,0.8559042819729594,0.7554616779965504,0,0,0.7097240251840405,10,COMPLIANT
0.6092982158487956,0.3195033283219251,0.5155033944948872,0.3835428452817099,8,1,1.0712618284426194,5,NON_COMPLIANT
0.41185973672111365,0.6924488485689219,0.3799702195183382,0.21687239976720682,3,1,1.005831937139071,3,NON_COMPLIANT
0.6651835581101659,0.8334891367337334,0.5215881036885834,0.47306105883952027,4,1,0.9334793915947219,1,PARTIALLY_COMPLIANT
0.9994184424459162,0.952973578443364,0.8504751772871052,0.9100495778899059,0,0,1.1465451025977074,8,COMPLIANT
0.9769991713357459,0.9928162145939046,0.9106762190683285,0.97194252469024,1,0,0.7420699824975243,10,COMPLIANT
0.9403767045362093,0.9647911359290932,0.9832313789821223,0.960150905693298,1,0,0.8226396524871836,18,COMPLIANT
0.9333045326406446,0.9859600889136132,0.8842682111996948,0.9990834790141855,0,0,0.9466384233918997,12,COMPLIANT
0.8707596378952187,0.9832882620132684,0.9287008460028433,0.9098437001356938,1,0,0.9282067198562121,11,COMPLIANT
0.4971783636647222,0.5019762336347501,0.2392222450277167,0.2087763211252007,4,1,0.6540028735322998,3,NON_COMPLIANT
0.3834526061666522,0.7388295568650709,0.2547127929285774,0.4029657115635693,6,2,0.7285071455144654,0,NON_COMPLIANT
0.8525369199882411,0.9954782213690151,0.8904445013150774,0.9549192506951147,0,0,1.1027480230161222,15,COMPLIANT
0.2881805695110304,0.709323510435909,0.1527243193756471,0.12072041336632405,5,2,1.200909381954689,5,NON_COMPLIANT
0.8185146150396991,0.9446033485807342,0.7444379860793296,0.5458635893023887,3,1,0.6509786613509746,2,PARTIALLY_COMPLIANT
0.8512479913340788,0.9716791396316307,0.8638938224577051,0.9370960874190578,0,0,1.1035946593955939,17,COMPLIANT
0.7493291542705475,0.9191513195926495,0.824875878476658,0.5850818263548683,4,1,0.6918632253770955,5,PARTIALLY_COMPLIANT
0.8088627891500481,0.8044097514671756,0.7578281563286757,0.4397475893421382,2,0,1.3189111426408826,10,PARTIALLY_COMPLIANT
0.9029575587400454,0.9947047151266626,0.9919684769725609,0.9731395568716186,0,0,1.0815541818006542,12,COMPLIANT
0.4005766484355722,0.6500860845989587,0.48683488568252486,0.1941191047105253,4,4,0.8892634629817701,7,NON_COMPLIANT
0.6249616884588555,0.7150182920887456,0.6139261683441474,0.4502906688144745,4,0,0.9190731295575765,7,PARTIALLY_COMPLIANT
0.9337619008874797,0.9612770071221868,0.8741238203617285,0.9128798667005662,0,0,0.8344967022175488,10,COMPLIANT
0.4761191309462352,0.3367067388592072,0.250345593361871,0.3454237219246056,8,3,1.1747417274380882,0,NON_COMPLIANT
0.9702429228973051,0.9815208809190678,0.8939387805104684,0.8433850740785739,0,0,0.7202928560673475,5,COMPLIANT
0.9526349539768235,0.97200762468698,0.8683057352267168,0.8737942275278175,0,0,0.786682326753886,19,COMPLIANT
0.9926392891753822,0.978856129301916,0.9035681738950754,0.9468872714646948,1,0,0.893161586538233,6,COMPLIANT
0.9365759174931325,0.9938569220755702,0.9150700768382157,0.7902120434894365,1,0,0.7046658099135465,3,COMPLIANT
0.959639205389955,0.9643859217245014,0.9605595276466263,0.7675253700668605,1,0,1.014609596504146,11,COMPLIANT
0.503589966538611,0.21963578587143984,0.4003223505351089,0.3583760683045377,5,1,1.43697608971048,4,NON_COMPLIANT
0.285514885925996,0.303343635969421,0.3826678415215369,0.12024003396187118,9,3,0.9396152506680538,8,NON_COMPLIANT
0.3727031466855341,0.547076698940777,0.48954562688180625,0.25705803273448335,5,2,0.9337627437925612,7,NON_COMPLIANT
0.618063220630193,0.8874976080354258,0.5964278069761983,0.5335984366827395,4,0,1.0469787265700419,8,PARTIALLY_COMPLIANT
0.8507136615387367,0.9292458492953506,0.6751468235422786,0.5909159814583692,3,1,0.9433736414722116,7,PARTIALLY_COMPLIANT
0.602914021768039,0.9025757843333677,0.7659575464135765,0.5695489147920396,2,1,1.3347308072776038,13,PARTIALLY_COMPLIANT
0.8242446058248492,0.8437715903462788,0.540307369166584,0.546234054015525,3,0,1.0614086779487393,4,PARTIALLY_COMPLIANT
0.30814524582134006,0.5160900615771664,0.38032146257299304,0.40749169120483253,7,3,1.170687764663661,2,NON_COMPLIANT
0.43469950358134546,0.5297304061820419,0.45042723890458247,0.463204650985686,3,4,0.8309483947357269,4,NON_COMPLIANT
0.9400030822178955,0.9645831289354652,0.9542472829189814,0.9650305992973012,1,0,1.15390932649232,13,NON_COMPLIANT
0.8786678064244003,0.9655042269171378,0.9597587104846319,0.9101588982006467,0,0,1.1242126895452622,7,COMPLIANT
0.7334131844536554,0.8430249542429062,0.7985547456457739,0.6820748536953756,3,0,0.9694162931170232,10,PARTIALLY_COMPLIANT
0.8858888294127196,0.96402639109277,0.973070352454128,0.8960799329406772,0,0,0.9591619615199116,17,COMPLIANT
0.8639654151708849,0.9948607878976663,0.9850627085744996,0.908275364318317,0,0,0.8394356762960908,18,COMPLIANT
0.9103460562073558,0.9712476759531214,0.9074324720926275,0.9297689051277029,0,0,0.9189499435714561,4,COMPLIANT
0.21958493988048935,0.2074029741123092,0.2623464283000081,0.12957891779394615,9,2,1.4973195271617459,0,NON_COMPLIANT
0.5919224329592464,0.7408306024285771,0.7242566757576059,0.684695395012304,4,1,1.0531197558083747,8,PARTIALLY_COMPLIANT
0.4238351207711418,0.4403632418542701,0.29644614791558954,0.2998762411544481,9,1,1.191902314083621,4,NON_COMPLIANT
0.4687397086966121,0.3070767534651027,0.28263647101765355,0.19711191285683183,3,1,1.442451444734066,8,NON_COMPLIANT
0.3675820534514993,0.5825339409911217,0.22714745727884958,0.10877221697415851,3,1,0.5163677640400828,7,NON_COMPLIANT
0.9843723597340293,0.9551737531823292,0.9484844053599478,0.9767463796095609,0,0,0.8115431672644874,6,COMPLIANT
0.22165680242668295,0.4231513311437677,0.4115574200813873,0.4530211453940406,5,4,1.3080895864043982,3,NON_COMPLIANT
0.683411250337813,0.8797194950985338,0.8093566391950586,0.40182438146692373,4,0,0.9221610289855711,10,PARTIALLY_COMPLIANT
0.26108188906741125,0.30492986355036,0.22247868199672485,0.39227094801177465,8,2,0.8505946722761345,0,NON_COMPLIANT
0.5319579968001977,0.4265173857827775,0.46758056117337776,0.32048428365464265,6,4,1.0871271744005437,9,NON_COMPLIANT
0.9796913253932555,0.9884259682261896,0.866966472861486,0.9488775929241008,1,0,1.0382566928886232,18,COMPLIANT
0.7178711846698345,0.9218972476797145,0.6982367522208841,0.6385372500729648,1,1,1.3421697047196615,10,PARTIALLY_COMPLIANT
0.8035604319532688,0.7463170055381468,0.8375182188738519,0.5414281853226584,3,1,0.7067108936746076,11,PARTIALLY_COMPLIANT
0.8515426743903538,0.9858024986621072,0.9559369243832894,0.9056723852374493,1,0,1.0972404089267531,5,COMPLIANT
0.37222497219228323,0.4714024465470673,0.10820321436347438,0.13294485272331225,3,2,1.0540020816855962,1,NON_COMPLIANT
0.35235335403188617,0.30834618071141734,0.5806623590581084,0.19789757623953205,3,1,1.443897890254696,7,NON_COMPLIANT
0.6679509769680405,0.7322510437558147,0.6830955395171785,0.6215601168927098,3,0,1.3827955717374325,10,PARTIALLY_COMPLIANT
0.91041642015225,0.9518103630743692,0.93267120042921,0.9271702096279762,1,0,0.8518619258159128,17,COMPLIANT
0.5432405693652103,0.266288751224478,0.48138240556058065,0.2758914550654139,9,1,1.2389308599861466,0,NON_COMPLIANT
0.6270231891746422,0.7971327870015105,0.8030045329873778,0.6535478190942603,1,1,0.7709922096488975,10,PARTIALLY_COMPLIANT
0.9301519412544195,0.9874955374734986,0.9869748628386464,0.896287383081368,0,0,1.172382864941214,12,COMPLIANT
0.8621378924576878,0.9701490089382581,0.8760286772479763,0.9237377722256155,1,0,1.1786614439472936,12,PARTIALLY_COMPLIANT
0.9494563006750738,0.9500939941762455,0.8767558876460995,0.7572678450859884,1,0,0.8777465052206787,15,COMPLIANT
0.8266453376117235,0.9290677093358828,0.6359284071850416,0.6087435093046262,1,1,1.3847341825430655,13,PARTIALLY_COMPLIANT
0.8826671202651353,0.9838518907441005,0.970481818486614,0.8904692390603783,1,0,1.0597896123746793,3,COMPLIANT
0.7021805368194398,0.7501916822648338,0.5376464871196519,0.5540446937912142,1,0,0.611576513202292,14,PARTIALLY_COMPLIANT
0.5763452843512614,0.7183401898792299,0.5685437346629818,0.5698386391076294,3,0,0.9724949558703697,12,PARTIALLY_COMPLIANT
0.6835510357389313,0.8850089862460442,0.719695144760259,0.5314770574225502,4,1,1.3486374727163621,10,PARTIALLY_COMPLIANT
0.5656310101070283,0.7837810666740561,0.6370026070779995,0.7464725219462289,2,0,0.7885509311396809,9,PARTIALLY_COMPLIANT
0.9037932372930387,0.9955669595039315,0.85314011767401,0.828943287812374,0,0,1.187589987987754,6,COMPLIANT
0.3667983805609496,0.3454839202219106,0.133243401507436,0.3077312466204383,6,1,1.2078652030027721,8,NON_COMPLIANT
0.5341565498341052,0.382001537123106,0.4610737593713983,0.3830617532472481,6,2,1.2773731292105488,4,NON_COMPLIANT
0.894106801468993,0.7612029328210339,0.6317297195543936,0.5053805131628248,3,0,1.1738467298668067,9,PARTIALLY_COMPLIANT
0.5665730079687143,0.37210504886037066,0.2988249291615064,0.38007468840477276,9,1,0.5877614744788859,8,NON_COMPLIANT
0.4667654294081749,0.28830466845319597,0.19500464741562615,0.3864444142357004,4,4,0.9803415762222268,5,NON_COMPLIANT
0.45098288314900037,0.3902766195330615,0.308204639738903,0.41900941897664223,4,2,1.1191146953034208,7,NON_COMPLIANT
0.4191384132207566,0.41611971643160467,0.5777310718143893,0.2752837124444847,6,3,1.1551364772498363,2,NON_COMPLIANT
0.8400432297854007,0.8864886544759998,0.7207405159093108,0.5494382379668532,4,0,1.1766601824662406,13,COMPLIANT
0.9093905839293924,0.9878126895711217,0.9181275494105059,0.8530699319579164,1,0,0.9752358885514703,15,PARTIALLY_COMPLIANT
0.6607848525692894,0.8601026592066335,0.6528150967706042,0.43234738515861254,2,0,0.6578484598182331,1,PARTIALLY_COMPLIANT
0.7418713204772531,0.9382943845657847,0.5631015457154742,0.6534475925914216,1,0,1.2088483071739808,9,PARTIALLY_COMPLIANT
0.8196512683904319,0.757774119560828,0.8162052937893247,0.4340484789214018,1,1,1.0021194676978258,2,PARTIALLY_COMPLIANT
0.6495962939165609,0.8438688194715912,0.5431321338034314,0.6415737718448138,2,0,1.3388749043690618,1,PARTIALLY_COMPLIANT
0.9694360893344282,0.9877011517464191,0.855390801238233,0.8486835884612071,1,0,1.0258198802386382,5,COMPLIANT
0.8556349344315971,0.9858590723523378,0.9307141996181667,0.8771764960540667,1,0,0.7471987379519296,10,PARTIALLY_COMPLIANT
0.951398873463451,0.9852829666936973,0.9233844850306919,0.8457343455729043,1,0,1.065339505764195,3,COMPLIANT
0.6681987711534786,0.9024185645220183,0.7434871821253686,0.6680245024505036,3,0,0.7102103435188156,5,PARTIALLY_COMPLIANT
0.9566341495690812,0.9986683283076143,0.9685851329036733,0.810736340421761,0,0,0.9233860794198034,5,COMPLIANT
0.8585642140764825,0.9836412944279042,0.9295636330490864,0.9156964331859159,0,0,0.8856354602526968,10,COMPLIANT
0.3088533368267516,0.5035088068854966,0.56514990771665,0.32955263630610304,9,1,0.9404523153212621,6,NON_COMPLIANT
0.8956362795740793,0.9569623422297054,0.9418012794939183,0.8265752492218844,1,0,0.7235983508486894,8,COMPLIANT
0.8637373109989951,0.9958656787731122,0.8705227946378442,0.9875593384552006,0,0,0.9606503337067847,14,COMPLIANT
0.9206982691157602,0.9990548812256754,0.961056744541153,0.7795015066548437,1,0,0.7840590487988626,16,COMPLIANT
0.8125294262320317,0.7511128315581325,0.7406617853478277,0.5222427170466737,2,0,0.8743436875185466,3,PARTIALLY_COMPLIANT
0.7003421932322365,0.821860118439947,0.5483096631282639,0.6356870526905408,3,0,0.8592223645070783,2,PARTIALLY_COMPLIANT
0.8620350618492463,0.9762255694785127,0.9115595240484492,0.9955946542271517,0,0,1.1483051314870103,13,COMPLIANT
0.6067800921247282,0.29066784944378005,0.45618070752081297,0.3927509419885905,7,4,0.5797384673579121,0,NON_COMPLIANT
0.8911760010260618,0.9812331987141858,0.8621746336695572,0.8630506197758847,0,0,0.9220917034391832,9,COMPLIANT
0.8953090752752192,0.9865979033792818,0.9776761391279156,0.9178561673826536,0,0,0.747767656917334,6,COMPLIANT
0.6256060723737666,0.4955585533525392,0.10346004779241338,0.10442175947880382,4,3,0.9352722388639413,3,NON_COMPLIANT
0.586625088046816,0.3700559296201976,0.36575199225142174,0.15752790781436354,7,1,1.235974871004828,6,NON_COMPLIANT
0.6410405940553897,0.9354762432095822,0.6855309739200484,0.6909634249498373,3,0,1.0715010981184938,11,PARTIALLY_COMPLIANT
0.8691081978970738,0.763585021894401,0.770384248106908,0.49291562874917716,1,0,1.0610026360708738,8,PARTIALLY_COMPLIANT
0.4949595656643933,0.62225744541899,0.3472512273979611,0.4965516873793182,9,3,0.7343715864038057,7,NON_COMPLIANT
0.9954236349109267,0.9726963068210898,0.9260499430215021,0.8930429904459425,1,0,0.8375494407795622,9,COMPLIANT
0.9936745326212915,0.9941881007729015,0.9899994128674521,0.964685599128327,0,0,0.8684238507235763,9,COMPLIANT
0.8582652302738246,0.9713447363911651,0.9203537409576825,0.982138883223534,1,0,0.8375850562440339,6,COMPLIANT
0.7056902401592857,0.7847204715621685,0.7968477012561124,0.5692274761021828,2,0,1.0343539246381805,6,NON_COMPLIANT
0.5714933111783096,0.29742976866106613,0.1278032570933952,0.44014353894170577,8,2,0.6285515978604493,2,NON_COMPLIANT
0.6074079060471667,0.5169019768789999,0.38309554369870347,0.20476395675015577,8,4,1.0759104674173963,2,NON_COMPLIANT
0.4470421920611912,0.3477364019507535,0.3472519819794525,0.3787774503358814,4,3,1.1374670588141296,1,NON_COMPLIANT
0.8847398537145849,0.9924461934738036,0.909590720926069,0.8113876564861228,1,0,0.8538395447389742,19,COMPLIANT
0.8859811169133917,0.9570985994880497,0.902191211737325,0.8625877447263531,1,0,1.0068887094078494,18,COMPLIANT
0.9255017695909231,0.9898220280761738,0.9609203849858091,0.9113835891026305,1,0,0.75911120603623,8,PARTIALLY_COMPLIANT
0.5721404723678138,0.29579222450661674,0.30663658868943455,0.4082195922774272,8,1,1.4511370464417865,3,NON_COMPLIANT
0.6891896541282114,0.9274274163472944,0.8346027735806705,0.4421331626327937,1,0,0.6148444312558883,13,PARTIALLY_COMPLIANT
0.6640424581957497,0.8964004481057556,0.8151316078216597,0.4764919615321971,1,0,1.2654742180678136,4,PARTIALLY_COMPLIANT
0.4841742272092797,0.6379531080638057,0.3243819442134174,0.14850108485295627,9,1,0.7650435287113426,0,PARTIALLY_COMPLIANT
0.3785893193125489,0.513625747130671,0.2466952380708141,0.1968624038058966,3,3,1.313828023413713,3,NON_COMPLIANT
0.545794649415931,0.45119677664088437,0.27424437145902314,0.4849804182417331,5,2,0.8053930000753838,5,NON_COMPLIANT
0.40851168787893566,0.6754792684645076,0.5631160346754074,0.2313377378613779,8,2,0.9642630307759832,9,NON_COMPLIANT
0.6027563425537646,0.769709395894402,0.5327223265543964,0.47380724421257325,1,1,0.6183217291719298,7,PARTIALLY_COMPLIANT
0.5588815518224646,0.38640914433334034,0.22805353023022804,0.18897846710394603,7,1,1.2371240728133968,5,NON_COMPLIANT
0.4710264519588141,0.4118223839142295,0.5700592050278774,0.30559469655514937,4,2,1.063875681502423,4,NON_COMPLIANT
0.8887450643691388,0.99335058034553,0.9503902437626253,0.8620213718207691,0,0,1.0505721099833267,18,COMPLIANT
0.729525390726949,0.8332850659026615,0.6673374311419988,0.6358092009852445,3,0,1.274487965261122,14,PARTIALLY_COMPLIANT
0.8889173756602115,0.9542324376792314,0.8678907508059615,0.8061455956634753,0,0,0.9280793705599112,9,COMPLIANT
0.6264533857460381,0.8356025321695771,0.6298890823218058,0.6441246626129831,4,1,0.6232811610583813,11,PARTIALLY_COMPLIANT
0.4891579365182342,0.7272264325434123,0.5499013589558219,0.2762731068746408,5,3,0.9322658747979181,6,NON_COMPLIANT
0.6775753375920774,0.9471901014735654,0.7078490276470303,0.5397901056224031,3,1,1.1625108346299846,5,PARTIALLY_COMPLIANT
0.6155616824489814,0.9228847974328949,0.502591210525712,0.6858870092623539,3,1,1.3943227927194115,1,NON_COMPLIANT
0.912421805146091,0.9756925367288298,0.9854947021563566,0.9724709316183716,0,0,0.7877458136906786,15,COMPLIANT
0.20063975241394555,0.5186875024959602,0.5078980378355693,0.11457579444135764,5,3,1.418451671927122,0,NON_COMPLIANT
0.5414815655842462,0.7033436978867129,0.5666367502288685,0.33853348338504785,4,2,1.3737537919937806,1,NON_COMPLIANT
0.9808779927744044,0.9622073780253453,0.9175164788027544,0.9814568436108794,1,0,0.8860217839061036,8,COMPLIANT
0.285800861459528,0.6497346215161832,0.43005854806257704,0.352396461685457,6,1,0.8962805182393712,1,NON_COMPLIANT
0.3034191892362701,0.2577138201829224,0.11361855129210705,0.21695204508610552,8,2,1.0520766962812478,5,NON_COMPLIANT
0.5771205515475124,0.8483148675438443,0.5662717032704505,0.5264349779143537,3,0,0.6217620069723805,2,PARTIALLY_COMPLIANT
0.6222796077254245,0.9424551963102601,0.5087514394977073,0.675023752637814,4,0,0.9187261457312257,7,PARTIALLY_COMPLIANT
0.9816624107293938,0.9601997301804693,0.9739696914238274,0.8894221727963632,0,0,1.1113514608586033,18,COMPLIANT
0.8660543701316556,0.9890349652085815,0.9865294186217044,0.8457083486921089,1,0,0.9446194307138872,16,COMPLIANT
0.7301717477001588,0.9067233084563975,0.5266353695416768,0.521973371886101,3,1,1.3225666599867243,12,PARTIALLY_COMPLIANT
0.2986152357046612,0.6744399559676868,0.5468787541385233,0.2024524363848461,8,4,1.3345957386283172,4,NON_COMPLIANT
0.8504083041774668,0.8201852281024307,0.5010369521961389,0.4849805249391963,1,0,0.8560087913976506,1,PARTIALLY_COMPLIANT
0.7627578753557442,0.8915440998674777,0.7589759380146428,0.6316375592961875,3,0,1.1604994865298408,12,PARTIALLY_COMPLIANT
0.9532439497640882,0.9609861375055198,0.9158007545204573,0.9455004563984853,0,0,1.119485548337034,10,COMPLIANT
0.516814949670344,0.2769890171661,0.4102768728145695,0.3022212117291543,5,1,0.6115487308553025,2,NON_COMPLIANT
0.5971505058044041,0.7377289956783823,0.7774371207281193,0.7106468604444391,2,0,0.7511438510119618,12,PARTIALLY_COMPLIANT
0.38849179801072126,0.561093188446651,0.18277658988734694,0.2739743601453636,4,4,0.8854031185180196,9,NON_COMPLIANT
0.8424583072627057,0.7045498980377631,0.7807623348335653,0.7314136088697147,1,0,1.0205048224002957,3,PARTIALLY_COMPLIANT
0.9160808739809492,0.9658652738710243,0.9867939376299449,0.76523218043018,1,0,0.9568539276076524,11,COMPLIANT
0.8739092327157103,0.9984011086022869,0.9872123993091491,0.7917375447586172,1,0,1.0726207430862207,11,COMPLIANT
0.5858401224286005,0.8843288184532743,0.6576543483990767,0.5132354699623486,3,0,0.7909717471480509,3,PARTIALLY_COMPLIANT
0.91158980458574,0.9949298455284485,0.9844385074707368,0.9214281922061702,1,0,0.9154706682591633,17,COMPLIANT
0.857081082189487,0.8857271799884305,0.8149500486472182,0.6864409266242382,1,1,1.1084747856065498,14,PARTIALLY_COMPLIANT
0.25769741969557475,0.25473732449574216,0.5084709993350105,0.4186944155564891,5,3,0.6097111688600648,5,NON_COMPLIANT
0.7839278293066516,0.7570444292822928,0.6110803165736081,0.7369643715985141,3,0,1.2817713653783835,1,PARTIALLY_COMPLIANT
0.8030620507977786,0.7983116161980094,0.5760317161073522,0.6656818364886095,2,0,0.9066813074121779,10,PARTIALLY_COMPLIANT
0.887846087475911,0.9610112650688657,0.9232561943474408,0.9343914372732067,0,0,1.154813409718296,6,COMPLIANT
0.9306371707077271,0.9787896235561154,0.9467725124951355,0.7542422823288666,1,0,0.9682351955942365,13,COMPLIANT
0.23930318635127495,0.4293181089490826,0.28785038721104184,0.23994055481215712,5,2,0.9100624484785705,6,NON_COMPLIANT
0.8908428491062201,0.9584698249815788,0.9431228205258838,0.9297476892133083,0,0,0.7361786288706633,5,COMPLIANT
0.9700206374128114,0.9620829460409592,0.8602055971137504,0.8292260344301562,0,0,0.8338962372613168,10,COMPLIANT
0.5821233815646293,0.523062404917344,0.1806184042173228,0.10608898859659632,4,1,1.0501396748253167,8,NON_COMPLIANT
0.6140219853962181,0.6372424042896006,0.314482539792451,0.12743718890694244,5,1,1.2650399313583411,6,NON_COMPLIANT
0.3375818633065807,0.6256784399027657,0.3268744769687757,0.4529078066278006,4,1,0.7623481500667757,5,NON_COMPLIANT
0.4099209321516123,0.6923212148210353,0.2922918964301091,0.26147527098266554,6,1,1.2529994754336213,1,NON_COMPLIANT
0.7717373527656596,0.7621339359817731,0.6064543390699128,0.6697850825825125,3,1,0.885549838358508,11,PARTIALLY_COMPLIANT
0.6125127682632785,0.9456059417900281,0.6316524244803053,0.4701121701258375,2,0,1.0408250821441256,1,PARTIALLY_COMPLIANT
0.9261201600641255,0.9503192935858417,0.8930557199762369,0.9042317295939355,0,0,0.9799221561544147,10,COMPLIANT
0.5736857378302942,0.948347469684767,0.7445544232963577,0.45679828850990833,3,0,0.8311863233934397,4,NON_COMPLIANT
0.503413615678183,0.20375096975140405,0.4139358904680527,0.4241184110785384,5,1,1.2340759156936287,7,NON_COMPLIANT
0.92689228661548,0.9645438427115791,0.9204110262983887,0.9644644458793723,1,0,1.0075323149289055,16,COMPLIANT
0.5726702698338206,0.8847068593377948,0.5740350190521948,0.5377024213029011,3,1,1.0654244887405768,2,PARTIALLY_COMPLIANT
0.8581476660057616,0.8084309257078552,0.6442327633713887,0.4124642525954945,4,1,1.3688167486121705,3,PARTIALLY_COMPLIANT
0.6331487512975963,0.32721592782117714,0.283729816565239,0.30287675520725255,8,1,0.894045255188819,1,NON_COMPLIANT
0.22972049178770312,0.2743020061274204,0.43182449475201923,0.3086552786362607,4,3,1.2369220622829524,8,NON_COMPLIANT
0.8917715119154872,0.8750536647113335,0.6758056011816097,0.45820909507317886,1,0,1.1431563394245359,3,COMPLIANT
0.37401117258745464,0.6415765048186504,0.29327893686574635,0.1818614118585308,5,1,0.5794917483526875,2,NON_COMPLIANT
0.5858458511872157,0.7755816833182233,0.801171479978827,0.40600185390642646,1,1,1.2823394865427598,7,PARTIALLY_COMPLIANT
0.7038223793994522,0.7151117307463175,0.7621904526590547,0.5978106396783781,3,1,0.8020760744953067,1,PARTIALLY_COMPLIANT
0.8830274802924717,0.9841629381829797,0.861419628923545,0.9628017285121921,1,0,1.1414531345687307,5,COMPLIANT
0.8289720091207804,0.7234095818618641,0.5638096632577738,0.7408440927413251,2,1,1.2995555105649275,6,PARTIALLY_COMPLIANT
0.4113420154992307,0.6136436906412686,0.2801368598665053,0.19417873022066579,9,1,1.040920307027367,9,NON_COMPLIANT
0.9728882657307192,0.9939910956975848,0.9288152368818539,0.8110849851966165,1,0,1.112989106354041,3,COMPLIANT
0.5646581378435714,0.825767080658007,0.7044786760911014,0.7220689451259958,1,0,0.8391581824638242,4,PARTIALLY_COMPLIANT
0.9689714310995109,0.9926892460852333,0.8862965695475568,0.9901567438782999,1,0,1.018269323376677,18,COMPLIANT
0.6113000166541751,0.695812669808509,0.359380972900754,0.32129474845584904,4,4,0.7437366620278099,2,NON_COMPLIANT
0.5771830516224238,0.9399317095097403,0.8076473077155275,0.6641388823038494,3,0,1.1844257046959954,11,PARTIALLY_COMPLIANT
0.943914715298057,0.9945600398700905,0.9258484536145329,0.7692860935215152,1,0,1.0849868091033004,3,COMPLIANT
0.8122648894977471,0.7444589839568052,0.5860606552656822,0.40614164698792765,2,1,1.1547406416796768,5,PARTIALLY_COMPLIANT
0.8888067463233161,0.9717201659503305,0.9585171726775001,0.7522635403950928,1,0,0.814585975607081,13,COMPLIANT
0.8537709588634471,0.9861465336119302,0.9715546599639155,0.9492120441930307,0,0,0.9206371683750343,12,COMPLIANT
0.6423245442198855,0.8751497027370403,0.8331065881585491,0.6484589410717101,2,1,1.1970449355900874,6,PARTIALLY_COMPLIANT
0.9954423908356507,0.9867354285132512,0.9549394799535292,0.9632315959636453,0,0,1.1738898489846148,4,COMPLIANT
0.6384599340619586,0.7778514112612195,0.5423784543845119,0.702630689861462,3,0,0.6150274608697455,5,PARTIALLY_COMPLIANT
0.384687242941938,0.4524847428154794,0.582256916714719,0.43231411766878924,9,4,0.5814408673219329,6,NON_COMPLIANT
0.7994314289763611,0.9294489065276699,0.7333646214575821,0.5650539086329814,1,0,1.2694599155223987,3,PARTIALLY_COMPLIANT
0.21960275191889067,0.5225566706486787,0.29653659923240583,0.2456379434176068,5,2,0.5059978931169626,9,NON_COMPLIANT
0.663747163342256,0.8412499927954789,0.8085161718436951,0.6768899413705038,4,0,1.1263606624955314,6,PARTIALLY_COMPLIANT
0.5835845142313065,0.8005021179127153,0.8350608979516931,0.7484418263508884,4,0,0.9439062064998783,14,PARTIALLY_COMPLIANT
0.9689892025657382,0.9658380838533763,0.978576888549813,0.9765358136914416,1,0,0.784427103338843,8,COMPLIANT
0.9812409108404007,0.9905414056681136,0.9971479454198025,0.9816369451877438,0,0,0.9789050628677172,19,COMPLIANT
0.9872096672434756,0.9505740329874689,0.9175174789712216,0.9942760582628933,1,0,1.185338272704872,7,COMPLIANT
0.9187485391881363,0.967560969367439,0.8640664789385525,0.871532621303731,1,0,1.1742514716090973,16,COMPLIANT
0.7624308944933713,0.7307719633508176,0.6650581352968779,0.619567988648862,4,1,0.8139643062194962,3,PARTIALLY_COMPLIANT
0.8621563084269774,0.8580806614860624,0.621570765029006,0.5691332178525551,3,1,1.0611678851673871,5,PARTIALLY_COMPLIANT
0.6819476323783222,0.9304613748869461,0.5126883111301782,0.6996455771235661,3,1,1.06576072060583,13,PARTIALLY_COMPLIANT
0.24033470514946792,0.70120519471191,0.2936718698290173,0.2393550044460854,3,4,1.3974225712283457,1,NON_COMPLIANT
0.43649468140687386,0.5050731889892166,0.2981717229155184,0.2855576081761707,7,3,1.1076463832614718,5,NON_COMPLIANT
0.7936613552225187,0.9401093259846391,0.5610358931873661,0.5089549204866531,4,0,0.6427333375476084,4,PARTIALLY_COMPLIANT
0.8654685803253899,0.9951276453339784,0.9257878558671786,0.9566143665269354,1,0,0.8488175872546554,19,COMPLIANT
0.3701138450934397,0.24258224483306207,0.1060490108492261,0.21526277978469796,4,3,0.7300726211037034,1,NON_COMPLIANT
0.6341130082606907,0.7896903918665343,0.8201327875983122,0.6012893984287766,2,0,0.8576257647803897,13,PARTIALLY_COMPLIANT
0.29911112319411737,0.5660437000935077,0.5475728684122839,0.3741355127685425,6,3,0.8615554958702616,3,NON_COMPLIANT
0.8958286465987035,0.9698490758537142,0.9170803810757253,0.9001485833401544,0,0,0.7808821056760548,13,COMPLIANT
0.24337598262249507,0.6394022422822192,0.5865766465726264,0.17249131567350806,8,2,1.0568094421117507,5,NON_COMPLIANT
0.8513497985924884,0.9628905437011669,0.9110233971097698,0.8650160291868905,1,0,1.0240510636305356,15,COMPLIANT
0.9298540352291972,0.9651682141107085,0.9089258614722103,0.7949128044888355,1,0,0.7761451235338276,15,COMPLIANT
0.8617940066484637,0.9665457382890097,0.8872431219446268,0.9970034905163554,0,0,0.9666541812293703,13,COMPLIANT
0.949667598563989,0.9854399632453077,0.8766819693190943,0.9721333221311212,1,0,1.1692238202052039,3,COMPLIANT
0.8282328264886369,0.9416681666763232,0.7544824552284826,0.7475005713146203,2,1,0.7988912952173917,10,PARTIALLY_COMPLIANT
0.8622023170962849,0.9542418857042596,0.9979959367751763,0.84356769893903,0,0,1.1401799843192084,19,COMPLIANT
0.8414971645570049,0.8536025023292915,0.8196359668209106,0.48118895825522506,4,0,1.0613386542073608,12,PARTIALLY_COMPLIANT
0.49472665044416486,0.2873769450927473,0.4686232441819388,0.37596518902261533,5,2,1.0658897560424325,9,NON_COMPLIANT
0.9538938928339247,0.9919057644824055,0.9916921329211035,0.9208120070724115,1,0,0.8220736452111871,10,COMPLIANT
0.6295169386137757,0.7010253626075418,0.6200272905428469,0.739100767413726,2,0,0.8195059549366003,14,PARTIALLY_COMPLIANT
0.7825797015437939,0.8961831032160114,0.8436750535225618,0.5311314548294218,3,1,1.1524053056089087,10,PARTIALLY_COMPLIANT
0.533556963711737,0.5338818958781297,0.24573351204866853,0.47006192735621743,5,3,0.5570175440185388,3,NON_COMPLIANT
0.5187245715457562,0.6498382581708122,0.371907753421333,0.3700649716390668,3,1,0.8554285305079493,4,NON_COMPLIANT
0.9970048862928216,0.9746309046996434,0.8993127415431262,0.9083502135791814,1,0,0.8707816052282724,17,COMPLIANT
0.8211525679132696,0.9366977930704051,0.5351541462516881,0.45445661353475275,4,1,0.9247102020837803,7,NON_COMPLIANT
0.8123063757768529,0.8348370512102199,0.8030448010623537,0.44625018235945124,2,0,1.0795033778088814,7,PARTIALLY_COMPLIANT
0.20890942855317077,0.5780784331603692,0.32527702404946346,0.30963598702178297,9,3,1.2317196171082654,5,NON_COMPLIANT
0.7101490966858901,0.7670705488848719,0.7947084763227328,0.5097512962224108,1,1,1.0836901708041773,7,PARTIALLY_COMPLIANT
0.28664815490961476,0.6240036053194828,0.18340625346287162,0.4196955027748486,7,3,0.9043762007162456,4,NON_COMPLIANT
0.8539619026316148,0.7958657086369231,0.6096946776987845,0.5332055182142185,2,1,0.825861080585554,8,PARTIALLY_COMPLIANT
0.5767533510629297,0.7296421109891196,0.14290726629312098,0.10335459273617494,3,3,0.7642409618750001,5,NON_COMPLIANT
0.8982504984489322,0.9924021044800742,0.9593292163404921,0.7738498193283027,0,0,0.8229037196530764,5,COMPLIANT
0.46949511731976484,0.40787949612061863,0.5577902748164946,0.44843250234724985,5,3,0.7317249563146482,7,PARTIALLY_COMPLIANT
0.2663680388621188,0.3031652368003162,0.48380956141329834,0.18910635056677996,5,1,1.1361120572029382,2,NON_COMPLIANT
0.36841852174178524,0.6862629119149267,0.433830261563678,0.1821625322399235,5,1,1.2878781017032535,6,NON_COMPLIANT
0.2412848228959898,0.376818781034605,0.41410503858312386,0.457791222234728,6,3,0.7526742119575769,4,NON_COMPLIANT
0.8647475773877166,0.8816396968060655,0.7488579511607855,0.5336897304458156,1,0,0.7538333785848638,14,PARTIALLY_COMPLIANT
0.6208025345746209,0.42650045127054437,0.4948538369844234,0.361671743613624,6,1,1.0355149016771539,4,NON_COMPLIANT
0.20204197103494353,0.6948344538669555,0.1742830599179563,0.28022190452310836,4,1,0.5472362736897138,0,NON_COMPLIANT
0.8872194975296603,0.9275679428134874,0.7206823997868607,0.6029376205850261,4,0,1.326551676557202,6,PARTIALLY_COMPLIANT
0.6801303492010509,0.854505569670378,0.7014043242857328,0.5379846957422207,3,1,1.2444587622518026,13,PARTIALLY_COMPLIANT
0.26663952711807215,0.549656646641603,0.5450713217399439,0.46478743194529026,6,1,0.6761411338741766,1,NON_COMPLIANT
0.6909563294534382,0.7858576470048733,0.640315952902694,0.6663887059698403,1,1,1.1515791195254113,9,NON_COMPLIANT
0.862550476838774,0.8797945060129948,0.7047474567620376,0.6412415724130842,3,1,0.7956930192418128,5,NON_COMPLIANT
0.9058250535756269,0.9716038441472098,0.9159107484541678,0.9032348956236314,1,0,0.8368956537570532,14,COMPLIANT
0.9806972870870281,0.9892541828619879,0.8910547686517556,0.977954657171523,1,0,1.1725120322902844,19,COMPLIANT
0.9079523364772473,0.972506221620988,0.8840447041548046,0.9723477290322111,0,0,0.959204010972602,7,PARTIALLY_COMPLIANT
0.8776514453094856,0.9120069756643203,0.8221050947004618,0.5571988909607869,2,0,1.1910378318795318,5,PARTIALLY_COMPLIANT
0.93183731826881,0.955279577298832,0.8567941965419617,0.9140964648461918,0,0,0.8802372525707769,6,COMPLIANT
0.7156710583246664,0.8860554182023268,0.7677740010319629,0.4554945889020817,3,0,0.8589302248286401,6,PARTIALLY_COMPLIANT
0.8517876974467363,0.9569846186301469,0.9573603889616193,0.993198425414111,1,0,0.9296518441065369,4,COMPLIANT
0.3877112642646706,0.5657419994187742,0.20491301797435849,0.24278062780563456,9,1,1.1437619499528218,4,NON_COMPLIANT
0.802787002329491,0.8805052858400072,0.7332645686187967,0.4471521557817323,3,1,0.7028618086375027,10,PARTIALLY_COMPLIANT
0.7768412730572921,0.9270721558718322,0.6458381331510032,0.5100435092308284,3,0,1.162868047199017,10,PARTIALLY_COMPLIANT
0.5156174508961979,0.35140286018118094,0.21643348117417058,0.2213433144089014,3,1,1.0180185704728308,4,NON_COMPLIANT
0.8807471814290224,0.9862813600137208,0.9429601857149634,0.9740187779486433,0,0,1.0906609278736525,15,COMPLIANT
0.5227722601343012,0.4028126179780912,0.20770535263107012,0.31505227064141805,6,4,0.8235473582966508,6,NON_COMPLIANT
0.9217967305825787,0.9522330608189449,0.896433895226961,0.8230757616387094,0,0,0.8973876583858413,17,COMPLIANT
0.9197582872450967,0.9937085341078513,0.8805154712704136,0.7818466040000849,1,0,1.095779101295685,16,COMPLIANT
0.4994220043697157,0.6172714691929584,0.13142036831022905,0.4070225665934052,7,4,1.0892096105220435,9,NON_COMPLIANT
0.43490314640652455,0.5991392994367291,0.23071768817675128,0.473909060319162,5,4,0.7857196072342049,1,NON_COMPLIANT
0.9168458201233243,0.9947822076531917,0.8689229644431725,0.7808209818631032,1,0,0.7117164776836941,18,COMPLIANT
0.6742212441276476,0.9385345198459523,0.797755739605113,0.5031164048897162,4,0,0.7387695984918503,13,PARTIALLY_COMPLIANT
0.9624085679201738,0.97859561019253,0.9979370007927102,0.8536839567418677,0,0,0.9144721667150721,5,COMPLIANT
0.9726775995122249,0.9673133020767374,0.9711608939801072,0.8390976248249761,1,0,0.9380283510755308,16,COMPLIANT
0.9682412812256245,0.9629517572051673,0.956301507994826,0.8037136516062495,1,0,0.9931040830952544,8,PARTIALLY_COMPLIANT
0.8955435907215761,0.9655844914257521,0.8504711359072183,0.7935608504113449,0,0,0.7411361621385308,12,COMPLIANT
0.8774256669803225,0.9912855475780333,0.8928561351491335,0.9817809454661124,1,0,0.9793829723121987,8,COMPLIANT
0.8526645634613472,0.8113646720927334,0.7499249116498172,0.7036450506059384,2,1,1.2070353141634502,2,PARTIALLY_COMPLIANT
0.8512088655013179,0.9971587411480642,0.8855716698966567,0.7769035461899647,0,0,1.1575303662586112,12,COMPLIANT
0.937243343948379,0.9718307094884383,0.9370133252004181,0.8791745963065669,1,0,1.119829827854395,15,COMPLIANT
0.774549603447785,0.9045530003426158,0.5019782366944147,0.7471989531551979,3,0,0.9596692792894227,11,PARTIALLY_COMPLIANT
0.8984695985605418,0.9986548874035173,0.9370168344543202,0.8135561449743733,0,0,0.94442329012846,14,COMPLIANT
0.655948699193495,0.8215112686208073,0.6477082480893905,0.4371095164843826,2,0,0.8587738677843972,6,PARTIALLY_COMPLIANT
0.9271842685522448,0.9854482133561888,0.9859151393020639,0.7844335247219522,0,0,0.8407386512254597,11,COMPLIANT
0.8961728725039179,0.962058260715388,0.8850351041602916,0.7670466549413657,0,0,0.9140775865150599,5,NON_COMPLIANT
0.47149285110024797,0.5821541380007533,0.28745491900449893,0.27217520260459227,6,1,1.448052542920872,2,NON_COMPLIANT
0.7718485153092398,0.806811799057926,0.8147782851223244,0.5817421950707455,1,0,1.1988813276417276,8,PARTIALLY_COMPLIANT
0.2160205694569168,0.6289930710767693,0.5599610334153016,0.484488157320775,8,1,1.356825470839517,4,NON_COMPLIANT
0.8349738144340038,0.892061944411579,0.7810472062535034,0.707763198704402,2,0,0.6858831797168796,4,PARTIALLY_COMPLIANT
0.780934662100821,0.8803012812404859,0.552730908372684,0.7091079872914662,1,0,1.1830577440741963,7,PARTIALLY_COMPLIANT
0.2324097291645975,0.42464484484641096,0.4240143969700827,0.13140709048472915,3,2,1.4405783539402632,2,NON_COMPLIANT
0.749977389384205,0.7634322998642793,0.7804802874564107,0.4245830570543184,4,1,0.9842135405325019,9,PARTIALLY_COMPLIANT
0.29444379906697576,0.3281527213876777,0.5054842992350198,0.3007280463441202,4,4,0.9527554512749156,4,NON_COMPLIANT
0.45375824936270054,0.40557309014698606,0.16893910961597378,0.4834310726579456,4,4,1.0662122444973932,3,NON_COMPLIANT
0.36194510555022547,0.35081418278313464,0.3555521532571423,0.4916934375320784,8,4,0.8727267048340943,1,NON_COMPLIANT
0.6184692195417405,0.4180233845491109,0.5608071116402223,0.13029313498379025,3,3,0.8616778850325263,7,NON_COMPLIANT
0.6119907990374306,0.8320861733591385,0.7812486604901085,0.47540864693447515,4,1,1.1438744530659615,5,PARTIALLY_COMPLIANT
0.8779867748880462,0.9634679850331769,0.9700995912287966,0.8634671549989841,1,0,0.857608368688643,14,COMPLIANT
0.8914358412434715,0.9896195387679406,0.883785985350287,0.920365028856318,0,0,0.8634710501273475,3,COMPLIANT
0.6612248930054024,0.7775004631955763,0.7617622889091291,0.5948852912892876,1,0,0.6165990989923031,8,PARTIALLY_COMPLIANT
0.5908110382500803,0.7919467713701409,0.5089065001532637,0.6249611161263477,1,1,0.9681652945252922,5,PARTIALLY_COMPLIANT
0.8587686980855316,0.9649964698736533,0.9211462997302645,0.7920050130481696,1,0,0.7591191962360702,5,COMPLIANT
0.5587960085301127,0.5701402690005065,0.31810438211131153,0.2025014456777342,5,1,0.8375055784474725,9,NON_COMPLIANT
0.896538424307221,0.8944478951049226,0.6035779386850394,0.4856831364942467,2,0,0.8613673719843061,12,PARTIALLY_COMPLIANT
0.44323573652248205,0.6219442315944949,0.37683652083980546,0.2343075596847163,7,2,1.2152956618574642,3,NON_COMPLIANT
0.96763092615479,0.9731195588456271,0.9797443907672803,0.8123645510733081,0,0,0.9012031296496559,14,COMPLIANT
0.7736072147491703,0.7476790025574487,0.8195012490802825,0.5631400837288165,2,1,0.6265067697545686,9,PARTIALLY_COMPLIANT
0.40621946707856377,0.5967070517288042,0.31667560346531964,0.4172862144052757,6,2,0.910529113946716,4,NON_COMPLIANT
0.6346747048417328,0.9190730871309843,0.5066651932460021,0.6563591201968054,3,0,1.3937935318888974,5,PARTIALLY_COMPLIANT
0.9061810178271044,0.9975357153204958,0.9597990912717107,0.8996646210492591,0,0,0.9229163764267956,13,COMPLIANT
0.45691496831016787,0.6641186320110857,0.5603442205848478,0.29432934686052026,9,2,0.502980130782331,7,NON_COMPLIANT
0.643595422621166,0.6400101647966295,0.5344045358157248,0.37771771125717846,7,2,0.5310284424180323,4,NON_COMPLIANT
0.48486931556407536,0.5300090794483896,0.469805443700384,0.12271229570252276,9,3,0.7726552631534284,9,NON_COMPLIANT
0.8642273789879734,0.977206300098155,0.9610764281827477,0.9392317112817534,1,0,0.7846015258386259,15,COMPLIANT
0.6147124103272369,0.7493286083198685,0.22532055908754164,0.47422726830644013,8,3,0.9135284989835933,9,NON_COMPLIANT
0.9707450250822528,0.9983664055676735,0.8902898399371896,0.8737064879001366,0,0,1.0481812162665152,3,COMPLIANT
0.8986500629673063,0.9666500956529098,0.9504230432797285,0.9985348403052918,1,0,0.881472135922996,5,COMPLIANT
0.7638312839959287,0.9050732401522943,0.6414384467100349,0.47752536779884847,1,1,0.973829886545696,1,PARTIALLY_COMPLIANT
0.7903874255973036,0.841956522849896,0.6222987894428258,0.6468161426210741,2,0,1.0081814617593559,6,PARTIALLY_COMPLIANT
0.4811785598052685,0.21588194809615502,0.3184857168169708,0.3395399745224468,5,4,0.818695837860867,2,NON_COMPLIANT
0.3770618348735263,0.589423285353037,0.13496768219525743,0.4715089702335524,8,4,1.0240045757842866,9,NON_COMPLIANT
0.2991287754860297,0.6141395906869083,0.2517304923166006,0.2107443726186259,5,4,1.1257804328862278,7,NON_COMPLIANT
0.680285853315125,0.8801661136269655,0.6941823653958819,0.5480067639633726,2,0,1.371511405325808,8,PARTIALLY_COMPLIANT
0.5353525463739828,0.734231335116776,0.5391293457195733,0.14734689583023264,4,4,0.7558230250480419,8,NON_COMPLIANT
0.9312061631361157,0.9543016078516471,0.8585540371005429,0.776370856865259,1,0,0.9370821481359932,16,COMPLIANT
0.8763560844897551,0.7366992243442623,0.7423176577184032,0.7189995265986016,3,0,0.6178774307414858,2,PARTIALLY_COMPLIANT
0.8598546889449173,0.8204553338535493,0.7441154911915301,0.4182852822935874,3,0,1.2315507190523638,7,PARTIALLY_COMPLIANT
0.6334007217568238,0.9187805143378625,0.8037875563387553,0.6208396557045204,2,1,1.2323259807063902,13,PARTIALLY_COMPLIANT
0.6414475613974003,0.6434623390491204,0.11836467977231444,0.1705320768636626,8,2,0.5868655482719607,4,NON_COMPLIANT
0.9487677751987638,0.992529086454712,0.9800941301439703,0.9270907441787587,0,0,0.8193450156505087,12,COMPLIANT
0.9324424065578387,0.991526722820242,0.8603069248777402,0.856074221471222,0,0,0.7410858337382136,19,COMPLIANT
0.9182426165262999,0.9735392498506353,0.9559963782623401,0.9851599997965285,0,0,1.0228796461306529,5,COMPLIANT
0.5973390807139143,0.7241952717223108,0.11948506789966082,0.12364444403391489,3,1,1.2767684085096447,2,NON_COMPLIANT
0.7244546441522481,0.8235785620125149,0.7059553396741831,0.526987010664966,1,0,1.2860372719494757,12,PARTIALLY_COMPLIANT
0.6937048545691287,0.7964803576132975,0.7453251393773012,0.40345915072141153,4,0,1.3034611992126588,3,PARTIALLY_COMPLIANT
0.7714486084881675,0.7881319628159628,0.5268838596739722,0.6635701634702182,3,0,0.6278927250536205,2,PARTIALLY_COMPLIANT
0.5154873271136271,0.4647739673052635,0.22758772180330403,0.2305237927293452,6,1,0.7925835473386801,6,NON_COMPLIANT
0.8815160789368528,0.9871135696126143,0.8537798642231604,0.8387079638857906,1,0,0.7216576366271559,8,NON_COMPLIANT
0.5149072739561675,0.5596847791409215,0.45320432013775025,0.3826798356115052,7,1,0.8464988895203196,6,NON_COMPLIANT
0.8562485227574024,0.9698823789796018,0.9643463548032908,0.8637297223768967,1,0,1.0864607409380576,10,COMPLIANT
0.5102352687937308,0.5290391117843787,0.12648939665129846,0.13135537078810341,4,2,0.8708340845939895,7,NON_COMPLIANT
0.9260852213032589,0.9520786429525195,0.8722514801443133,0.9966575307397118,1,0,1.042983867991492,4,COMPLIANT
0.8411692609418273,0.8892580136152582,0.681415775453441,0.626644172178698,3,0,0.6497949809270247,3,PARTIALLY_COMPLIANT
0.6802654139738344,0.8681933286822768,0.8235995768903568,0.6857624207871436,4,0,0.8805194263632149,10,PARTIALLY_COMPLIANT
0.22197482013337788,0.37578980242161586,0.2975168161383763,0.1992241078051858,6,1,0.8188218961060588,8,NON_COMPLIANT
0.31980254015448517,0.38478165422584154,0.2646210167623153,0.2921155279162161,9,3,0.902122591549645,3,NON_COMPLIANT
0.9822963332710911,0.9979542121141202,0.8788519544730873,0.9293431935157433,0,0,0.9033868742860025,17,COMPLIANT
0.3482171703399992,0.5184439037992796,0.4011812715036931,0.33510711406509597,4,4,1.100225410860496,6,NON_COMPLIANT
0.8746849087644002,0.9703166115481884,0.9889878074827572,0.9276054537531029,1,0,0.7626150128143734,5,COMPLIANT
0.3969623172011203,0.5399927023164602,0.14378640863311506,0.29812066147584404,3,3,1.3966009580549783,5,NON_COMPLIANT
0.9064622443781041,0.9785380740479537,0.9218057286948284,0.9655190356441492,1,0,0.7001135191091277,6,COMPLIANT
0.5923914151441769,0.5531902916313036,0.3531923888913452,0.4829038224676133,4,3,1.141697456342201,1,NON_COMPLIANT
0.5375474738075657,0.4940884976038397,0.26611935093896777,0.27489145266446,6,2,0.8849137719139506,3,NON_COMPLIANT
0.20971546001420394,0.4109333019806678,0.1343853009855739,0.4168423117659833,8,4,1.4019880942931562,6,NON_COMPLIANT
0.6093133481109538,0.8183037574795262,0.8399536795999909,0.5303282043800109,1,0,1.081642938341636,4,PARTIALLY_COMPLIANT
0.9584692410823832,0.9600280125536491,0.8805367566319541,0.7525226516722562,1,0,0.8152083310586749,17,COMPLIANT
0.8092729535062354,0.8960467948080199,0.7671498165711057,0.6529141036920574,1,1,1.1966913906922665,13,PARTIALLY_COMPLIANT
0.8727376439304819,0.951546882236567,0.9956113230515873,0.943384722883641,0,0,0.7770725215892436,19,COMPLIANT
0.4469359994585379,0.28727270485667566,0.2413822176085397,0.22279265979730406,5,1,0.8322091739787588,3,NON_COMPLIANT
0.6252750150127684,0.8640569976022017,0.6347644332441441,0.6927656170830899,3,0,1.1626442454907024,4,PARTIALLY_COMPLIANT
0.5374263005229821,0.7082855726344188,0.4416145255590812,0.17387751069693047,6,1,0.9868485751034733,7,NON_COMPLIANT
0.994020340660817,0.9760729819360736,0.9965961861987256,0.9393275517836097,0,0,1.127110953170434,6,COMPLIANT
0.9175096255623637,0.9602359726974999,0.9349777248381745,0.9123857396509152,1,0,0.7264129469543013,19,COMPLIANT
0.8966826242595091,0.9838560319867504,0.9408668874179036,0.8411484320493849,1,0,0.9901107593925147,8,NON_COMPLIANT
0.4610290042929752,0.2506304266036043,0.3595535918508178,0.11998478586873595,9,4,0.9459611159761832,4,NON_COMPLIANT
0.822265523070463,0.8384930136465317,0.7266047426356711,0.5143870462700733,4,0,0.9369837869483968,9,PARTIALLY_COMPLIANT
0.8212004407636846,0.7324265644975066,0.6588138160876237,0.5774255406270181,3,0,0.7429302442712823,1,PARTIALLY_COMPLIANT
0.9277116247060517,0.9606997339349156,0.8924926605238865,0.8500782090432485,0,0,1.0024197146812905,6,COMPLIANT
0.6401302889808003,0.6763634580239098,0.1298692028656305,0.39030760626894423,4,2,1.2162943304868383,6,NON_COMPLIANT
0.9744584299482436,0.9988397186413793,0.9107087595744487,0.7719124590486633,1,0,1.1977844502453439,16,COMPLIANT
0.7363085921829687,0.7189679103060118,0.7443754087230654,0.6183202667277985,3,0,1.1138471646328145,2,PARTIALLY_COMPLIANT
0.9687114625760463,0.9957894119727063,0.9039691140317949,0.8267430705522545,0,0,1.1704400847796022,3,COMPLIANT
0.5552324898864837,0.9225047252871912,0.5857337279280846,0.6553948696063523,4,1,1.2298002421354903,14,PARTIALLY_COMPLIANT
0.6427931415060089,0.8237639864136461,0.7962870725931919,0.5768079990329564,1,0,1.212483854606234,2,PARTIALLY_COMPLIANT
0.5564600289389805,0.9079720159391823,0.5611448705783234,0.5804241165919467,4,0,1.0849548299393121,10,PARTIALLY_COMPLIANT
0.8524335734352135,0.8759383770403772,0.5080185209619058,0.503036460078733,2,1,1.342091388118445,9,PARTIALLY_COMPLIANT
0.6984859961223031,0.8062488101049657,0.5492724190042813,0.5796335002337607,3,0,0.8631358225685795,7,PARTIALLY_COMPLIANT
0.8793619044322247,0.9913371214287928,0.974615108289214,0.823103770971062,0,0,0.730608329071786,16,COMPLIANT
0.8907325682766228,0.9658107561281665,0.9767456280460152,0.869080588051726,0,0,1.0802000336437412,5,COMPLIANT
0.4767920146434807,0.4461505647778231,0.17932758498154697,0.31274284374286576,3,3,0.5962441241575716,6,NON_COMPLIANT
0.9504403924200943,0.9534965802854717,0.9460252335742249,0.8177868591250462,1,0,1.025438684523597,14,COMPLIANT
0.5058530098416476,0.20914874609537232,0.5417427882039912,0.3351737880583534,9,4,0.7397674201916326,6,NON_COMPLIANT
0.9988203459217875,0.9928765303875962,0.8646050340686832,0.926592999202499,1,0,1.129380714919352,17,COMPLIANT
0.982842964636266,0.9610950230392186,0.9571961912363086,0.9703908637351892,1,0,1.0617218311774559,3,COMPLIANT
0.7486037379425655,0.7712420693943278,0.6322958406734865,0.6854676198641354,4,1,1.0626030762693748,3,PARTIALLY_COMPLIANT
0.891588762452378,0.999834163896734,0.9626185346769681,0.9111799943454544,1,0,1.047413789664063,9,COMPLIANT
0.33633113653803637,0.3215047719467399,0.4350995831574712,0.46589296962198135,8,2,0.7724482191774154,4,NON_COMPLIANT
0.30385276513115383,0.564720806034303,0.49865707204331255,0.2277486665753047,5,2,0.6469379959460126,0,NON_COMPLIANT
0.8689323954066926,0.9332839671015546,0.6741513004539474,0.4022732555997398,2,1,1.3222208382116358,7,PARTIALLY_COMPLIANT
0.9012857917158236,0.9763838733110848,0.8817453847854791,0.9989077773747208,1,0,0.9470738353189413,19,COMPLIANT
0.8850535673238045,0.9819600914694979,0.8853523801863827,0.9284150707780384,1,0,1.101124589617557,9,PARTIALLY_COMPLIANT
0.8504066349121494,0.955834803207084,0.9209749301577839,0.9015254702639597,0,0,0.8744341332714975,19,COMPLIANT
0.6248866057942785,0.9430105235441558,0.5499746975488476,0.4353938158635804,3,1,1.1720015751181507,2,PARTIALLY_COMPLIANT
0.9231062211881867,0.9812545776343264,0.9919280340986891,0.8949428604406199,1,0,0.7866980331030596,9,COMPLIANT
0.7430982494521757,0.8540632067092753,0.8176737526583404,0.650376224017431,3,0,0.7446485080301082,5,PARTIALLY_COMPLIANT
0.34389978007200483,0.38809219290839175,0.5497926082310479,0.39672516370660604,9,2,1.0990715103352406,2,NON_COMPLIANT
0.4268276672077968,0.46155406310130936,0.44577918341277156,0.17849281848761767,6,2,1.145306530272449,0,NON_COMPLIANT
0.5944686375833015,0.8256329210642688,0.6964464301996742,0.5182145165227549,1,1,1.3301283167204445,4,PARTIALLY_COMPLIANT
0.47366432407241754,0.5531314307055737,0.43263146216123005,0.2487522018354365,5,2,1.0336245877266177,1,NON_COMPLIANT
0.5512640206864992,0.44627120923023783,0.1975308608513983,0.2304854094989326,3,2,1.4380186018514283,6,NON_COMPLIANT
0.9778821131868956,0.9968982615716947,0.8627655229179678,0.8463993981283333,1,0,0.9081090294226746,4,COMPLIANT
0.6478580296831312,0.8426859354333299,0.7702533766826126,0.7248030596210939,1,0,0.7344724682823802,3,PARTIALLY_COMPLIANT
0.8978691958811238,0.8718862263820827,0.5120270602259014,0.6894534585764233,2,0,0.909331645441603,5,COMPLIANT
0.6059602408011522,0.38643396045535794,0.27740070964068675,0.33185141103325766,9,2,0.5631492019068635,7,NON_COMPLIANT
0.9647214701354493,0.9587419313630205,0.9253849114695163,0.8496657569430783,0,0,1.0331534429175198,4,COMPLIANT
0.813980963172342,0.8178850316470413,0.5524433469657888,0.4923862989461549,4,0,0.6236335748891946,2,NON_COMPLIANT
0.8913529180005162,0.8761013860406437,0.7492671048886214,0.433139881154773,4,1,1.0631492475256026,14,PARTIALLY_COMPLIANT
0.5723731074671786,0.8786718623587385,0.6845546965950778,0.7153037630405528,3,1,0.6732280939862445,6,PARTIALLY_COMPLIANT
0.8763400209562776,0.9532267941922338,0.9366492155079496,0.8394533199256524,0,0,1.1291866898805312,7,COMPLIANT
0.8819552979764896,0.9803889219303443,0.8625686458822392,0.9107652483850074,1,0,0.7364492259358275,9,COMPLIANT
0.8970559768078098,0.9623936679364211,0.954657446132994,0.8410281937526248,1,0,1.1869002066785748,4,COMPLIANT
0.6322171913959336,0.8691916353099101,0.6507357500188593,0.44013843483253456,1,0,1.323983867029091,7,PARTIALLY_COMPLIANT
0.9973978617240353,0.9818523776751814,0.8742456540676887,0.9764623474998264,0,0,1.1574289029603797,19,COMPLIANT
0.9298367483239449,0.9562870755903324,0.8699071980728916,0.7858855905098482,1,0,0.8009267260614741,10,COMPLIANT
0.5978012983129537,0.38589477504277325,0.3880858932702884,0.33788779836285,3,4,0.6565257094230983,8,PARTIALLY_COMPLIANT
0.9141243475535139,0.9603108702542069,0.9699578145947292,0.8334016972572608,1,0,0.8842244599582894,7,COMPLIANT
0.7653296246379848,0.806353790110124,0.5444572694252008,0.5037286623942877,2,1,0.7612216023345939,14,PARTIALLY_COMPLIANT
0.6095374087042267,0.8237279011941651,0.6649788544955217,0.7346907193095835,4,0,1.1819485899323854,12,PARTIALLY_COMPLIANT
0.6083778571694285,0.687203360075643,0.49416369781058866,0.29007566401685747,4,2,1.00702678744464,3,NON_COMPLIANT
0.37294814979366564,0.27492280079128073,0.27838329078109647,0.4555891537120378,3,3,0.777581074301662,0,NON_COMPLIANT
0.9733720845451541,0.9566262336370924,0.9793021723408933,0.9806892976283486,1,0,0.7695990123087648,18,COMPLIANT
0.4449223524353716,0.39666013328478267,0.44512767970606026,0.2885825363523191,5,4,0.7651384037080429,4,NON_COMPLIANT
0.9183968913639905,0.9721727918190952,0.940317547803217,0.897851689855622,0,0,1.1780235718059666,18,COMPLIANT
0.9146815727296493,0.9784648967067398,0.8503114776400121,0.815177193533213,1,0,0.9896567013942303,9,COMPLIANT
0.630519028711414,0.719142160455029,0.8219654782529224,0.5856437407913913,3,1,0.8811638154285741,12,PARTIALLY_COMPLIANT
0.5096400153719123,0.5468434056259328,0.1860864844144843,0.164858001427298,8,2,1.1594385611161038,3,NON_COMPLIANT
0.2854275997136944,0.4104649351763061,0.5784344080986276,0.21526996511120267,9,3,0.8848299748955526,8,NON_COMPLIANT
0.4693308857600489,0.5191032698174929,0.4182176722867402,0.24072716616805645,5,1,1.1274341503743956,9,NON_COMPLIANT
0.3901400096982396,0.3563242178506484,0.5520539527288179,0.1739059953685428,9,1,1.4246447125824142,1,NON_COMPLIANT
0.63657298013621,0.882911475979972,0.6538068781525221,0.5042465719260076,2,0,1.2773775923173867,8,PARTIALLY_COMPLIANT
0.9292266582134525,0.9563436414031546,0.9388740218764607,0.8706232651319157,0,0,0.9029060461001357,17,COMPLIANT
0.9268922807808708,0.9706515587323848,0.8603699179279929,0.8592913472042066,1,0,1.1353749506362556,17,COMPLIANT
0.3729881930283958,0.2512101043302534,0.2514474714308935,0.2992041575337734,7,2,0.9665617051432619,9,NON_COMPLIANT
0.7242783186884623,0.7997091537099389,0.7626361244817456,0.42561128456880076,3,0,1.078769406598453,8,PARTIALLY_COMPLIANT
0.5768353336889015,0.788883841307602,0.8149211920957642,0.44135444248055905,4,0,1.3269542130423246,11,PARTIALLY_COMPLIANT
0.9747586946957635,0.973159971815446,0.9230242317911855,0.9837232616386271,1,0,0.9714702222446638,18,COMPLIANT
0.8727324287503161,0.8877870919556456,0.7064228602723275,0.6692153764985749,2,0,0.7538984738099752,3,PARTIALLY_COMPLIANT
0.6120278341572645,0.7730868560537878,0.6929681399446767,0.5117238625605454,4,0,1.0693832627317508,4,PARTIALLY_COMPLIANT
0.42969223825724867,0.4096549416281358,0.402363059816487,0.38024488945532664,8,1,1.4202454457228058,6,NON_COMPLIANT
0.8763576473782251,0.8576521179126523,0.8269543703275521,0.6650083188943818,1,0,0.90268433925015,4,PARTIALLY_COMPLIANT
0.8979478082938094,0.9719088358333178,0.9848890538387034,0.9905653616522891,0,0,0.877448841743277,15,COMPLIANT
0.7187880573058486,0.8430188510088578,0.7155666567833017,0.676383961973176,4,0,0.6080723240175052,10,PARTIALLY_COMPLIANT
0.5556441104658896,0.5872456697453463,0.19694795719168942,0.3041229056844903,7,3,0.9238735060906967,7,NON_COMPLIANT
0.8639485959734698,0.9794101133474196,0.9221459334829185,0.9105813814763069,1,0,0.7520686789601436,6,COMPLIANT
0.30667830549395625,0.6285706058547647,0.40299313513252866,0.18230820878174858,9,2,1.31680202298956,3,NON_COMPLIANT
0.9265842693114007,0.9910299378838293,0.9106852984606026,0.8710861065728772,0,0,0.7378498636548937,10,COMPLIANT
0.3636926997417811,0.6802664128313863,0.1853162285316888,0.18789876665124206,9,4,1.4269101886533835,7,NON_COMPLIANT
0.8888169972400025,0.9831261142176991,0.8967566614134116,0.8800170052944527,1,0,0.9838501639099957,14,COMPLIANT
0.7817744162650393,0.8009088815631261,0.6108768760731149,0.7268104693797348,2,1,1.3852875418656114,1,PARTIALLY_COMPLIANT
0.49446119018324997,0.6828728743212045,0.550633790279217,0.3225777277701022,8,1,0.5109984010704598,8,NON_COMPLIANT
0.730168580926405,0.7159689459654721,0.6247462493052256,0.6103768796522374,2,0,1.2512438978496072,1,PARTIALLY_COMPLIANT
0.6562787760081604,0.9246815284026324,0.7077309122398524,0.47261706467976483,3,0,0.6324005491855356,9,PARTIALLY_COMPLIANT
0.8242139930034105,0.9436842360254039,0.7045825304033676,0.5561130646836352,2,1,1.3445689778660348,11,PARTIALLY_COMPLIANT
0.28562379150516026,0.2839496852319644,0.27383833665725,0.264869800177437,6,4,0.801620737085333,1,NON_COMPLIANT
0.7580933968263318,0.8066563433690985,0.6171897480443728,0.5979717080031266,3,0,0.7744737027251727,10,PARTIALLY_COMPLIANT
0.39958408297583736,0.5287038406648609,0.11604725609646319,0.28780089290973365,4,4,0.516777714265545,7,NON_COMPLIANT
0.8693304801210168,0.9667559427129571,0.9615262384437412,0.790189974012077,1,0,0.9780908675198785,15,COMPLIANT
0.4894458513600919,0.4845409530496916,0.21018478442428248,0.40577018344454185,8,3,0.8226834538435058,7,NON_COMPLIANT
0.22986931388798384,0.30343142904354203,0.2793120527525971,0.10366999766116436,7,3,1.0601051496721345,4,NON_COMPLIANT
0.8757868836590657,0.9773662342169743,0.8746898910549362,0.7659699418577257,0,0,0.8716377445322241,10,COMPLIANT
0.7072018709562744,0.810030192746234,0.5318980686813976,0.6515113092415685,4,1,1.214373406247844,10,PARTIALLY_COMPLIANT
0.9468358272141142,0.9522792578974334,0.9918956334768398,0.9605413441625953,1,0,0.9257827933027876,14,COMPLIANT
0.4360794957287187,0.40543854529681056,0.5335075392360045,0.22409856987504423,8,1,0.94504210751024,5,NON_COMPLIANT
0.4927155793751769,0.5716981765288507,0.41251149946574606,0.3491275691432789,3,3,1.0437389561639288,9,NON_COMPLIANT
0.6178978846781891,0.7712131691526534,0.6768074064026601,0.5859657774356115,2,0,1.0921825622401626,12,PARTIALLY_COMPLIANT
0.9624424348012881,0.9515236076366796,0.9800822471612085,0.8385366676982814,0,0,0.8212352518173648,7,COMPLIANT
0.9063374428959916,0.9546990969920434,0.9367420211494261,0.7589855684491855,0,0,0.777520808363872,19,COMPLIANT
0.7450266657255153,0.7517102595358902,0.7182277334846777,0.5252008677298496,4,1,0.6193062229540428,14,PARTIALLY_COMPLIANT
0.8411384414350942,0.8648447321503662,0.6222061352980124,0.63461187189354,3,0,1.3462232997501875,5,PARTIALLY_COMPLIANT
0.9925316808798146,0.9531631335910337,0.9404520795046882,0.7642831798358325,0,0,1.11322682622749,18,COMPLIANT
0.8574408862524224,0.9628531346094604,0.9197554501331364,0.8067446348678803,0,0,0.743554644730717,16,COMPLIANT
0.4731645072183933,0.35183955180122484,0.3137399854929177,0.29381510008562267,8,1,1.273544184735814,9,NON_COMPLIANT
0.8277045569802464,0.7085830427857133,0.8438974702048996,0.70280226716998,3,1,1.3932061506228015,14,PARTIALLY_COMPLIANT
0.5364048053809205,0.48478349376431323,0.4288084746631572,0.3046652789431826,4,1,0.5660064331299325,9,NON_COMPLIANT
0.33617252940891673,0.7316836892368768,0.24092547925974492,0.3355511988561217,5,4,1.3810943963834457,2,NON_COMPLIANT
0.9752953743383856,0.9660390032485867,0.8779777765599781,0.760193785388691,1,0,0.8629794526009423,6,COMPLIANT
0.6865133971790068,0.9024384293589159,0.6426594168412634,0.4092590769181485,1,0,1.3115092453992414,9,PARTIALLY_COMPLIANT
0.7186556843807466,0.8407735694681231,0.7077906667679572,0.6238659936108246,1,1,1.1601506074352423,12,PARTIALLY_COMPLIANT
0.9976047271418695,0.989824219466479,0.9635137135370393,0.9201395404447754,1,0,0.8790698582645722,13,COMPLIANT
0.7155830883347811,0.9421534538364823,0.7701334216944984,0.7143802176069906,1,1,0.6313204354216624,7,PARTIALLY_COMPLIANT
0.6346350466630035,0.7089057164385246,0.5964585771697272,0.6427342495290959,2,1,0.815408253176782,11,PARTIALLY_COMPLIANT
0.9708513068564056,0.9834591826099571,0.9598662188695674,0.8580532968962559,0,0,0.7011737369337265,11,COMPLIANT
0.85550694152246,0.9737384503021825,0.90044850914055,0.9801339712756387,1,0,0.7248307457298594,8,COMPLIANT
0.37132439655596383,0.5671403830947326,0.5874038836250387,0.3425705963219763,9,3,0.5880052503057015,3,NON_COMPLIANT
0.22139741098335164,0.5979715272062605,0.4351763489008821,0.24773000756052618,4,2,1.4177609364772998,4,NON_COMPLIANT
0.5834822552465946,0.7094792360184083,0.6598857141722119,0.6890487020186378,1,1,1.3701895291178052,9,PARTIALLY_COMPLIANT
0.8175134000723463,0.8231685825777507,0.6186478895565506,0.45141811815802446,2,1,1.2730854170441588,6,PARTIALLY_COMPLIANT
0.7787610333873293,0.9095398003502716,0.683820770080779,0.4729144314010139,2,0,1.093832860842094,5,PARTIALLY_COMPLIANT
0.5103989551982313,0.20589754159191181,0.25255606983920464,0.2595286125630175,7,2,0.8903943730694043,7,NON_COMPLIANT
0.5585626459656268,0.7906542378963655,0.5447240341008451,0.44250491550493126,2,0,1.0474793534786233,2,PARTIALLY_COMPLIANT
0.816586699906187,0.7266493624573375,0.5409049851771406,0.6119686809261534,4,1,0.6416419186938457,12,PARTIALLY_COMPLIANT
0.9134415315612336,0.9897789188128793,0.871207533132451,0.782580108293084,0,0,1.0668214201822241,7,COMPLIANT
0.9583214853183859,0.9766693314382681,0.9804953739471527,0.7826630859558658,0,0,0.974661239701587,7,COMPLIANT
0.41685089872586806,0.48907724440560546,0.1694729679713742,0.46587636988329284,5,4,1.1834265904180037,7,NON_COMPLIANT
0.7974609092630096,0.7443704587477529,0.5882780969807165,0.6837556628306445,4,0,1.0099518149951072,7,PARTIALLY_COMPLIANT
0.6325059808332728,0.3053772223264327,0.5716898594973755,0.26057526479954596,4,1,0.622739319544309,0,NON_COMPLIANT
0.9678010976670915,0.9834494127357114,0.9371029932154682,0.8430706916404358,0,0,1.031750884554028,16,COMPLIANT
0.6145872677578255,0.7683008765125581,0.643145276306842,0.6447349573359158,2,1,0.6140739903951319,2,PARTIALLY_COMPLIANT
0.7099130942438499,0.8027249762479516,0.694253180266198,0.48520890419011803,3,0,1.1117295872372326,1,PARTIALLY_COMPLIANT
0.528551047055765,0.5430021483740435,0.4635262797763816,0.41670430092015365,5,2,1.0201661840242924,6,NON_COMPLIANT
0.8956903533661286,0.9632257901994419,0.891983897836964,0.8194297718377109,0,0,0.9098136914034052,13,COMPLIANT
0.9662866077752423,0.9617212800005757,0.901762561826985,0.7575259680528297,0,0,0.8468879530871953,10,COMPLIANT
0.9397536226446638,0.9648618903854308,0.8949878667260477,0.9357982996829008,1,0,0.7322456356245837,10,COMPLIANT
0.5812374130728044,0.7196709142354745,0.6491530419577534,0.7310455431719503,4,0,0.9321156030946302,13,PARTIALLY_COMPLIANT
0.8088552713873871,0.7619047217997263,0.7917388710403208,0.5417857444664922,2,1,0.8996289219608329,13,PARTIALLY_COMPLIANT
0.5080682225523472,0.6644804550470071,0.40027311950051814,0.15374784555680945,3,4,1.4712949119729375,9,NON_COMPLIANT
0.7834133448046199,0.8675800164576953,0.8153959337501602,0.4055809902586588,3,0,1.348953232892168,12,PARTIALLY_COMPLIANT
0.8747096344121592,0.9714915628756501,0.8930886542315601,0.9341986421775492,0,0,0.8563566475707289,12,COMPLIANT
0.40355518384984024,0.6679396580757877,0.4891811318972672,0.4404984494023504,5,1,1.093461222451836,8,NON_COMPLIANT
0.9073355980021737,0.9640895823754633,0.9582974720427467,0.965468787253952,1,0,0.7467600617989547,19,COMPLIANT
0.8428487522042116,0.743636470875874,0.5247851454850175,0.540076683438584,2,1,1.2452501057043226,12,PARTIALLY_COMPLIANT
0.264404231507177,0.591386821566274,0.43170217262130495,0.485146227912579,3,3,0.7677959731647593,2,NON_COMPLIANT
0.7844618037504424,0.8832331555043806,0.5819590401688248,0.5299434234402749,2,1,1.0568740871890032,4,PARTIALLY_COMPLIANT
0.9696130830912496,0.9860055666757472,0.8629203657323554,0.8659524561685941,0,0,0.8435823825652786,10,NON_COMPLIANT
0.8520547825613372,0.9540111123227857,0.8968294552326406,0.7539357282489192,0,0,1.0821766932182135,19,COMPLIANT
0.8658751140742876,0.9849495369019794,0.8783832309677508,0.9704092831925876,0,0,1.135921763872616,12,COMPLIANT
0.9936684701482306,0.9971362159547056,0.9677784314722613,0.9978319753910552,1,0,1.0222955873711719,11,COMPLIANT
0.5912505600495312,0.7180161217486463,0.34397712429054217,0.1460866245000208,7,2,0.6094433271032688,4,NON_COMPLIANT
0.4063029774271234,0.47695166013694185,0.266127159094692,0.11265098027385996,6,4,1.155091310847386,4,NON_COMPLIANT
0.6343611082662639,0.8243800026133614,0.8305961295935017,0.5554604046687337,2,0,0.956346940228824,9,PARTIALLY_COMPLIANT
0.9920742194350372,0.9942427558848002,0.9608600463909058,0.8193661699312385,0,0,0.8698851211494218,15,COMPLIANT
0.5374832247740121,0.558093436662089,0.4661022723096748,0.1351863124052231,4,4,0.636688319723883,3,NON_COMPLIANT
0.9599202317149376,0.9771118602745924,0.9385521535688159,0.87709013672907,0,0,0.7529653562792464,9,COMPLIANT
0.896766754438783,0.9058633911176,0.7610093977929909,0.47281632899319426,1,0,1.389670830305159,4,PARTIALLY_COMPLIANT
0.28451239257619254,0.49249440486126705,0.21736879060654765,0.4416898556682818,8,4,1.301075920249494,4,NON_COMPLIANT
0.6754130250062842,0.8633225611898708,0.5818987675767198,0.46428153857366006,4,0,1.3359013821401926,11,PARTIALLY_COMPLIANT
0.7165935916222271,0.9484432756919828,0.7551157475267625,0.7333719551520136,1,1,0.8618002463246536,10,PARTIALLY_COMPLIANT
0.5983740171570705,0.26470543144627023,0.171757854139131,0.1471117677507867,6,1,0.8532852850739884,6,NON_COMPLIANT
0.6198556235300344,0.7050776169583377,0.6967505590780014,0.5628475002042026,1,0,1.3877484431321911,6,PARTIALLY_COMPLIANT
0.7311013959345372,0.8080889980366911,0.8470948113564969,0.7246464720866648,4,0,0.6326280107484145,14,PARTIALLY_COMPLIANT
0.253476825005221,0.42822717621138584,0.23587489336026282,0.10597158689440707,6,1,1.3132842131676772,2,NON_COMPLIANT
0.8591789043108191,0.7400984687515363,0.6188505994228594,0.5173281130747501,3,0,1.3449049404550792,7,PARTIALLY_COMPLIANT
0.7277244654328924,0.823960007776006,0.8256482226125722,0.7114880540613385,1,0,0.6936857852042222,5,PARTIALLY_COMPLIANT
0.6700218805204579,0.7484083563450534,0.5694418773978663,0.6564169375117908,2,1,0.9850846656862817,10,PARTIALLY_COMPLIANT
0.6384713521659705,0.3258485117994335,0.23135900884159163,0.1339078619194432,7,1,1.2063602088376153,9,NON_COMPLIANT
0.991996665099032,0.9669884413575559,0.9275859072571497,0.8447275695147036,0,0,0.8703020832906458,13,COMPLIANT
0.2591324173124587,0.7432345560185956,0.2665192116993367,0.33413221675602484,4,1,1.4206160842256454,6,NON_COMPLIANT
0.4610111610426364,0.5885670992539739,0.11658637851759449,0.32696063276948173,9,1,1.4025167124205788,1,NON_COMPLIANT
0.8882467608816095,0.785353063156862,0.8466392286321877,0.48841681121062114,4,1,1.1010048649058384,1,PARTIALLY_COMPLIANT
0.2298077759397591,0.4516068457666007,0.4688603680840947,0.16308305788478053,4,1,0.7179548546601177,0,NON_COMPLIANT
0.8931370317762427,0.7945353343359449,0.5089333455949896,0.6545426305074624,1,1,0.9649920352426684,3,COMPLIANT
0.9206598179040721,0.9591053569410791,0.9227167550725519,0.8781144139704804,0,0,0.9708171073304335,15,COMPLIANT
0.527544929932028,0.4277340671173378,0.26239725143168435,0.43851094898916776,5,1,1.1208025217731528,3,NON_COMPLIANT
0.9739732135293644,0.9723100610488772,0.9708766798926749,0.7519911011863628,1,0,0.8249784731988106,12,COMPLIANT
0.8800225366367215,0.9583741291129535,0.86568517605016,0.9091075623859092,0,0,1.148110651342519,11,COMPLIANT
0.8658211197496553,0.8975611189752868,0.6425660564466573,0.5975187281137607,3,1,1.206503365197476,13,PARTIALLY_COMPLIANT
0.7749882908964011,0.7257592827437751,0.816562315493315,0.599011474749477,1,1,0.6138087883977921,1,PARTIALLY_COMPLIANT
0.565235893984118,0.4850538693470561,0.32651728417786596,0.38425018095228236,6,1,1.4707140544213346,1,NON_COMPLIANT
0.6822889244744494,0.8159189514432945,0.5309828103251549,0.613149688868175,2,0,0.6493135067494588,11,PARTIALLY_COMPLIANT
0.9220760420886743,0.9552465089209087,0.8863067523793791,0.9966656483167866,1,0,0.7091838184702699,3,COMPLIANT
0.9403384453565886,0.9661162412234712,0.9665340622307309,0.7676978590027936,1,0,1.1172291264280483,14,COMPLIANT
0.6285681754314549,0.7171132923565107,0.668522787492288,0.4592501735954763,3,1,1.1994681438355002,7,PARTIALLY_COMPLIANT
0.5904972838271352,0.3198672222486093,0.12595773535608992,0.40283756282887007,5,1,1.3246126161667149,7,NON_COMPLIANT
0.888097713006438,0.9938846089413924,0.8634349036474466,0.9288410288072224,1,0,0.8067714272451707,7,COMPLIANT
0.9523229742342453,0.9974949834123038,0.8705634187118134,0.9334707827006353,0,0,0.7822027645394394,7,COMPLIANT
0.5886098300603015,0.4484224639367278,0.3488628561075462,0.22076541621379256,3,2,1.1707721905902235,5,NON_COMPLIANT
0.9625816245630606,0.9873209915004925,0.8718275950581137,0.9694945956249148,0,0,0.8165094821984173,9,COMPLIANT
0.9408995450906538,0.9924723203112867,0.8567495231853136,0.9335378147604115,1,0,0.7917262005751147,4,COMPLIANT
0.5785570706354245,0.8203972637769694,0.6421602045190201,0.6121620570236187,2,1,0.9892936738415938,1,PARTIALLY_COMPLIANT
0.9810515671279508,0.9992041734599647,0.9652410120796777,0.8544416955418335,0,0,0.9612595958172615,3,COMPLIANT
0.8238545723200676,0.7773140276183214,0.7251125159044635,0.7087743441360597,3,0,0.7608625502350974,11,PARTIALLY_COMPLIANT
0.7063919806819751,0.7432813597912888,0.5167338722958679,0.4862609543731268,2,1,0.9326363514956553,5,PARTIALLY_COMPLIANT
0.7630406347589803,0.9375710125426213,0.849562512036961,0.530151040366583,3,0,1.0307973205960477,12,PARTIALLY_COMPLIANT
0.7951774484876082,0.7632711008053567,0.7833527413202446,0.7326135886385456,2,1,0.9938941820682639,14,PARTIALLY_COMPLIANT
0.9929974558301441,0.9951595345361393,0.9570559388015061,0.9545363952819503,1,0,1.0422176805346537,4,COMPLIANT
0.6703378719405634,0.8535077996121626,0.8012992598152071,0.663624703558607,1,0,0.6834772906604485,7,PARTIALLY_COMPLIANT
0.8593847263329177,0.9605253469832671,0.9713535460437515,0.7867304808959427,1,0,0.7382399777496564,4,COMPLIANT
0.649906725519953,0.8537627913821412,0.8426892594106807,0.6084259102004828,1,1,0.9134554985783447,11,PARTIALLY_COMPLIANT
0.9389477121633241,0.9967997089500888,0.951718375230497,0.8536074531167591,1,0,1.1487810967265801,3,COMPLIANT
0.7027012757527931,0.834987056805346,0.5691546050399114,0.5507508175628036,2,1,0.9576492444326588,11,PARTIALLY_COMPLIANT
0.7072329957715706,0.808025724352907,0.6931654264733103,0.6916276199800252,1,0,0.8702831085562429,13,PARTIALLY_COMPLIANT
0.9130006111122108,0.9504843441370483,0.9786932636372585,0.9327893361137293,1,0,0.7056512682945112,14,COMPLIANT
0.732121217905051,0.9326814486363493,0.8263497240425853,0.7392655438730811,4,1,1.058629326085667,9,PARTIALLY_COMPLIANT
0.6273584716562883,0.5019947908039267,0.32755315040642796,0.15356703547856979,6,2,0.873794890040912,5,NON_COMPLIANT
0.8321057766110742,0.8732429484434168,0.5017589261778592,0.5497382098233875,4,0,0.8305001030837533,11,PARTIALLY_COMPLIANT
0.7105689014848076,0.8484017065122919,0.5935706492555987,0.62607078424193,4,0,0.6504134231002966,5,PARTIALLY_COMPLIANT
0.852157185397623,0.9901490650654552,0.9971190708121878,0.9014815488535618,1,0,0.8444842624605292,16,COMPLIANT
0.9756296251114084,0.9807242888755815,0.9371793135581434,0.8134088888785096,0,0,0.8359772796990993,7,COMPLIANT
0.6499199744126556,0.6411471594045863,0.31441826656661953,0.3706445792652334,5,1,1.0137265254432952,3,COMPLIANT
0.8966978244648571,0.7700985446475876,0.8414401178033837,0.4638860428530359,3,1,0.857513074027171,8,PARTIALLY_COMPLIANT
0.6142261817601282,0.5217156242730303,0.48971168207378646,0.4012398719086535,6,2,0.8102259279376594,1,NON_COMPLIANT
0.983462348544307,0.9504582775091908,0.8802098654190831,0.9897560439932415,1,0,0.7956052588733709,17,COMPLIANT
0.622420665571141,0.9250587143580273,0.6830435302870415,0.4400771687641435,1,1,1.2245861840229357,5,PARTIALLY_COMPLIANT
0.9163528344596656,0.9619893679578702,0.8640809935121937,0.7957164992768269,0,0,0.8399669484729714,18,COMPLIANT
0.7566333378213512,0.7175295114367474,0.509204204339634,0.49136003285270724,1,0,0.803776400366039,7,PARTIALLY_COMPLIANT
0.9861641865475268,0.9543708403935541,0.9904739996965338,0.956383710380104,1,0,0.8085516147349452,16,COMPLIANT
0.2873134767078219,0.4152648654102483,0.5808933071542802,0.4056974061630594,8,3,1.4516040689185483,8,NON_COMPLIANT
0.8667231531758173,0.9785204745701821,0.9372346306656983,0.9286739188089336,0,0,0.9733386324486558,12,PARTIALLY_COMPLIANT
0.6623547053750218,0.8439153490679281,0.7079474543908284,0.5102750693496312,2,1,1.3807146703167188,4,PARTIALLY_COMPLIANT
0.7876947080903056,0.8228728255648806,0.7701961745891418,0.731885587502864,3,0,0.8249783475372139,12,PARTIALLY_COMPLIANT
0.6005803283674327,0.7334853048500001,0.8303261112227853,0.6814710175542233,4,0,0.9640123507715581,8,PARTIALLY_COMPLIANT
0.46851678793458257,0.5662025202305758,0.19981532433658564,0.20748264801468008,9,2,0.9461280094191864,0,NON_COMPLIANT
0.6331649700681249,0.8338645772398352,0.8216159675209909,0.6399960679861281,2,1,0.7227654656865297,4,PARTIALLY_COMPLIANT
0.9172241310053503,0.963720631581784,0.9089755651846396,0.8469410821324375,1,0,0.7993253263405695,16,COMPLIANT
0.8575895280514872,0.9963139980924204,0.9942446884937961,0.797372536474901,1,0,0.9829315367798097,11,COMPLIANT
0.5683611725191979,0.7733165214357075,0.8224054728769408,0.46010590701565424,3,0,1.336708926264156,9,PARTIALLY_COMPLIANT
0.92684505413732,0.9567620595623251,0.9356487356988967,0.8519706525492458,1,0,0.7681855525147292,13,COMPLIANT
0.34184404663387463,0.5638947738428147,0.17870710029608886,0.22353673420185155,3,3,1.1508052425268338,7,NON_COMPLIANT
0.6280421161756885,0.8540447704017519,0.5852097252201991,0.7458865044915859,1,1,0.6406661313706788,10,PARTIALLY_COMPLIANT
0.6381105624988856,0.8166482183589048,0.8142408778604968,0.45235917965164546,4,0,0.7155391324078212,2,PARTIALLY_COMPLIANT
0.26735487750670195,0.6101887368802983,0.19325029170240196,0.19420578062266514,5,1,0.678833361249222,7,NON_COMPLIANT
0.524659520161257,0.3798271311485971,0.4147795279975732,0.3640477777052522,7,1,0.9325644992684314,7,COMPLIANT
0.9799034786020937,0.9586084344276324,0.97757674779656,0.969461827754141,0,0,0.7197787532813065,11,COMPLIANT
0.37573173775038715,0.6846694346154161,0.18053985074785708,0.2657602590945319,7,1,0.8560417107030245,2,NON_COMPLIANT
0.3516424050985628,0.6759539408255819,0.12173419966185742,0.271571623606767,8,3,1.4531825969108851,6,NON_COMPLIANT
0.6985318684548574,0.8356648205341419,0.6303482936612524,0.6764690950779818,3,0,0.6009309314623827,10,PARTIALLY_COMPLIANT
0.4196653442872695,0.31888460518350886,0.3418518041575864,0.48264260218542876,9,4,1.4416309195000223,7,NON_COMPLIANT
0.573921666366392,0.9065996934361583,0.5916752356968802,0.6410981518052328,4,1,0.731736210005844,2,PARTIALLY_COMPLIANT
0.34066111648689235,0.7010905662985636,0.5845009370710765,0.2987104702350911,6,4,1.2701222076697678,8,NON_COMPLIANT
0.7577862760392656,0.9014764117547254,0.649600874906075,0.4396894145707181,4,1,1.3216020795759211,3,PARTIALLY_COMPLIANT
0.8552761947297395,0.9955910796818371,0.9662997894828874,0.8626765145625964,1,0,1.0223783632950463,18,COMPLIANT
0.6367603948389555,0.4172821389817513,0.550594383949093,0.4884687076115394,8,2,0.9549596643662088,7,NON_COMPLIANT
0.7257519584229448,0.9156392081309627,0.7350238345113616,0.6948582266345297,4,1,0.9943939432836253,13,PARTIALLY_COMPLIANT
0.3489392312468621,0.45414653254369325,0.1390607153948721,0.242939476665837,6,1,1.4532160305061863,3,NON_COMPLIANT
0.7352070853344819,0.8286116070338274,0.6993221434820034,0.40655364982803677,1,1,1.1186208195416318,4,PARTIALLY_COMPLIANT
0.729599525529647,0.7606047034718026,0.5645159721458669,0.42269197657516694,2,1,0.975458637634776,6,PARTIALLY_COMPLIANT
0.6275632158837028,0.7949135039671682,0.6261394417918301,0.5371118306618241,3,0,0.9894234806412349,14,PARTIALLY_COMPLIANT
0.959683166480987,0.9935992548122479,0.8647086772843686,0.8590753559582545,1,0,0.7246368267913856,11,COMPLIANT
0.5588189186465812,0.6258092627410526,0.24815606922352199,0.3726216292573815,7,1,0.7436443314000843,0,NON_COMPLIANT
0.5186881720876414,0.38168022915160493,0.1901168259092306,0.30415824900803956,9,4,0.6370110286884284,4,NON_COMPLIANT
0.7755279951723986,0.8893774557046265,0.541292649802959,0.6916233099185918,2,1,1.108365743695112,13,PARTIALLY_COMPLIANT
0.8864769970396339,0.9775285317270682,0.878873972595374,0.7754696910348892,0,0,1.0155246966351101,10,NON_COMPLIANT
0.9648315054533804,0.9605095984359423,0.8985164282650295,0.9548085530256051,0,0,0.7861931810525831,15,COMPLIANT
0.4644732275301882,0.5423354836383116,0.22750087901345992,0.19571098515324242,7,4,1.261252752593233,0,NON_COMPLIANT
0.8549285046610594,0.9749584916631331,0.9400909943780774,0.7656199403394552,0,0,0.9028572120904739,8,COMPLIANT
0.2130761953482605,0.48670773477455426,0.3355560101361207,0.22275727287563185,8,4,1.2493221715832346,8,NON_COMPLIANT
0.6113112022964634,0.8184458405769555,0.7269741591415214,0.4098926453674922,1,1,1.1893779412011172,6,PARTIALLY_COMPLIANT
0.9492386598938898,0.9618168295134375,0.8646785504074674,0.8940398324564915,1,0,1.1308124750419892,15,COMPLIANT
0.580428846242289,0.7557375021394384,0.5658204982676764,0.5498067733538754,4,1,0.6095182657961244,12,PARTIALLY_COMPLIANT
0.6347523451217396,0.47649671992509823,0.12575761296965257,0.18848746243098247,3,2,0.7613640281826509,8,NON_COMPLIANT
0.9389377599747672,0.9789707449671751,0.949393191851248,0.7738153769886565,0,0,0.8955407683258803,4,COMPLIANT
0.5275548226387665,0.6944855254793334,0.5263772832756459,0.18736073988764762,4,1,1.4251282008634587,1,NON_COMPLIANT
0.8766159315669584,0.9875307375820429,0.9710252108900896,0.9976262855001683,1,0,0.7638448647112328,19,COMPLIANT
0.22936778167819658,0.5096526201893834,0.35122089628736086,0.29649382753275405,7,1,0.7870566061191557,5,NON_COMPLIANT
0.7079169481938439,0.7833998952105693,0.6062617664804824,0.5438157206460058,4,1,0.7544982722109892,11,PARTIALLY_COMPLIANT
0.5301113549986722,0.7017112584137128,0.29405934536018774,0.3058394895497165,5,1,1.427752171022453,1,NON_COMPLIANT
0.5718379822853951,0.22687847728888608,0.3984756085803679,0.3572695181357368,7,2,1.1500336842370484,4,NON_COMPLIANT
0.9622913062872749,0.974130061783076,0.8824047160589608,0.9918177975925744,0,0,0.8978888398302154,4,COMPLIANT
0.8319158071379387,0.7825530841815365,0.612072794454235,0.5340719842470636,2,0,0.7497428871907922,8,PARTIALLY_COMPLIANT
0.4173954914422595,0.3545285792451619,0.45819327894245576,0.45436095107302554,5,1,1.1878521850421537,5,NON_COMPLIANT
0.9463941902816397,0.9924921302298512,0.8938772530511546,0.7918676226375106,1,0,1.1139624772726562,4,COMPLIANT
0.6654397402987078,0.7155127631588581,0.6665915890309111,0.4944431616862572,3,0,1.3825988751111873,7,PARTIALLY_COMPLIANT
0.28757951329151804,0.5712889662669174,0.25317354650929014,0.4556099119464144,6,3,1.1001440384325138,3,NON_COMPLIANT
0.731486001660848,0.8346272182535284,0.589047171918437,0.42529595951441995,1,1,0.7312319576611304,7,COMPLIANT
0.6857646155097422,0.8596141121792573,0.8300395663008345,0.4741506160024295,3,0,0.9923676201259903,14,PARTIALLY_COMPLIANT
0.9032697471630718,0.9522624594509443,0.882686306237802,0.7537942205717068,0,0,1.1657774571547406,5,NON_COMPLIANT
0.8933331290734167,0.8612758012894832,0.8060354630559834,0.6095572894901725,2,0,0.6013798576878725,6,PARTIALLY_COMPLIANT
0.5941466827250563,0.26537364125002905,0.4802083718982637,0.36204174598327565,6,2,1.473904385555611,7,NON_COMPLIANT
0.40788831750062604,0.3865286275703118,0.11689407771725965,0.16296627377029343,8,3,0.9311835985659594,8,NON_COMPLIANT
0.8887340219889974,0.962173352203338,0.9186646919056201,0.939880037179236,1,0,0.7383112009961013,8,COMPLIANT
0.8736057375024865,0.9515534065122228,0.9920354349190775,0.8101781464158767,1,0,1.0469382676608079,16,COMPLIANT
0.9129590975389184,0.9819262973832042,0.9096391596944191,0.8185538005871675,0,0,0.8559759952475652,8,COMPLIANT
0.28751700382870715,0.3100267482344978,0.33479035167591287,0.4646292560550792,5,3,1.2825056359493594,2,NON_COMPLIANT
0.6880192775830131,0.8916681213340385,0.8285785684135001,0.5495654390909027,4,1,1.3349789994670642,4,PARTIALLY_COMPLIANT
0.6430418566104703,0.252237629427412,0.2675967175860243,0.14576827206240908,7,1,0.9962970916402817,8,NON_COMPLIANT
0.41575877506294756,0.4648278012476977,0.25230590732832503,0.41196852661431815,3,1,0.8410441351902092,5,NON_COMPLIANT
0.36566760461391884,0.42600176122306943,0.4907236893128363,0.10587169402709412,8,3,0.5001102318018225,1,NON_COMPLIANT
0.6283671706697183,0.9353145490106006,0.7096915396870378,0.7472442649732967,4,0,0.9302104581990349,2,PARTIALLY_COMPLIANT
0.48368768953400537,0.5827460434946492,0.29565666243603006,0.24808418681715516,7,2,0.8767145152452385,6,NON_COMPLIANT
0.9696720473287952,0.9717791657406466,0.9726751324262533,0.7800522638426521,1,0,1.0245373293971964,17,COMPLIANT
0.663827416981122,0.9308461669976809,0.6460717721064495,0.7370018169650098,2,1,1.2950057844292697,13,PARTIALLY_COMPLIANT
0.9453910490240066,0.9799651058069718,0.8769034015433861,0.9262847863926409,1,0,0.9898630785486123,19,COMPLIANT
0.5732400979940468,0.6001477777856609,0.17506019790666075,0.23959995690103525,3,2,0.5768607793783895,4,NON_COMPLIANT
0.33545885421220467,0.5129422163804532,0.4091565406880917,0.12801097539994433,4,4,1.0280643656085742,2,NON_COMPLIANT
0.3404624562484722,0.34615594299112357,0.12957804776863965,0.40659323572911366,6,2,1.3198443517257337,1,NON_COMPLIANT
0.9395417835119759,0.9905080544979851,0.9144510045032722,0.9374649828220671,0,0,0.8278718507741502,12,COMPLIANT
0.308667366293363,0.5882866763186968,0.2511826961950334,0.11796802209685425,6,2,1.3348534905367517,6,NON_COMPLIANT
0.5602527967518798,0.9436331384155936,0.5777228110894872,0.5654326552776956,3,1,0.8596038244960076,14,PARTIALLY_COMPLIANT
0.8541373204969029,0.7488183333117902,0.5148675683211303,0.4560336481801056,2,1,0.8368656713083602,9,PARTIALLY_COMPLIANT
0.4353090656008733,0.55742627932495,0.5382226227669086,0.25457034393859346,8,1,0.6589054348754965,4,NON_COMPLIANT
0.2735982700953259,0.6053963969874425,0.5581574372405932,0.14301850478188896,4,4,1.1771449373291631,3,NON_COMPLIANT
0.90088560107933,0.9749099359780843,0.9158001658047363,0.8045682996953735,1,0,1.128514514165289,11,COMPLIANT
0.8853688140938815,0.9888000103517715,0.9107965274628615,0.9004638459155021,1,0,0.8187716624619388,16,COMPLIANT
0.7028722590574402,0.8851132805958974,0.6562672676890784,0.42397764856954334,2,0,1.0885142007373156,8,PARTIALLY_COMPLIANT
0.9865908575821632,0.9754927004775229,0.9251913466938594,0.7625607524557455,1,0,0.8392353644637761,11,COMPLIANT
0.9024259558130228,0.9557047892443966,0.8726870243102401,0.8063292324878087,1,0,0.7444201225437821,3,COMPLIANT
0.9296941027526398,0.9838719035614147,0.9142686855773193,0.9328741160107847,0,0,1.1467972932250659,7,COMPLIANT
0.8749497411614713,0.9808675878706486,0.9284627086872677,0.9175240086527354,0,0,1.1015129489163318,5,COMPLIANT
0.9568011941797244,0.9692479361318779,0.9103442017114478,0.9458225231097166,0,0,0.9400450711200232,19,NON_COMPLIANT
0.8693353877610248,0.9859998401313723,0.8651748429419654,0.9057844634369563,0,0,1.151434011716075,17,COMPLIANT
0.36424034321093607,0.4247344769558372,0.22959657459383262,0.3794418713245754,6,2,1.323112890852265,2,COMPLIANT
0.7642277613713507,0.8969661798963859,0.5888594038363738,0.6672711704414969,3,0,0.9588906022637375,8,PARTIALLY_COMPLIANT
0.962575288714797,0.9899768565459758,0.9737699015039196,0.796601246697036,0,0,1.0325986103481,6,COMPLIANT
0.38381533901977183,0.7498321572541573,0.24897463011775126,0.4912993407490468,4,3,0.6109317432642898,7,NON_COMPLIANT
0.8807780714357211,0.9743541272161789,0.981737870159852,0.8818137874876693,0,0,0.9338743376873317,11,COMPLIANT
0.2709156449704109,0.3300661922575149,0.28293585157448786,0.4174659924143205,5,3,1.4254515922785331,8,NON_COMPLIANT
0.833951098881114,0.7541107708529178,0.7810254444809966,0.5398734688728775,4,0,1.095305240696066,12,PARTIALLY_COMPLIANT
0.2559815131048539,0.4715085053512611,0.4597994766849487,0.3192972846016193,3,3,0.8352196723435007,3,NON_COMPLIANT
0.6875355823228388,0.9128596740827786,0.8171889828582539,0.5772300857408008,4,1,0.871259318785421,9,PARTIALLY_COMPLIANT
0.8638100479123713,0.979952229357519,0.9435473167435399,0.912126205029672,1,0,1.0208159544136772,5,COMPLIANT
0.616770953205852,0.7802431731938752,0.6467714478740673,0.6078781053505116,1,0,1.019179362148571,5,PARTIALLY_COMPLIANT
0.22611375284762925,0.582651790417819,0.4536004364745161,0.24367971825728324,3,3,1.4150784018170168,6,NON_COMPLIANT
0.5841961238853762,0.8539830017716672,0.6521416374322551,0.5492542783523512,1,1,0.6504269219998092,4,PARTIALLY_COMPLIANT
0.5695139571044059,0.6738746940248747,0.11431585236682076,0.4756636930220477,3,1,1.1145186796748499,8,NON_COMPLIANT
0.7344748284797105,0.7095506959393477,0.7153252138089199,0.6898151500209884,2,1,0.6047425722695025,14,PARTIALLY_COMPLIANT
0.5372765836317843,0.5979453144127809,0.24131647057606545,0.10900671042812951,3,3,0.8494733011391725,5,NON_COMPLIANT
0.868153750072779,0.9709473895093738,0.9626767071712627,0.7677519161333138,1,0,0.860540548543525,11,COMPLIANT
0.865616287297686,0.9899958042686594,0.87678169930815,0.9131865269629686,0,0,1.0604065481552531,5,COMPLIANT
0.9916061917421392,0.969813863124585,0.9540795013492591,0.8723306868687803,0,0,0.7640925551495489,5,COMPLIANT
0.9187974847121614,0.9838488376155514,0.9245861271820965,0.7734977323541505,0,0,1.0038813843717123,3,COMPLIANT
0.7555842583440265,0.7776904238431053,0.8497023483725306,0.6620937159616479,3,1,0.9978057898172872,2,NON_COMPLIANT
0.9499788747678075,0.9903768127698996,0.9263025926026118,0.7636785437084099,1,0,1.1662519765486912,5,COMPLIANT
0.4054040314380778,0.2591246265457333,0.23663122727779115,0.26090984960942587,5,1,0.5729827147309509,0,NON_COMPLIANT
0.8900171521412927,0.9988307477916326,0.9116555519977347,0.7582626832251371,1,0,1.1541329429833267,4,COMPLIANT
0.5857603130624534,0.8175575967496788,0.685576792385985,0.4924094834939199,3,0,1.0301187711901432,8,PARTIALLY_COMPLIANT
0.22036624124174817,0.3110007845087696,0.4760234639029305,0.3837511721239557,8,4,0.5620248753527831,1,NON_COMPLIANT
0.8060627805289834,0.7642244515111407,0.561320827023414,0.6417338054035527,3,0,1.0897672506057725,1,PARTIALLY_COMPLIANT
0.8761613900667249,0.9735824745375298,0.8637132987725707,0.9064204780653382,0,0,0.8808235474205222,15,COMPLIANT
0.9744644680431467,0.980307328246674,0.8936716371677769,0.8017737295441428,0,0,0.8514578644165962,5,COMPLIANT
0.48342987959577577,0.21944295157238183,0.1389000566610494,0.1325232293213274,3,3,0.8502568948034527,3,NON_COMPLIANT
0.9156491992222305,0.9617486702497976,0.9557306515065073,0.9542820355038963,0,0,0.9671452759468379,10,COMPLIANT
0.8556676759893519,0.982168486253488,0.8893765435724749,0.7630867946078282,0,0,0.8370415978204978,16,COMPLIANT
0.9924280935486463,0.9573536740464519,0.9889881437742242,0.8730290732698845,1,0,0.7331179889259329,7,COMPLIANT
0.9717654682135206,0.9828239303665751,0.86921436195493,0.8345668764986246,1,0,0.9992657878421828,11,COMPLIANT
0.585512211496954,0.45320948148428764,0.513249681150504,0.26924219251053194,7,4,1.4834151152664279,4,NON_COMPLIANT
0.8778288962886579,0.9825839897439214,0.956890211094759,0.9220076297379953,0,0,0.7742587121285587,5,COMPLIANT
0.7449237858365723,0.7270566616913872,0.8266586331219186,0.5167293237820034,1,1,1.2563690321266519,1,PARTIALLY_COMPLIANT
0.2636107594094468,0.41805746641345354,0.13349479625631497,0.403420298988697,9,2,1.2069291351881852,1,NON_COMPLIANT
0.7727218438434698,0.8650006511436499,0.6011352366992511,0.44926017718690364,1,1,0.6078464917711811,3,PARTIALLY_COMPLIANT
0.9587989586103817,0.9918189288705199,0.9961658965957713,0.9939004797891631,0,0,0.7458888032355879,17,COMPLIANT
0.9191750351880865,0.9969965895984911,0.925600564539449,0.9873001732952229,0,0,1.0373931510837053,13,COMPLIANT
0.5764348927210006,0.4047963488458396,0.3277040569906434,0.37949122742374,6,3,0.8856359604206255,3,NON_COMPLIANT
0.3391663135397426,0.3795696622266078,0.39666470125472486,0.46714514030169196,8,1,0.8931197921851812,7,NON_COMPLIANT
0.722382648907178,0.9287215375303759,0.6712187812932154,0.5575928177238234,1,0,1.2660872104307084,12,PARTIALLY_COMPLIANT
0.6179262371123388,0.6633633372812946,0.10451590347032522,0.3677718657720539,7,3,0.9545000117204101,2,NON_COMPLIANT
0.3417830577262245,0.25234402123646626,0.1717396348728041,0.4532733961410932,9,1,0.5957312072859432,6,NON_COMPLIANT
0.3753178617973827,0.20830909507323742,0.5491365325550635,0.3108175987314724,7,1,0.5599047010033638,4,NON_COMPLIANT
0.30616538929742565,0.6450892752078603,0.27677663843622013,0.46018282909919295,7,4,0.5739217166457636,1,NON_COMPLIANT
0.3879740549241081,0.5066277370171446,0.1630073380141476,0.33516403113379556,9,3,0.7295371801486595,7,NON_COMPLIANT
0.5905600092826676,0.5706441958233961,0.43210898613944115,0.339072851211123,8,4,0.9282507002599032,5,NON_COMPLIANT
0.8865833702638738,0.8372379353394568,0.7788298572468999,0.4153180465194115,3,1,1.1207030699966216,4,PARTIALLY_COMPLIANT
0.6221083032537296,0.9071111346385963,0.6882203719464752,0.4535649090073375,2,0,1.3565037421991974,7,PARTIALLY_COMPLIANT
0.3742457547875421,0.7382450981384143,0.22180127114157291,0.3439257549537018,6,2,0.7180625728540699,7,NON_COMPLIANT
0.8718675959243531,0.8757116767942122,0.7690087380715962,0.5319627253644885,4,0,1.262500153485521,10,PARTIALLY_COMPLIANT
0.8578418654903139,0.992627132243775,0.8797294579632502,0.9685995079270827,1,0,1.1104596068065,12,COMPLIANT
0.7991267939644576,0.8855952223141856,0.6743421807490518,0.7141839211351985,2,0,1.2165828922452526,13,PARTIALLY_COMPLIANT
0.49907124413425996,0.3705510310169921,0.3230669565396487,0.3674824677017391,3,3,0.9341461286582287,1,NON_COMPLIANT
0.7445441706892245,0.8012890517715412,0.5737027166767301,0.6075459710738784,3,0,0.8276324882176449,2,PARTIALLY_COMPLIANT
0.8209754453582256,0.8517571635961366,0.5079403947638567,0.7258577976748479,2,1,1.0770878065754943,9,PARTIALLY_COMPLIANT
0.6900509135495957,0.8482130012230553,0.6719436699715002,0.5062194729930463,4,1,1.275094640414078,6,PARTIALLY_COMPLIANT
0.9867778613264447,0.9569558097071531,0.865119190452383,0.8140038829634155,1,0,1.1360619544720758,14,COMPLIANT
0.9511440360550036,0.9989977723679139,0.9978401100929201,0.9216696529310324,0,0,1.143521372223481,4,COMPLIANT
0.46915304534099106,0.6148951359017019,0.4569043248383895,0.4494757453560334,6,2,0.5324461737757245,6,PARTIALLY_COMPLIANT
0.883698609646265,0.9699666290099611,0.9114509303938778,0.9945551671316396,0,0,0.7083379067449196,14,COMPLIANT
0.5134388571219001,0.4789675249229494,0.22061156255469835,0.4184602032092297,9,3,1.0248902827551505,6,NON_COMPLIANT
0.9051678981634229,0.9529045976040175,0.8667268318481914,0.878965475678082,1,0,0.749933410568089,12,COMPLIANT
0.8935066042266979,0.9600731960526766,0.8897812805495243,0.7924398003482066,1,0,1.1623208955643183,10,COMPLIANT
0.8325129195708719,0.8643735148140628,0.567460227524329,0.505876386122994,1,0,0.699202395699314,14,PARTIALLY_COMPLIANT
0.8459692050402566,0.9278085775786677,0.7872195876966628,0.4447824793219177,2,0,1.1707695586931997,9,PARTIALLY_COMPLIANT
0.5659126195217241,0.7394567453249496,0.5480251841874085,0.6061907203396818,3,0,0.9624118003041506,12,COMPLIANT
0.6204142649050175,0.586480156301791,0.23754352302563778,0.2309441239045391,6,2,0.5750712925787169,1,NON_COMPLIANT
0.8990095879990037,0.7731522235099113,0.6252247240446182,0.729571613519821,3,0,0.7609383736911206,7,PARTIALLY_COMPLIANT
0.7576332025478961,0.8347405298391052,0.7320688523076422,0.6591626278306556,3,0,0.8453349042504931,6,PARTIALLY_COMPLIANT
0.9838127033410351,0.9977667343251964,0.9680355079382943,0.8288517239370032,0,0,1.104441730818164,18,COMPLIANT
0.6362271031851039,0.8504517230747178,0.5457796890044759,0.6038864906707349,4,0,1.1711541689659022,1,PARTIALLY_COMPLIANT
0.8828073419496891,0.9797651632963744,0.8896952540388036,0.9154922361984672,0,0,1.1108239664808854,8,COMPLIANT
0.9680062511060964,0.9886831282447833,0.9621757861618108,0.7876520258045685,1,0,0.7155745463966955,8,COMPLIANT
0.5991444910423952,0.31019215011673157,0.2230393024761084,0.4811550451539439,6,3,0.6911064380934789,6,NON_COMPLIANT
0.7458652520177766,0.8712341870603273,0.8373213137725299,0.7257952843891181,3,0,1.0709149357728491,3,PARTIALLY_COMPLIANT
0.9076766991467219,0.9743833534310632,0.9478336389318208,0.9876327631465509,1,0,0.9364485664054524,11,COMPLIANT
0.8466884192867759,0.9481474689834611,0.7377877208393491,0.7278407743335022,3,0,1.3157993767806384,12,PARTIALLY_COMPLIANT
0.8177508133971031,0.9386151068846583,0.7973172823996326,0.7330122879110369,4,0,1.3294034656011815,10,PARTIALLY_COMPLIANT
0.2941977304607626,0.6064318861874198,0.3040226336075338,0.30430144685053606,8,4,0.9578575237381254,2,NON_COMPLIANT
0.6446464436407853,0.8731768377858602,0.5887087928546276,0.5247279576623634,2,0,0.9871926002660318,14,PARTIALLY_COMPLIANT
0.8572138465618053,0.964783251963581,0.9898816884028676,0.8808032637427188,0,0,1.044655206051345,16,COMPLIANT
0.6947658972722882,0.7933262444209526,0.6976044204315613,0.4222960858695142,1,0,0.9052221557282489,8,PARTIALLY_COMPLIANT
0.42107281314701234,0.29205506834707484,0.3262350252071712,0.3043131962061919,4,1,1.3199004299844583,1,NON_COMPLIANT
0.5256669916851638,0.6639930837243024,0.3326535982093407,0.4140217736102,6,3,0.8864959908767227,7,NON_COMPLIANT
0.651725039257286,0.774373167498167,0.6037218269082032,0.6539488866459819,4,0,0.7189380509569456,14,PARTIALLY_COMPLIANT
0.7537424797869426,0.9167183956997946,0.8336523387282014,0.6363741194530308,2,0,0.9460594120026804,2,PARTIALLY_COMPLIANT
0.30843719070730335,0.7083118126656747,0.5332489516658018,0.20047128469353703,5,3,1.1691710941150162,5,NON_COMPLIANT
0.8701853022169297,0.7801661815557124,0.7870097377928987,0.4033162959415938,3,0,1.3886431381788704,7,PARTIALLY_COMPLIANT
0.9701154530694812,0.9814888961498076,0.882448603455483,0.879565091669098,1,0,1.1974539113232177,12,COMPLIANT
0.6254946029791864,0.3691265259548866,0.5049939375085452,0.33757762112274353,9,1,0.688592998495004,3,NON_COMPLIANT
0.9671023112031794,0.9695119274791997,0.9367845898419032,0.9778354540541022,0,0,0.9505813657287452,17,COMPLIANT
0.9075081795447998,0.9918580982097512,0.9797941838801536,0.9007115950989091,1,0,0.8500335414527199,14,COMPLIANT
0.992870067503177,0.9613363691164981,0.9819011530264792,0.9521974961408846,0,0,0.8548939296045496,4,COMPLIANT
0.3254204466861256,0.25142115640993695,0.23984750667848834,0.22844881322325566,5,4,1.1686023805608377,1,NON_COMPLIANT
0.9969673686781783,0.9828067009010291,0.8694739673427576,0.9217152494187573,0,0,0.9636998110613382,4,COMPLIANT
0.7183565729301616,0.8036119837588698,0.5373498509978191,0.7231230925552665,1,0,1.2983589843272014,13,PARTIALLY_COMPLIANT
0.5777006338973734,0.7294191281613247,0.5615502584606674,0.6711532576565961,4,0,0.7682262341589721,7,PARTIALLY_COMPLIANT
0.2844189882971185,0.6274289626874003,0.5632461081836493,0.4262484123101964,4,3,0.8346996945191685,8,NON_COMPLIANT
0.5755754282886454,0.8473371441263711,0.8101177940665265,0.527658660303926,4,1,0.9033114526180739,14,COMPLIANT
0.968347773988119,0.972320975820079,0.9697570510777529,0.9556055934170696,1,0,0.9896331769102633,11,COMPLIANT
0.5113587040223408,0.2741361975103862,0.37040898892788077,0.4686816902218055,3,3,0.7006464088893944,7,NON_COMPLIANT
0.5296501373226652,0.22161380827584196,0.402300253818594,0.37559702734839084,6,1,1.3438589879562555,0,NON_COMPLIANT
0.36394607230193077,0.6672948802194336,0.4804938282663046,0.18836528111863993,4,3,0.6965796760817489,1,NON_COMPLIANT
0.5052467920840684,0.3378089661123893,0.5769169859374792,0.28032776458347036,8,2,0.609777895057392,8,NON_COMPLIANT
0.9771321449582104,0.9590908826418669,0.91455197985583,0.7913749436659139,0,0,1.094511422274067,11,COMPLIANT
0.8588834958094911,0.955269846741457,0.8776976868840546,0.8352735791468504,0,0,0.9206148345458584,18,COMPLIANT
0.89900698499781,0.8528021632038856,0.7752556881180481,0.516905134765179,2,0,1.1831464093744297,14,PARTIALLY_COMPLIANT
0.3291967850096498,0.6236848669332524,0.32009224030846783,0.3680690768235739,9,3,1.4486101697909433,4,NON_COMPLIANT
0.5687290301174937,0.5038257567774048,0.5374851022389311,0.49574585702074514,4,2,1.112898436981518,7,NON_COMPLIANT
0.9017844930504959,0.9707100462785915,0.9598620797219003,0.9704156205831782,1,0,0.8771356636086078,6,COMPLIANT
0.9757932694297085,0.982738787564213,0.884263877846263,0.8185029450963869,1,0,0.9799276900172386,4,COMPLIANT
0.8517733742636338,0.8856826823635224,0.6450079093169605,0.5657493245011262,4,0,1.333879121205399,6,PARTIALLY_COMPLIANT
0.8518154675164161,0.9504519234539646,0.9035544015955018,0.9815485171079454,1,0,1.1023765609948475,12,COMPLIANT
0.8786577803063024,0.9720377471720658,0.9377135212505957,0.9540569629657001,1,0,1.081496468144847,10,COMPLIANT
0.9173279607512063,0.9542196190272271,0.9099053122592036,0.9775336591955336,1,0,0.9793211982252126,8,COMPLIANT
0.8007240690059305,0.7560645957878078,0.5344521481657464,0.7208823023261717,2,0,0.6759073841180596,10,PARTIALLY_COMPLIANT
0.860812650399801,0.9535628363882629,0.8518162712852331,0.98912534957487,0,0,0.8937976157413847,16,COMPLIANT
0.6417600431095655,0.8227882935776125,0.646732929524076,0.5019302648809425,4,1,1.337232754557419,11,PARTIALLY_COMPLIANT
0.44755481916525075,0.3868815359841824,0.4749088736375029,0.3702641987351756,9,3,1.008766799289682,3,NON_COMPLIANT
0.3769577442763374,0.6496857920044841,0.26330144013098855,0.3596144703674087,8,2,1.1467712888159438,2,NON_COMPLIANT
0.877421085498535,0.9639219704125217,0.8694400976793163,0.9190270578536028,0,0,0.8490261043197216,14,COMPLIANT
0.8268514259228925,0.8275532291195304,0.5447474079477135,0.6586472221046853,1,1,0.7226369284123099,14,PARTIALLY_COMPLIANT
0.35313716881909174,0.2569406912965903,0.19182192493419872,0.23828108194029063,7,1,1.2750250556294933,4,NON_COMPLIANT
0.33081491614111425,0.43024862082638854,0.3225998231353172,0.4642209003286386,6,1,0.779730746807615,2,NON_COMPLIANT
0.9453447997960059,0.9996471732891453,0.9666576233608826,0.806459908055848,1,0,1.0466887692594262,17,COMPLIANT
0.7337723545667435,0.720844390724657,0.7930514506704698,0.6145548863681901,1,1,1.325693935344106,9,PARTIALLY_COMPLIANT
0.5005921870232275,0.5574022851574822,0.5704677380626572,0.38534702142562816,8,3,1.4045910158531685,5,NON_COMPLIANT
0.902238320053495,0.9756994744579905,0.9675479519111715,0.8491356955803175,0,0,0.9618011380075056,19,COMPLIANT
0.7841337985238961,0.8867521248992398,0.8205747111363233,0.7353429784178646,4,0,0.7995006303967136,7,PARTIALLY_COMPLIANT
0.8650103496871512,0.9315155161294106,0.7793713390103796,0.6154259986838747,2,0,1.310972875690197,9,PARTIALLY_COMPLIANT
0.575295204289333,0.9189714303417378,0.6835000941811629,0.542893370874249,3,1,1.3309885400879535,10,PARTIALLY_COMPLIANT
0.5589415903925615,0.8015818682616813,0.5109898704344594,0.5298231987881727,4,0,1.163433121905317,12,PARTIALLY_COMPLIANT
0.8950106457035103,0.7534739340936979,0.7092597277269096,0.6730586327787929,2,0,0.6091461413377632,11,PARTIALLY_COMPLIANT
0.9474334010135442,0.9933999795947545,0.9742278803985179,0.9065136772452003,0,0,0.8578717012420185,15,COMPLIANT
0.27507723123873096,0.33734402749925146,0.16725107380098567,0.4190149042327507,5,2,0.6555112427582956,8,NON_COMPLIANT
0.8747251391705502,0.9705627558292684,0.9666403425602839,0.8700925204665887,0,0,0.775208445551764,19,COMPLIANT
0.8904613698810651,0.9851199360540299,0.9488352709862286,0.9972813297771833,1,0,1.0643185111584494,5,COMPLIANT
0.9904318369365535,0.9525985641825736,0.9311944502951606,0.9272651298627291,1,0,1.1736752313155194,17,COMPLIANT
0.8329796456411438,0.9236669060785033,0.5040693104498783,0.7380660471530338,3,0,0.9111864812803513,14,PARTIALLY_COMPLIANT
0.6565287242003429,0.8706232584342871,0.7966491668358733,0.6427661732240075,2,1,1.2006491050995511,11,PARTIALLY_COMPLIANT
0.8548676615186014,0.9617794114122339,0.8965460673687546,0.8497815251112415,1,0,0.8413827285300493,14,COMPLIANT
0.7511818287052983,0.7448848130498982,0.6514267386198365,0.5198832275783669,2,0,1.3224104313344738,12,PARTIALLY_COMPLIANT
0.8779691217480214,0.7852339700785489,0.6039769352287654,0.4819218724002262,4,1,0.611269129730296,3,PARTIALLY_COMPLIANT
0.8042650402235411,0.7518648003699695,0.651551725539368,0.6263125328937527,1,1,1.3800815208801602,1,PARTIALLY_COMPLIANT
0.3671935510023149,0.41700402811650494,0.15015974959663972,0.4047851355557157,9,3,1.3798199767054522,9,PARTIALLY_COMPLIANT
0.9620313574203734,0.9857745453549637,0.9281851198728002,0.9555983547042646,0,0,0.703781437489071,17,COMPLIANT
0.8364103240789951,0.8602135341038999,0.6086393333535457,0.6296389026673586,3,1,1.1275920464996674,5,PARTIALLY_COMPLIANT
0.5793329517205076,0.7401788962228764,0.7566216817335418,0.5509779097358007,4,0,1.2979645050010464,12,PARTIALLY_COMPLIANT
0.5262411106994758,0.6342603722330302,0.14462143308941686,0.33123684831729006,4,1,1.016718753944995,6,NON_COMPLIANT
0.8143327859199831,0.7808116959860018,0.8283641032155782,0.42681101792537357,3,0,0.8170584381168733,4,PARTIALLY_COMPLIANT
0.7130551051176864,0.7144208211458859,0.5652418949238389,0.5961780569272905,1,0,1.020940256535673,12,PARTIALLY_COMPLIANT
0.5512061503219045,0.7825452557882199,0.63246626775458,0.7307911351105676,1,0,0.761552691609586,1,PARTIALLY_COMPLIANT
0.5198015422737041,0.46708641217196684,0.5749819564185159,0.3856051204993072,9,3,0.6615414599392695,8,NON_COMPLIANT
0.7442564834718519,0.7718031427818404,0.8290616221553698,0.6667250787039041,2,0,0.8825102346249412,9,PARTIALLY_COMPLIANT
0.40634464904370854,0.592224114354714,0.2120903321313475,0.1439137304782201,5,3,1.458186792985869,1,NON_COMPLIANT
0.9534457779488359,0.9650695897883179,0.943897587087693,0.7876361470155562,1,0,0.9022597622291175,7,COMPLIANT
0.31229857649680404,0.6886343782033213,0.3866213324240029,0.3425517914296135,5,2,1.357773595969114,5,NON_COMPLIANT
0.8778188312014982,0.973104864538283,0.8501847752749638,0.8995818162806067,1,0,1.0427826436144856,6,COMPLIANT
0.9335144339520894,0.978580634473495,0.8919968640490427,0.9423732332979842,1,0,1.183997033252117,6,COMPLIANT
0.454145779636103,0.268861456888602,0.47785406340930625,0.38481405550131376,8,3,1.1063915557763067,5,NON_COMPLIANT
0.25770102915785154,0.2944710745635134,0.10510637480642163,0.44348272930606103,7,4,0.8831500030112677,3,NON_COMPLIANT
0.6102985461608643,0.6539903035827492,0.32529856455179995,0.2551132629785516,6,3,0.8724267511759682,4,NON_COMPLIANT
0.7238471453938669,0.7983944550364395,0.6691370429156186,0.6765755165431805,4,0,1.219862213323697,9,PARTIALLY_COMPLIANT
0.7770775904555087,0.7809740069427628,0.8243773730432554,0.5593754357982935,4,0,0.8381316047434514,11,PARTIALLY_COMPLIANT
0.7858817714150073,0.7604548705801454,0.6877579396147815,0.5406483185078274,3,0,0.9078850099944428,5,PARTIALLY_COMPLIANT
0.5940745841311255,0.6701491105130148,0.5390289763959168,0.36441481306273404,5,1,0.981251282371572,5,NON_COMPLIANT
0.5248144081485726,0.7241522853653461,0.47677929236956296,0.17177946515224174,6,2,0.8921334325530672,8,NON_COMPLIANT
0.2178475872384217,0.349902167283905,0.3003676275568419,0.2912661453106766,4,3,0.7749911297899189,4,NON_COMPLIANT
0.6076704806691601,0.8765722035097518,0.7236344822370258,0.7076321159083884,3,0,1.0834891799689637,13,PARTIALLY_COMPLIANT
0.614807765895671,0.8567290698284739,0.5608295999973338,0.4223391121483998,3,0,1.0429637783109642,12,NON_COMPLIANT
0.5759608884988452,0.2503556499990231,0.12806849020490788,0.24530277493926436,7,4,1.4834860541916022,4,NON_COMPLIANT
0.44238962201236043,0.40201084258701636,0.17345394503610348,0.3962381947548813,6,4,0.8183938385854523,1,NON_COMPLIANT
0.8306812120157745,0.8817046602380592,0.7776594962399657,0.6348438194443314,2,1,0.7706772596481012,8,PARTIALLY_COMPLIANT
0.4254410735448063,0.5852667555273973,0.11557421732346987,0.45632456551969847,9,3,0.7494158814023304,6,NON_COMPLIANT
0.3489741553334065,0.39576726146986335,0.12094301522755105,0.21160707350614658,3,2,1.365872048489591,9,NON_COMPLIANT
0.6685378615599609,0.8892529669368401,0.6903627937724244,0.7068967209539392,4,0,1.2290258458321803,14,PARTIALLY_COMPLIANT
0.5169943192914179,0.4499549287628083,0.3299891567556329,0.36792201649532785,3,4,1.0405796107136722,2,NON_COMPLIANT
0.9822453023763116,0.9757596113069107,0.9661978929689526,0.8905361884568963,0,0,0.8893371049863917,18,COMPLIANT
0.9972858547114809,0.9813996691302049,0.8871265109710618,0.7907037624192159,0,0,0.9744293325386779,13,COMPLIANT
0.639770633122504,0.8484376881017949,0.5055075931307406,0.4908432870327459,4,1,0.8014826898765671,11,PARTIALLY_COMPLIANT
0.5634407575984575,0.6429540685499775,0.34879285185343467,0.31066224646518203,6,4,1.0092742917624333,8,NON_COMPLIANT
0.5513432432367814,0.32679633569400235,0.18748281994537327,0.4682242808401399,7,2,1.234738475765087,3,NON_COMPLIANT
0.5781807955070292,0.8404494631655345,0.5047615384077339,0.5441644041634778,3,1,1.3294371190067062,9,PARTIALLY_COMPLIANT
0.9018015966889495,0.9995528254369543,0.8652928824370416,0.8511612571100249,1,0,1.0782692917476533,15,COMPLIANT
0.748386693184971,0.9330569245461158,0.5950728790942338,0.6598593436931988,2,0,1.0256277494667119,8,PARTIALLY_COMPLIANT
0.39249870311188695,0.5442339081492549,0.4670736985490467,0.4139832093018321,8,2,0.9377239587873579,9,NON_COMPLIANT
0.8852011057392326,0.9941854834830376,0.9163036560674286,0.832722340747293,0,0,0.868501588215643,11,NON_COMPLIANT
0.9109609430201493,0.992563058368103,0.9697726364395638,0.8167913156469975,0,0,1.0307331026618258,10,COMPLIANT
0.5572013462627431,0.4573621698668245,0.502083783980379,0.34502016367952193,6,1,1.003765003237441,8,NON_COMPLIANT
0.937335617320388,0.9649937134222032,0.8551604812680187,0.9087324325294359,1,0,0.9160336425333089,13,COMPLIANT
0.7878278079577944,0.7788723016205559,0.777375588651513,0.44565872051207633,4,1,1.2977174878870998,7,PARTIALLY_COMPLIANT
0.33706459438507774,0.5674336197557952,0.5770567793702691,0.23178137438301616,6,4,1.2711469841086112,8,NON_COMPLIANT
0.8753215008676846,0.9926971441070926,0.8519843219357941,0.8779451141423702,0,0,1.1182104614928197,13,COMPLIANT
0.23256800435787706,0.2592033320084051,0.4235175122835436,0.4023069603797169,9,2,0.9896730655165619,5,NON_COMPLIANT
0.2634855146837185,0.6231284771470245,0.5565165490268954,0.13140448728429757,8,4,1.0474200518730559,1,PARTIALLY_COMPLIANT
0.3193826040131247,0.7056129184308979,0.5731164502222635,0.29365565084717804,3,2,0.7827818056030292,8,NON_COMPLIANT
0.8584773536195136,0.955169746831502,0.9147262179771464,0.8074795927154081,0,0,0.9933231638874624,4,COMPLIANT
0.9952098718076139,0.9533282363957111,0.9472477011178143,0.7685263556437167,1,0,0.9566841051124577,17,COMPLIANT
0.9297491535646725,0.9768891467370688,0.8917149272599535,0.8042390614659699,1,0,0.7908894336086809,18,COMPLIANT
0.61542669608168,0.28033871117709463,0.4620794746031661,0.1300954031007652,4,1,0.6786536508259964,1,NON_COMPLIANT
0.9277308598273781,0.9518764328765901,0.9353845318137172,0.9801927124090188,1,0,0.9237501239052142,11,COMPLIANT
0.40790980278210853,0.30351515704989,0.3924969892622545,0.2938166924089076,4,4,0.6344675528205552,6,NON_COMPLIANT
0.21447511609737718,0.38140080127340126,0.11205583746449957,0.2995546540972508,8,1,0.553243287063986,8,NON_COMPLIANT
0.913727626430213,0.9953919256941767,0.9260589470108077,0.7969800952038307,0,0,0.9923340450829123,14,COMPLIANT
0.5774845150795506,0.8401348381041926,0.6162258617883372,0.45422962486827756,1,0,1.0476598735646987,6,COMPLIANT
0.9500097294786385,0.9755485371522531,0.9143146436672025,0.7634454910443444,1,0,1.1886419115884646,17,COMPLIANT
0.7430357285262991,0.8751193674225354,0.642359835516959,0.5917004978627326,3,1,1.2833733933709417,11,PARTIALLY_COMPLIANT
0.2971360553443456,0.6300194467196343,0.2395100887093227,0.1577209929647413,4,3,1.0840429522276902,3,NON_COMPLIANT
0.9565203147697099,0.9968689219082161,0.9404937708572414,0.8683502203737281,1,0,0.9369049141989733,6,COMPLIANT
0.9136196006953579,0.9868222117812361,0.9901550522153522,0.9813921282266941,0,0,0.7614053909228669,7,COMPLIANT
0.25118435873617595,0.65598775541885,0.48050364509295695,0.17452276726970956,6,4,1.1685131814678218,4,NON_COMPLIANT
0.4719918882582209,0.3344496848360938,0.5063866439250442,0.41959258710916936,9,2,0.6750501344334564,6,NON_COMPLIANT
0.5516255690797461,0.9184171639128328,0.6075638133457123,0.7285061003620538,1,0,1.3138707761766466,3,PARTIALLY_COMPLIANT
0.9943087748412027,0.9754479520211023,0.917923720792649,0.8196735789821314,1,0,0.8313604717806513,17,COMPLIANT
0.7913628066501428,0.8698117503310686,0.5882976358518928,0.6053560345864132,3,1,0.8583208548623208,13,PARTIALLY_COMPLIANT
0.7436996952754739,0.7028474170221382,0.7437775142169112,0.5316146268882047,4,1,1.010066101477709,3,PARTIALLY_COMPLIANT
0.9849471095717519,0.9803777611146787,0.8866529733196982,0.874561924462235,1,0,1.0028874096784435,3,NON_COMPLIANT
0.3746220639269707,0.5337443090313385,0.42847336960567595,0.3312826661192073,9,1,1.1910901864951653,2,NON_COMPLIANT
0.9790379929599556,0.9972892323120478,0.9894787750750842,0.8453538359458391,0,0,1.0733716538990798,14,COMPLIANT
0.5294410581002282,0.6925006780292231,0.5681890144290631,0.2965190199478823,5,4,0.9664173098721572,4,NON_COMPLIANT
0.31562683021138144,0.5338977296614029,0.5089976902998911,0.1374391224506617,4,1,0.7051341808861272,9,NON_COMPLIANT
0.6030654958601832,0.37844785950548676,0.28962055988103397,0.4131587074689338,4,3,1.2982852766484907,8,NON_COMPLIANT
0.9604380921940693,0.9887125573850335,0.948430447056041,0.8679157956962901,0,0,0.8324081608891594,5,COMPLIANT
0.3784603525902098,0.7161320186543234,0.3552023443595157,0.28696420010298596,6,2,0.7612342010182844,4,NON_COMPLIANT
0.2554608225126308,0.6746543348245606,0.11577977453066682,0.4908057038399577,7,4,0.6103222968790781,5,NON_COMPLIANT
0.4788704255363063,0.552019043168172,0.5835225269521818,0.17145911502334332,4,4,0.6879933196296845,7,NON_COMPLIANT
0.4154239548160319,0.2977175264115376,0.5381038631938199,0.310328422509248,4,2,0.762535695495924,3,NON_COMPLIANT
0.7216562609723415,0.7092629984233731,0.6873384571202582,0.6466784599738534,4,1,0.7845109121714111,8,PARTIALLY_COMPLIANT
0.8380806351524082,0.7104931815608765,0.6648789977465797,0.5392835696704668,2,0,1.250514712239469,11,PARTIALLY_COMPLIANT
0.328061332571442,0.4309754832812821,0.29215881772918584,0.44083800721881816,8,3,1.0889754347615201,7,NON_COMPLIANT
0.31048282571980684,0.33427706528224954,0.5070894483186903,0.14234930222900843,5,1,1.0036775734210623,6,NON_COMPLIANT
0.9187307207878324,0.9972508547124247,0.9510414747995043,0.7662248198846023,1,0,1.1530095355221817,4,COMPLIANT
0.8683045741482773,0.9562562628570873,0.9775707422141257,0.8361510211118899,1,0,1.1035354519333516,11,COMPLIANT
0.439050162746867,0.27487392215991446,0.4311469571329861,0.41690219527127237,8,4,1.294585141020626,9,NON_COMPLIANT
0.6264638248640654,0.5761202087693644,0.5785150525215802,0.44553967318822196,9,3,0.6126830457555068,5,NON_COMPLIANT
0.3339487076411961,0.5989515464821943,0.5562194063445701,0.26499287970771057,6,3,1.0167689071440567,4,NON_COMPLIANT
0.9596227043067713,0.9573992073682916,0.977883667285233,0.9277211791705797,1,0,0.8138748680516048,4,COMPLIANT
0.4864900366502945,0.4960039195347661,0.40341552137712267,0.37306048053346463,7,3,0.8012628009756619,7,NON_COMPLIANT
0.6988578526054037,0.8510180251497659,0.5190888812363027,0.6947735280735909,3,1,0.8180585087309451,13,PARTIALLY_COMPLIANT
0.58516151394442,0.6146110425519572,0.27272456698657455,0.2738526566460836,5,1,0.6598686552371178,5,NON_COMPLIANT
0.9887932292189733,0.9933983321001065,0.9249524845424356,0.765335968620967,1,0,1.0034865581371326,8,PARTIALLY_COMPLIANT
0.8909109287402224,0.9278635008637097,0.5565994724155378,0.5291088825445612,3,0,0.682607047548866,3,PARTIALLY_COMPLIANT
0.2174907605026251,0.4857146109892516,0.18309058673548592,0.48798581499707605,6,2,0.7034530505292277,7,NON_COMPLIANT
0.8647891345362905,0.9558238924836668,0.8881391847167297,0.8238669811566899,1,0,0.7396401423155958,16,COMPLIANT
0.8900169745945958,0.9358568415625708,0.5930938887829796,0.4792183974531201,2,1,1.063302333404408,14,PARTIALLY_COMPLIANT
0.30896511488266276,0.6782633597184553,0.4126991214957262,0.10057888820839973,7,2,0.5273195116417433,9,NON_COMPLIANT
0.45375682277263885,0.5896986235232735,0.5434465465597781,0.49876256588191803,5,1,0.8145219529177827,4,NON_COMPLIANT
0.8397770136981499,0.8768636979332253,0.6678182209168502,0.6046129258443054,4,0,0.6650232838727101,7,PARTIALLY_COMPLIANT
0.4944057485421506,0.5338500005379931,0.3363883228234249,0.21129384906565674,4,1,1.306391300461047,0,NON_COMPLIANT
0.5408972107147503,0.5974576840638555,0.14340228685731762,0.10865627598983388,5,1,1.363133962523161,1,NON_COMPLIANT
0.35893515717710306,0.743781223692922,0.4573244517285756,0.24695075465895383,9,4,1.0920248165277222,2,NON_COMPLIANT
0.3935900435341959,0.283843586424347,0.3055135559346558,0.4158927053280047,9,2,1.4666306678944243,6,NON_COMPLIANT
0.8705579204242233,0.9931105711660969,0.9724138529371392,0.9959765909742909,0,0,1.0464601146123942,9,COMPLIANT
0.9771081895857061,0.9531197034299138,0.9002918575117443,0.7667541344378025,0,0,0.8979807943738024,19,COMPLIANT
0.901762394173358,0.9673809607241342,0.8547707022227747,0.8871788273018522,0,0,0.9303893840163628,16,COMPLIANT
0.48117903391900435,0.5283088246513099,0.179713103444151,0.35382671973799773,5,2,0.5185920586230334,4,NON_COMPLIANT
0.40967733186450367,0.2937666751428391,0.1207676354780661,0.26562223649552547,3,4,1.3741997706010216,7,NON_COMPLIANT
0.9167133847303018,0.9523216827741405,0.8520599782123868,0.9803548337190819,1,0,0.7791415253496867,11,COMPLIANT
0.950695663534642,0.9581091686203939,0.9229663580712811,0.9346347598689769,0,0,0.7987244085455658,9,COMPLIANT
0.4185925042471175,0.3668708589036511,0.2570093818611825,0.2969882490528941,5,2,0.6377855206750969,1,NON_COMPLIANT
0.6343728656163132,0.7386410016624707,0.81025575398904,0.4962392782585322,2,1,0.9924877506493914,12,PARTIALLY_COMPLIANT
0.8725605598801027,0.804448083174564,0.8024405286687348,0.4383823403717047,1,0,1.0552372599149393,6,PARTIALLY_COMPLIANT
0.7582389250695146,0.9434851458933142,0.6146415448284726,0.7231003607009002,2,0,1.0629560629741173,8,PARTIALLY_COMPLIANT
0.5775566788922186,0.870015348936989,0.6425077717311921,0.654179027154597,1,1,0.7798081901270555,5,PARTIALLY_COMPLIANT
0.6225761082067167,0.21982259139586047,0.5895270036333964,0.1234562803305796,7,1,0.5452975391734529,4,NON_COMPLIANT
0.576039168530182,0.9041439033398199,0.8039772647398868,0.6237986240617999,1,1,0.8055887502830248,12,PARTIALLY_COMPLIANT
0.8582117473389392,0.9677507633068123,0.9222850250664966,0.8757833886870799,1,0,0.8372058605001875,12,COMPLIANT
0.2229374309685005,0.7016747460577508,0.5416026009367311,0.48831925970906875,6,3,1.1827211777353028,1,NON_COMPLIANT
0.5771767703736518,0.7979236938777098,0.5538910229079894,0.5318868621517898,1,1,0.7972170366714946,14,PARTIALLY_COMPLIANT
0.9486924228672439,0.9863738538998248,0.9679758570292183,0.8109270529760857,0,0,1.1214727412280985,12,COMPLIANT
0.7112397407187468,0.9227060328776568,0.5330618490303805,0.7461064992481401,1,1,1.3711549874151545,4,PARTIALLY_COMPLIANT
0.614355634252347,0.8700357107279192,0.5198466279795163,0.5973311868890755,2,0,1.1290431698294934,13,NON_COMPLIANT
0.9449727063391034,0.9975701671103329,0.9402417730219497,0.9547972148566976,1,0,0.9967692845615735,11,COMPLIANT
0.8129455909282111,0.8696292673711036,0.569443535417747,0.5728955130502219,4,1,1.0598955961264567,9,PARTIALLY_COMPLIANT
0.7431265222528235,0.7160000206880967,0.5476797224114571,0.46337824580777937,3,1,1.1957512173102243,4,PARTIALLY_COMPLIANT
0.8584370041472759,0.9540354227096992,0.9989156479769101,0.9458959736857209,1,0,0.8342500380987476,13,COMPLIANT
0.5959078433720568,0.444567108961294,0.5657888265092883,0.2982156051416805,5,2,0.5692926494666422,3,NON_COMPLIANT
0.3687264727573988,0.2731976515450386,0.570373361538833,0.4001977537980387,9,4,1.2656132840221652,1,NON_COMPLIANT
0.8858165718652453,0.9555237056565697,0.9031933236461165,0.8218097479135205,1,0,1.0577766576171208,7,COMPLIANT
0.8720949191605385,0.8068734679985801,0.6277677289369358,0.6807774616399556,1,0,0.7731937683989359,3,PARTIALLY_COMPLIANT
0.799942534590807,0.8757127058490081,0.7149152624403973,0.5785919261772272,3,1,0.7511400534712996,6,PARTIALLY_COMPLIANT
0.9632905630745212,0.9563856741817617,0.9739101445378793,0.9455070219175965,1,0,0.731554516539575,6,COMPLIANT
0.6035110959756788,0.9111975900723903,0.5685212889945976,0.7262987504247733,1,0,1.284184290675255,11,PARTIALLY_COMPLIANT
0.20162713779720548,0.2603555959668475,0.2754251728842434,0.13344091240976563,8,1,1.2640016954807245,5,NON_COMPLIANT
0.4782531427759736,0.27127215150549144,0.10104031958814289,0.47261272056383163,5,4,1.4269406627820396,5,NON_COMPLIANT
0.5574103273073825,0.7870033384408732,0.7516473663893213,0.6684251242222058,2,1,1.1729391015651445,2,PARTIALLY_COMPLIANT
0.9779927197850803,0.992807681099733,0.8648856497379521,0.7726802206869577,1,0,0.739538010488324,14,COMPLIANT
0.6978147576860484,0.7327890559913146,0.8392531317171781,0.7444488764646076,2,0,0.8998818182374436,5,COMPLIANT
0.6299157928076586,0.7062023325106415,0.6343208756244683,0.4495420978457382,4,0,0.8200435581444002,7,PARTIALLY_COMPLIANT
0.5151642887339327,0.24134235307145221,0.149606479850351,0.17839894750995555,6,3,1.3464517003210483,8,NON_COMPLIANT
0.46217776315801395,0.5382581721018954,0.16079165354312044,0.1009874011943984,5,2,0.579636997113334,6,NON_COMPLIANT
0.6074967267217621,0.5119452051018609,0.20849887303015843,0.14911391924766032,6,3,1.047685723029144,7,NON_COMPLIANT
0.8547213220561972,0.7671687614662248,0.5424294042690804,0.5955913111441862,3,0,1.3491571382494056,3,PARTIALLY_COMPLIANT
0.701837511169682,0.8683724528782958,0.6476937581372999,0.7053433869069348,3,1,1.26862994916176,14,PARTIALLY_COMPLIANT
0.859328594426767,0.9297490407697651,0.6790446687817593,0.6201708917188102,3,0,1.0570812525655562,9,PARTIALLY_COMPLIANT
0.9235673645103925,0.9559873394250266,0.970398436622833,0.8117413531167657,0,0,0.9019881416515417,18,COMPLIANT
0.6490401612111074,0.23929809811788152,0.5911266423164997,0.48007584679895954,6,3,0.5175527175583121,1,NON_COMPLIANT
0.5993880752048246,0.29518797296987886,0.2647480621263222,0.421638736893411,4,2,1.2051754152071323,0,NON_COMPLIANT
0.7536956323326256,0.8673675009796498,0.6140454317887247,0.6009800150146818,1,1,0.693235687998906,14,PARTIALLY_COMPLIANT
0.8979384139389998,0.9795903953831663,0.8608344022408717,0.7868632523165449,1,0,0.9846406914752621,10,COMPLIANT
0.8925996053123821,0.9200629433204217,0.5979780653921674,0.4370845689704167,3,1,0.7281571305643542,9,PARTIALLY_COMPLIANT
0.8967703205433653,0.962488608122326,0.9481240231429148,0.9048097580133954,1,0,0.9810944055322626,16,NON_COMPLIANT
0.933681051349011,0.9979895510202426,0.8573042272599894,0.7745019211951852,1,0,1.1111695557284236,19,COMPLIANT
0.9329229965361862,0.9648255071823899,0.9129671284669415,0.8140517358986146,1,0,1.1566202762782356,9,COMPLIANT
0.8577960585925386,0.7098108940101365,0.8457939255470913,0.6325313937980468,1,0,0.9135649121137217,7,PARTIALLY_COMPLIANT
0.6054895374570637,0.7994900941112787,0.5804738072409462,0.5182654990212721,4,0,0.9756437711948263,14,PARTIALLY_COMPLIANT
0.6720442633765729,0.8000373884764612,0.8129191144457506,0.57381833492211,3,0,0.7150741391582869,1,PARTIALLY_COMPLIANT
0.6783480267622854,0.8554292963009607,0.5227232680429443,0.5855677440751657,2,0,1.1387366401974965,9,PARTIALLY_COMPLIANT
0.9164075450169291,0.9722895457288614,0.9586775277097928,0.7539552729413956,1,0,0.7641971447270626,6,COMPLIANT
0.8607597606722363,0.9829934933414519,0.9147376493676264,0.9409007667720034,0,0,1.0030069159680406,8,COMPLIANT
0.55323455594193,0.9020392622560531,0.5616680421574867,0.6121758247772682,2,1,0.9332737822273589,6,PARTIALLY_COMPLIANT
0.6164253721021018,0.7467180536008639,0.7017973871979124,0.6399154047658694,3,1,1.1239421878177087,12,PARTIALLY_COMPLIANT
0.4354599076890756,0.5635960719978701,0.474527806104204,0.19836121702530668,3,2,0.8083817068597352,1,NON_COMPLIANT
0.3180403289206892,0.6865967000155917,0.44573959112078954,0.366473333140236,8,1,0.559402973890771,9,NON_COMPLIANT
0.6925108085096063,0.7580683411976251,0.6871803419217088,0.469589985600268,2,0,1.1613709072528762,4,PARTIALLY_COMPLIANT
0.9904673760825491,0.9938052596299021,0.8916628935623891,0.9628621593878164,1,0,0.8080190912547998,4,COMPLIANT
0.2212528878494604,0.2443415236966808,0.13042957590239038,0.2692601261859642,7,4,1.2460812668313261,7,NON_COMPLIANT
0.4661795988960508,0.5359522139401596,0.45941987410283336,0.22522719572502675,6,2,1.3105931608770096,6,NON_COMPLIANT
0.8306874017578998,0.8883242801372704,0.7435522658095447,0.5706144329104403,1,1,1.3464752584878834,7,PARTIALLY_COMPLIANT
0.2655618899735165,0.5189425790252813,0.2918633797456366,0.13743413642830382,7,4,0.7093481159678516,1,NON_COMPLIANT
0.6153689456945032,0.8846374685925273,0.6677733012255416,0.5588096156830056,3,0,0.6718378128582883,11,PARTIALLY_COMPLIANT
0.8759535804626747,0.9633386031811961,0.8679296304320616,0.8075798061707193,0,0,0.7246472463822082,3,COMPLIANT
0.5692891462842302,0.5507153565242013,0.4272572333710586,0.1338599738425643,6,3,0.6069360634957439,1,NON_COMPLIANT
0.2331108371718882,0.26566092712227035,0.1805091664121182,0.3132330642699209,9,3,0.857235416616782,9,NON_COMPLIANT
0.25683946697992477,0.3897170574319582,0.4365703985698062,0.2088620060385071,4,1,0.8385446476334715,6,NON_COMPLIANT
0.2705737050634723,0.6754976890936466,0.25566643581646353,0.2307131383876874,9,4,1.3858996238957495,0,NON_COMPLIANT
0.9561532489495927,0.9986388161446043,0.9739058577499857,0.924828843781551,1,0,0.7090032778002272,9,COMPLIANT
0.5648836217316825,0.8049367437295514,0.6613671385265925,0.6768752502173394,2,0,1.253488384432818,11,PARTIALLY_COMPLIANT
0.9441503315738213,0.9596008042370018,0.8719031528945443,0.9845160348920328,0,0,1.0728588331023936,13,COMPLIANT
0.844685459046422,0.9267240979084569,0.5251613091100047,0.6220925493015694,2,1,1.3583336631475975,11,PARTIALLY_COMPLIANT
0.9456532370343903,0.9621011039990438,0.957107908506719,0.7728478715829441,0,0,1.1091847832406687,17,COMPLIANT
0.886258243614815,0.729989051937048,0.7582685187827461,0.44492621451331926,4,0,1.0800991519515972,1,PARTIALLY_COMPLIANT
0.574010344713301,0.834345960609842,0.556044884064624,0.40270559356912217,2,0,0.6553222725422109,6,PARTIALLY_COMPLIANT
0.5852816747039952,0.7351309310450214,0.7570723402138678,0.702738995800668,2,0,0.9479913911301823,4,PARTIALLY_COMPLIANT
0.7539178253623862,0.779232250820559,0.7137165555687239,0.7383982812856207,2,1,0.7446207638725815,9,PARTIALLY_COMPLIANT
0.9225247127660205,0.9714574745979161,0.8612343763002975,0.7765400883868668,1,0,1.1228336745493857,12,COMPLIANT
0.2634470292646899,0.5364196426967313,0.21184607166603167,0.35566213826011595,9,4,1.4465059953974575,2,NON_COMPLIANT
0.5378414421270606,0.4781864802491399,0.5513464889612296,0.3304666696507468,5,2,1.1658506094929948,2,NON_COMPLIANT
0.5660868039538887,0.9192899505045027,0.5041414925579203,0.4214623439922738,3,0,0.7909907562900799,6,PARTIALLY_COMPLIANT
0.603225509374093,0.3905748740592663,0.5304208015487378,0.12155473937086558,9,4,1.4120343670333027,3,COMPLIANT
0.3277391452916838,0.6299665645963184,0.33020587001277746,0.49746825876795386,6,1,0.9632610661002163,4,NON_COMPLIANT
0.6647044348387249,0.7939902755403384,0.8139701139303022,0.4059927300290067,4,1,1.2655306500567685,9,PARTIALLY_COMPLIANT
0.7533871856442638,0.8264958322892658,0.6395244673187344,0.4418706538306246,4,0,1.258211148373896,1,PARTIALLY_COMPLIANT
0.6232969358800984,0.9425191547275003,0.7337510777838882,0.6724935589314898,3,0,0.6062453555911121,1,PARTIALLY_COMPLIANT
0.6741194830550915,0.7115082840354297,0.8453714590849452,0.49229438940787346,4,0,1.0339533671054661,12,PARTIALLY_COMPLIANT
0.5794326319958081,0.6940483072986143,0.3239710056411931,0.11941038063067722,6,2,0.5665719473024351,1,NON_COMPLIANT
0.595718569076807,0.7605589150189518,0.585170359221543,0.7071177185680915,3,0,1.240967920194903,10,PARTIALLY_COMPLIANT
0.9383997467421592,0.9762570425884814,0.8804490338786796,0.8629672611630694,0,0,0.8621254369259852,7,COMPLIANT
0.5628579391124452,0.4533880398067544,0.1376561617285649,0.3876221591107464,5,3,0.5488882295051852,6,NON_COMPLIANT
0.6074922823022184,0.9114953231115033,0.7843408694109604,0.5667691227493447,1,0,1.2286934853647078,9,PARTIALLY_COMPLIANT
0.9239172018797434,0.9580356674595493,0.9967398195294211,0.7896300585068523,1,0,0.8745262122307756,4,COMPLIANT
0.9727570637169303,0.9520069429542682,0.9834870064544294,0.9979906868096609,0,0,1.0260465309408253,12,COMPLIANT
0.9802827259480433,0.9532343446757565,0.9933736725581128,0.7562854895693182,0,0,0.915213705160495,14,PARTIALLY_COMPLIANT
0.33511198111226237,0.5768482179991209,0.5027583143415313,0.25138870592546136,7,3,1.3837359561360547,4,NON_COMPLIANT
0.6438513558380217,0.7826119244046619,0.6660912492568608,0.42427308485650883,1,0,0.9658086436734564,10,PARTIALLY_COMPLIANT
0.7013168649575329,0.9448154664021606,0.5310215411623532,0.7227808044435554,2,0,0.6388533224474368,5,PARTIALLY_COMPLIANT
0.5886450381360557,0.858642627133559,0.7353422027584515,0.6379571205280808,1,0,1.138118991545897,1,PARTIALLY_COMPLIANT
0.9121651070452497,0.988122226096955,0.9850468359361737,0.9162044976790678,0,0,1.022618822276666,8,COMPLIANT
0.7822965676241896,0.7952751284029534,0.7518145809596835,0.517657868502853,4,1,0.8222935201151153,4,PARTIALLY_COMPLIANT
0.31980043729087204,0.35045422731268117,0.29519019507192623,0.28405088666671774,8,2,1.341999165666328,6,NON_COMPLIANT
0.2166988301922335,0.5583523806244132,0.5942435725169205,0.3536187069876996,8,2,1.1679103011456768,4,NON_COMPLIANT
0.9063731828511912,0.9549573056138811,0.9434431066275073,0.8617185488001098,0,0,0.8511978701519611,11,COMPLIANT
0.6439939371733878,0.8078514259174463,0.6325630069542358,0.6216685036449063,3,1,0.6362971378190585,5,PARTIALLY_COMPLIANT
0.9117061857118884,0.9563193211202833,0.854176586136612,0.9056830705732083,0,0,0.829295795567392,9,COMPLIANT
0.881778071232878,0.8429706470665275,0.6069470713575005,0.5734336181591456,2,0,1.3156310817924728,5,PARTIALLY_COMPLIANT
0.8549214436192912,0.9818021234389984,0.9046531357642348,0.8238104506224105,0,0,0.9534602189809173,5,COMPLIANT
0.9226586778401273,0.9846902778483706,0.9329143552050374,0.8040626320466322,0,0,1.1027161646499932,8,COMPLIANT
0.6013732525725274,0.9425411161310214,0.7553622004793523,0.4875724875124341,2,1,0.8252804881882011,1,PARTIALLY_COMPLIANT
0.6044866439396914,0.8576054370422308,0.757394908927451,0.7008753686978886,4,1,0.9357230741368083,4,PARTIALLY_COMPLIANT
0.7366643949635278,0.8648725427719129,0.5145611316743625,0.652516978956906,2,1,1.0811412681798405,14,COMPLIANT
0.8508458364287128,0.935661536619916,0.6901794605353947,0.4527303811961214,4,1,1.319048874421937,7,PARTIALLY_COMPLIANT
0.30571771848083823,0.7389842092849777,0.2815882504080479,0.1676268244658452,5,3,1.2252857696349473,6,NON_COMPLIANT
0.6335411085009542,0.7498104696461545,0.6736823108544829,0.7150969594946921,4,0,0.8348897320517997,2,PARTIALLY_COMPLIANT
0.5544743542832473,0.515846679280494,0.14485243852098392,0.45603326781870324,5,1,0.7023635603217894,8,NON_COMPLIANT
0.5722088832292441,0.30287594067715223,0.280330562091593,0.3222046824289609,7,1,1.4390691921010683,1,NON_COMPLIANT
0.7236615741353903,0.90618079101923,0.6407547336453886,0.4358380619776118,2,0,1.1498978935489066,6,PARTIALLY_COMPLIANT
0.7212515551263169,0.7477372147188607,0.5054853308610541,0.546299390903938,4,1,1.3561518089016051,6,PARTIALLY_COMPLIANT
0.6933236974209431,0.7423800400823656,0.7648108744028491,0.691371316046807,3,1,1.1342358342452559,3,PARTIALLY_COMPLIANT
0.9540576411105007,0.9583365379996691,0.9817943673060158,0.8738559066009914,1,0,1.1469462915254787,6,NON_COMPLIANT
0.644975662316898,0.7463018779109734,0.7384596148717595,0.5866882120273815,2,0,1.3961275281600969,5,PARTIALLY_COMPLIANT
0.8794146569107589,0.9805390035537884,0.8921024823273961,0.8017481446096066,0,0,0.9685037441756792,19,COMPLIANT
0.9882590004177492,0.9878734525361551,0.9597557909084727,0.9272951759486012,0,0,1.0077454798333596,5,COMPLIANT
0.8592828552520713,0.9767683970590826,0.9349107469672248,0.9378632361148359,0,0,0.8873609852536881,16,COMPLIANT
0.28758228097205735,0.5213938214436875,0.3951582682494911,0.21776924011883245,8,1,0.8992005174516047,9,NON_COMPLIANT
0.5501286312766551,0.3235751269847321,0.49365919527682656,0.3782421108659,6,3,0.9747556737134105,6,NON_COMPLIANT
0.7419656974113887,0.7712890721854211,0.8272804113764736,0.6417979114131173,1,0,0.8928107134721208,14,PARTIALLY_COMPLIANT
0.31578165541237,0.4798142009443808,0.3762848759509785,0.23164371242509288,8,1,0.7792786378984922,4,NON_COMPLIANT
0.6032209047223114,0.8980539759511936,0.5217158411476404,0.4285710774479684,1,1,0.9261368716137098,12,PARTIALLY_COMPLIANT
0.25127552615623056,0.37349445634504386,0.14538988017734286,0.26295333032177354,8,1,1.2149231264211244,7,NON_COMPLIANT
0.900483132233309,0.9827861317690371,0.9078094931448347,0.9204034172431974,1,0,1.1072342412944678,11,COMPLIANT
0.42872889787621593,0.31203681041111697,0.4815949353597474,0.19654825520160157,3,2,0.500964961843564,7,COMPLIANT
0.2605651102180835,0.5305112803320406,0.34658982437076036,0.24986389364121653,9,4,1.3261386603553316,4,NON_COMPLIANT
0.293453591761598,0.4966140451088437,0.23897907856549247,0.29743097546887287,5,2,0.7690510550804857,3,NON_COMPLIANT
0.5541482534449831,0.6142787910807792,0.4593535963935461,0.12021199017518686,9,2,1.001878641251858,3,NON_COMPLIANT
0.868816267667578,0.9893241517147953,0.852709032963994,0.8706820968691958,1,0,0.8402316121023261,9,COMPLIANT
0.5484621737817146,0.20028049395876898,0.352513544251147,0.19409383198825864,4,3,0.6529054440502285,3,NON_COMPLIANT
0.8851797660360441,0.905645933040358,0.7315537074814576,0.4570004020732397,3,0,1.3179999019209632,2,PARTIALLY_COMPLIANT
0.8491919529330676,0.7000774329787515,0.808798383265884,0.4069019062715094,2,0,1.3449573441637561,11,PARTIALLY_COMPLIANT
0.3840622044115918,0.3075264246081045,0.5812847936888161,0.16180072459812136,5,1,0.928473098156582,8,NON_COMPLIANT
0.3176061109329512,0.3887245544326814,0.3574266442305605,0.4419476099133104,9,3,1.3352497040162337,4,NON_COMPLIANT
0.8016024255093338,0.9190082178803163,0.6522818243448335,0.5873833343837214,2,0,1.2687392584222508,1,PARTIALLY_COMPLIANT
0.604504104173171,0.8922169406229932,0.7515727132046504,0.41604178952204907,1,0,0.8271339197315445,6,PARTIALLY_COMPLIANT
0.6474688596149762,0.7239121498890017,0.5576998593312925,0.46088173056146764,1,1,0.9295179826896889,9,PARTIALLY_COMPLIANT
0.8500980086141949,0.9935334517062758,0.9688892219813702,0.9068322337726695,0,0,0.816027869850578,6,COMPLIANT
0.8773687060978735,0.9982604819272868,0.9142275909800759,0.9080048021056091,0,0,0.9522279708346777,5,COMPLIANT
0.7072535373136891,0.7717772777318924,0.5366232324246689,0.6672257296521282,4,1,1.0848876798823783,2,NON_COMPLIANT
0.891435598746273,0.9990826661926224,0.9290897771372885,0.9766052409786092,0,0,1.0370651477680315,13,COMPLIANT
0.8611642627657773,0.9751845880618722,0.8773937695379651,0.8934937937579355,1,0,1.137208501833339,19,COMPLIANT
0.68652312301167,0.9158942507847865,0.8252413413192622,0.5062086257573621,3,0,1.2603023822951773,13,PARTIALLY_COMPLIANT
0.9358964279673376,0.9628371748154879,0.9706143504450389,0.8564844271167349,0,0,1.0651245947647856,15,COMPLIANT
0.9836714670547106,0.976385055454315,0.9989447194178951,0.7684491411838497,0,0,1.0477055615533237,17,COMPLIANT
0.7440265902197958,0.8227329327041163,0.6521430800079286,0.5983104714325669,1,1,1.1758091304154656,14,COMPLIANT
0.7619495958628756,0.8699682184867936,0.725025922856266,0.7013955850656735,4,0,1.020287014778883,13,PARTIALLY_COMPLIANT
0.6955707865264507,0.7763453704921159,0.8239405140517782,0.5314970318830947,2,0,0.8131977600102762,5,COMPLIANT
0.8627149231639499,0.9903812934781487,0.9657210017289409,0.978784705101224,0,0,0.8744352083026452,7,COMPLIANT
0.894593080642199,0.961499687698162,0.9116955958099346,0.8101328962950372,0,0,1.0952602551358366,11,COMPLIANT
0.4051654731651689,0.6687912905239509,0.5119560637283145,0.4567709912504224,3,4,0.9471569567717586,4,NON_COMPLIANT
0.8747222223594155,0.9565864386727281,0.9588969864977943,0.9544463324642363,0,0,0.9441970650324698,14,COMPLIANT
0.9530558725873721,0.9829041292374595,0.867551758728692,0.9499294784046799,1,0,0.8641165528391697,6,COMPLIANT
0.7686588109672603,0.8893817485332111,0.7943596732150942,0.6666345839065524,1,0,1.3900685932308594,2,PARTIALLY_COMPLIANT
0.8372363841903747,0.8127910009218989,0.7112755835770957,0.7134320421332891,2,1,0.7215940491557418,3,PARTIALLY_COMPLIANT
0.6103147658192538,0.9050548604209678,0.6173258396891029,0.43341193754493995,3,1,0.8436639576697992,9,PARTIALLY_COMPLIANT
0.8610249342770343,0.756725191810952,0.8252482280900332,0.6511020578073887,1,1,0.7958716406476164,2,PARTIALLY_COMPLIANT
0.35778623666528353,0.7037310120265221,0.2957488691426333,0.4285065877696578,3,1,0.5481695431364311,4,NON_COMPLIANT
0.718865208046523,0.9013053024283765,0.7817458196209728,0.7242292679847128,2,0,0.8316341982349639,7,PARTIALLY_COMPLIANT
0.7540101005415263,0.8529344764606179,0.7550482369663734,0.6664240303079159,3,0,0.7348477376449774,6,PARTIALLY_COMPLIANT
0.9527802180654799,0.9990948570017623,0.9536658805080777,0.9707982632309021,0,0,0.8340235936893188,15,COMPLIANT
0.22407419363990827,0.7389671312148454,0.40481014189944053,0.28815854113758893,9,1,1.0730706585169314,7,NON_COMPLIANT
0.8343036193982184,0.7405056040911099,0.7588335519935285,0.5517407931050758,3,1,0.8478718172221426,11,PARTIALLY_COMPLIANT
0.3858622002341877,0.3267736346615272,0.3542063497636726,0.3638680170798313,9,2,1.2157773516660826,4,NON_COMPLIANT
0.7642555306301302,0.8082432624599265,0.5248585986772644,0.5707568120993208,4,1,0.6958598069674138,4,PARTIALLY_COMPLIANT
0.7784659145916439,0.8923489442102005,0.5548482535170217,0.6595310383144466,2,1,1.3661307798471785,8,PARTIALLY_COMPLIANT
0.5667886455028166,0.9205120465019246,0.6555378366205195,0.606130276977572,1,1,0.8072313680964117,6,PARTIALLY_COMPLIANT
0.23973398654038225,0.5708863516751297,0.29509992984830313,0.42765004069709867,6,1,1.3069774029964303,6,NON_COMPLIANT
0.23685740265698926,0.4085225730233474,0.18769325204367268,0.3597753690314054,7,3,0.7473432065588836,6,NON_COMPLIANT
0.5516326667769735,0.7087405251891534,0.3814078099088962,0.15582672692332866,8,1,1.2703412394526787,9,NON_COMPLIANT
0.5879744207746535,0.8070875709532876,0.6626526846695623,0.7421653786333136,1,0,1.288844072974073,12,PARTIALLY_COMPLIANT
0.22500780898191564,0.26337420172027826,0.1539331371582954,0.12099362592902252,4,4,1.494352457902536,7,NON_COMPLIANT
0.9770907501582788,0.995111820173112,0.981603341830789,0.9935930596698144,0,0,0.9529789538674658,13,COMPLIANT
0.8523262495939888,0.9640440982593121,0.8811934538934085,0.7604963572273971,1,0,0.8947024694894377,10,COMPLIANT
0.859874476504473,0.9846286400038791,0.935784628368843,0.9768657940866063,0,0,0.9459339109586034,3,COMPLIANT
0.9735328339917728,0.991034808038339,0.9216025597183601,0.8377047773337539,1,0,0.7791519500528071,19,COMPLIANT
0.786054374978404,0.8009332510262325,0.8018331345834959,0.46337201469058753,4,0,0.8174767471873619,2,PARTIALLY_COMPLIANT
0.8794368575059248,0.9562774894949239,0.9945219921211491,0.7770111398441018,1,0,0.8490378252624113,15,COMPLIANT
0.8395844677625754,0.8696623592957167,0.5228199183471527,0.507601386391743,1,0,1.3396982542740228,12,PARTIALLY_COMPLIANT
0.3548735870383118,0.3542774796076199,0.3068123013053955,0.38561951975299336,3,3,0.6825987495285402,4,NON_COMPLIANT
0.3949873150644134,0.2935735889799385,0.35743995998613043,0.13388739875203412,8,4,0.5779271328811202,5,COMPLIANT
0.650960422646345,0.7622549905266927,0.8287191014890167,0.683236042863719,2,1,0.817414958139038,9,PARTIALLY_COMPLIANT
0.3137765740518822,0.23721175507027598,0.1636855772470999,0.14486302034634724,7,2,1.4304348480346278,6,NON_COMPLIANT
0.8305006337730259,0.880249605011226,0.7449400418788472,0.7354939027823348,4,0,1.3455066254691406,12,PARTIALLY_COMPLIANT
0.6996921258117115,0.9390049276216417,0.5751572937925471,0.580832490945356,2,1,1.3843314881862454,1,PARTIALLY_COMPLIANT
0.8326245560798313,0.7338099569961806,0.7083806782921127,0.5199591447560961,4,0,0.6610685137331622,10,PARTIALLY_COMPLIANT
0.8893705877681897,0.9762629209390792,0.8666813121007327,0.967042323831626,0,0,0.7634120112752094,4,COMPLIANT
0.884999923397399,0.9812665084977227,0.9620617400693543,0.8046784722266348,0,0,1.0252126244119322,15,COMPLIANT
0.9799438653973271,0.9582314214129334,0.9122687409302082,0.7535827264667503,0,0,0.9858038247414719,15,COMPLIANT
0.9524604362785186,0.9830363696554576,0.992590955736981,0.9324196034118103,1,0,0.8148511576810671,15,COMPLIANT
0.8997672929908904,0.7770887676580776,0.8095737871778522,0.6366818072641671,4,1,0.8842137744458668,10,PARTIALLY_COMPLIANT
0.8593789443614268,0.9729470258298409,0.9599100212179248,0.901682931179359,0,0,0.9974016073388947,18,COMPLIANT
0.6442446485068227,0.8476474144346462,0.7135625016828246,0.4538909454103402,3,0,1.360274781211124,1,PARTIALLY_COMPLIANT
0.6310952303615505,0.835467485763288,0.5769157599219508,0.6275351934276938,2,1,1.1401150835550786,9,PARTIALLY_COMPLIANT
0.6255010420491084,0.5701337221614415,0.12697373841805612,0.16208271167171337,5,1,1.278476829116237,4,NON_COMPLIANT
0.6353763973335758,0.9097115039593844,0.6315589987827488,0.5862594862996633,2,0,1.2967124560213332,6,PARTIALLY_COMPLIANT
0.6957372595496721,0.8127268345472385,0.7894162404094389,0.43430189520482965,1,1,1.1866892117856747,14,PARTIALLY_COMPLIANT
0.33921509021134,0.5090155060955615,0.5558017589298117,0.2796390901929971,4,2,0.9655147251288725,9,NON_COMPLIANT
0.8575175588826505,0.8959183982549009,0.642804958449394,0.7436328079512394,2,0,0.6884966561858307,4,PARTIALLY_COMPLIANT
0.7545644760756146,0.7976405256067579,0.5383592546172945,0.7134058598183477,3,0,1.1890440127847284,7,PARTIALLY_COMPLIANT
0.8573963480664737,0.9628739608246234,0.8703492200740567,0.8150120100631084,1,0,0.893348224993731,4,COMPLIANT
0.965387583886238,0.9798361495053108,0.9005803052753429,0.815627151066636,0,0,0.7565679688370117,15,COMPLIANT
0.8546585314052734,0.97770906277244,0.9643049081558577,0.8843447976109637,0,0,0.7459922553353999,15,COMPLIANT
0.22277487834072807,0.5044167244713804,0.24746306692265632,0.15346809954588086,9,1,0.7174168342552567,1,NON_COMPLIANT
0.5619448736453545,0.6013860026650781,0.3260063733469887,0.22478000367432643,8,4,1.0677327799810192,3,NON_COMPLIANT
0.9796649870302546,0.9793468253279454,0.9371425569832269,0.9976697892664415,0,0,1.0665018098141767,4,COMPLIANT
0.8567071103833779,0.7680547002099438,0.6197268785898747,0.7257587887268444,2,0,0.9956890503388351,11,PARTIALLY_COMPLIANT
0.927504438613985,0.9828555664250084,0.9153509348016836,0.9325098291404547,0,0,0.8238654947505787,18,COMPLIANT
0.6012691970532225,0.4100436182033921,0.456957370851253,0.3606193709391742,8,2,0.8189992755898587,8,NON_COMPLIANT
0.39367765634491325,0.3540856822506494,0.5206847676245326,0.17990055901318006,4,4,0.9457916510280063,4,NON_COMPLIANT
0.9996508394896989,0.9631775739748388,0.8918695706161405,0.9826680638905996,0,0,1.1990999538328087,13,COMPLIANT
0.3045389493719817,0.22679554433366136,0.2454518600844632,0.25965572345130805,9,4,1.2977045624757104,2,NON_COMPLIANT
0.9212756299033942,0.9658629587178433,0.964945610667835,0.8744871481455659,1,0,0.8528242484180917,11,COMPLIANT
0.9744344073524575,0.9854694410912193,0.8658102066094693,0.9597134654760172,0,0,1.0528176981844908,19,COMPLIANT
0.97286534765113,0.989970793948449,0.954204470628164,0.8180362843074906,1,0,0.7515468730068724,7,COMPLIANT
0.7082486692928567,0.830923583061172,0.8438565749664761,0.4209927452670308,3,1,1.1104876169631597,1,PARTIALLY_COMPLIANT
0.3473054936295575,0.6549626400477044,0.48449200008820326,0.21265431734138274,4,4,0.6181626385339496,5,NON_COMPLIANT
0.8822096767876706,0.906439614404242,0.6230767069398665,0.7170567477336702,3,1,0.7372181550297495,12,PARTIALLY_COMPLIANT
0.5710771275558327,0.7203724943273191,0.7250545430646681,0.5627932597017229,2,0,0.8598592877988437,12,PARTIALLY_COMPLIANT
0.7708730223586937,0.8284916281306614,0.7480465012247762,0.5367917422435277,2,0,1.2701365035641472,12,PARTIALLY_COMPLIANT
0.756966869396262,0.7303008193429231,0.5644104526388617,0.7340243708636955,2,0,1.2991257910281335,8,PARTIALLY_COMPLIANT
0.2218238160022722,0.356155060005114,0.41456110966949977,0.3336778541338248,4,3,1.2172829719321068,5,NON_COMPLIANT
0.8593254717910506,0.8748427392027442,0.6195607913265619,0.5516119671415606,3,1,1.0174664387958798,13,PARTIALLY_COMPLIANT
0.28771729876915897,0.5903933488971946,0.13756422082190925,0.2271851711661574,6,2,1.44994260688754,4,NON_COMPLIANT
0.5908822694657894,0.6855052614402346,0.32248332836754423,0.3030639985804924,4,1,0.9494367753080455,6,PARTIALLY_COMPLIANT
0.44021527141625516,0.6124908243666751,0.2477716055779838,0.40319843095412866,7,1,1.2282222094075168,3,NON_COMPLIANT
0.5062473426665483,0.47614968524881923,0.3913737370470213,0.43674294530572855,9,1,1.0603336247364425,7,NON_COMPLIANT
0.4366806946706183,0.23577161464288682,0.29966541646359357,0.36649396160231495,6,4,0.9256534478156052,6,NON_COMPLIANT
0.7372873730002112,0.8278770911914096,0.592987462925993,0.727529941035252,2,0,0.7998848881286675,11,PARTIALLY_COMPLIANT
0.6019348823761173,0.8590100887829715,0.8323234011087066,0.7488568196030335,3,0,0.7574493995682456,3,PARTIALLY_COMPLIANT
0.7496602703507513,0.7231057292262675,0.6505650533724796,0.6053216595405557,4,1,1.2543317008373318,5,PARTIALLY_COMPLIANT
0.31774205596007016,0.3315286623758178,0.5422848727882708,0.4096521524247402,3,4,1.3326659498270859,2,NON_COMPLIANT
0.745715057992947,0.8330331848955881,0.6408083368270131,0.4565592845853074,1,0,0.8293284650296183,14,NON_COMPLIANT
0.8614876126253181,0.9417802945636868,0.5246539950895911,0.5649531899866609,2,0,0.6707025967687231,12,PARTIALLY_COMPLIANT
0.8006575883621639,0.733854712454457,0.6019528115219268,0.450648722647782,1,0,0.9944613678300591,12,PARTIALLY_COMPLIANT
0.8618047865061264,0.9801877571918807,0.8745897581429803,0.9339883901287945,1,0,1.1948682988561354,11,COMPLIANT
0.42622044862759745,0.4597463257394383,0.2546047661591784,0.23551460215341918,5,4,0.8066647953149948,7,NON_COMPLIANT
0.8310696762619126,0.8979237748004366,0.567605212892343,0.6337735657586296,2,0,0.9011100301875802,5,PARTIALLY_COMPLIANT
0.5768683580007433,0.7775594653601836,0.6773370119874841,0.6046310361101165,1,1,1.2332328050665602,12,PARTIALLY_COMPLIANT
0.5090550357612733,0.6726466131840486,0.2935277063010433,0.45024720797627704,8,3,0.6970158796150193,7,NON_COMPLIANT
0.2880240483134866,0.5357615312445234,0.31006403949780903,0.45423963793993416,4,3,1.0969513962618158,6,NON_COMPLIANT
0.8579205940702792,0.9743298831121876,0.9399053448494401,0.9005364110131202,1,0,1.1125247050900309,19,COMPLIANT
0.8870901307847079,0.7307188949735381,0.5892086847439143,0.6847697580780431,1,1,1.161528721545554,10,PARTIALLY_COMPLIANT
0.8603485013065689,0.9997901183889959,0.8933214954931135,0.7873170031673118,0,0,0.8023569737975507,12,COMPLIANT
0.5116444121927166,0.3608658937077095,0.3609064393737602,0.3041674039344663,9,1,1.2175467682883339,9,NON_COMPLIANT
0.9282567702050377,0.9631334867665242,0.9650918766273445,0.9816663884717175,0,0,0.8686062452031429,10,COMPLIANT
0.8853879102813762,0.7227529517206293,0.5808626482814708,0.41630297973028957,1,0,1.0351491298322144,13,PARTIALLY_COMPLIANT
0.22840857214600388,0.5452663924938781,0.17231416906172373,0.30155887931703307,8,1,0.6280785089848793,7,NON_COMPLIANT
0.9553123850326745,0.9753694882542578,0.9162255884921762,0.7826681576033157,1,0,1.1583780015593734,16,COMPLIANT
0.6937719813335017,0.919211999562864,0.6846300819609907,0.5169753526797659,3,0,0.8331667341263175,14,NON_COMPLIANT
0.7152983375150804,0.8384590206255551,0.6854212203398795,0.5126079604503972,1,0,0.779960035101627,7,PARTIALLY_COMPLIANT
0.5172430873149114,0.24530995649312587,0.2778242164158484,0.27360000663819084,3,3,0.6726272702692238,1,NON_COMPLIANT
0.6074647374197256,0.7308658934326839,0.8430181800417696,0.5378017093785632,4,1,0.685840968296538,6,PARTIALLY_COMPLIANT
0.8690069102851358,0.9783148071862043,0.9097600699914137,0.8211489486339796,1,0,0.9431860504125738,13,COMPLIANT
0.40491546700946646,0.4960850821193459,0.41734280718360117,0.4829273463941449,7,3,1.3837251519534115,6,PARTIALLY_COMPLIANT
0.9922162480257164,0.9722623056142394,0.968320339585804,0.9099013902944204,0,0,0.9561818887728952,6,COMPLIANT
0.791395537201654,0.8812177133949701,0.7443409234292332,0.5088405574840617,4,0,0.9163840224253255,11,PARTIALLY_COMPLIANT
0.6101420949209208,0.7895367166004232,0.5675270527024784,0.47136026641118334,3,0,1.1941053974505147,10,PARTIALLY_COMPLIANT
0.9410702921325366,0.9694363173938273,0.886044868517555,0.7737413188070941,1,0,0.7690077435100258,13,COMPLIANT
0.27332139753607076,0.3213552695734264,0.2175851195623059,0.27229678995251816,9,4,1.021784766714886,1,NON_COMPLIANT
0.6004571410610149,0.9182542774852704,0.5994623001365919,0.606980469500492,4,1,0.8891826672754204,13,PARTIALLY_COMPLIANT
0.7147071355306243,0.752850046140225,0.6878201165056314,0.735293718763185,2,1,1.185076076148217,4,PARTIALLY_COMPLIANT
0.9465934869171421,0.9690475922511738,0.8581848112424049,0.8998652849146791,0,0,0.9296657204002714,8,COMPLIANT
0.5225023407273219,0.25525081271242955,0.41227875125604563,0.14520505013879137,4,3,0.677870633534228,5,NON_COMPLIANT
0.8494696885373318,0.8199957663822479,0.789502568426357,0.6859945487595507,4,0,1.2396760639536342,10,PARTIALLY_COMPLIANT
0.20461746278202295,0.5970722819109887,0.45725054628392514,0.26711346852529105,5,3,0.8716338125727479,8,COMPLIANT
0.467673669811544,0.6314538067913587,0.4745524806998739,0.3286949244641289,8,1,1.2457821580012718,7,NON_COMPLIANT
0.6659879486299232,0.9443103912501122,0.8022050967286167,0.5130652546165109,2,0,0.9343341478651503,7,PARTIALLY_COMPLIANT
0.8989932858622013,0.9811657216879529,0.858449991669886,0.7559710478297856,0,0,1.1871747282620153,11,COMPLIANT
0.5128875549210334,0.5986304612259132,0.5967399671668135,0.37734497468045036,4,2,1.014813290181972,2,NON_COMPLIANT
0.3734217889736903,0.3001869885934663,0.23238135651636824,0.38255505382337096,8,3,0.8725451124153805,2,NON_COMPLIANT
0.596148196375189,0.826920956158771,0.7423541233813454,0.6205649491691003,1,1,0.9606365890448791,5,PARTIALLY_COMPLIANT
0.6914682078631085,0.8561832129739035,0.811233348134389,0.4734393040816965,4,1,0.9928543597228627,2,PARTIALLY_COMPLIANT
0.84353000407236,0.7258941415257537,0.7932051845179298,0.45346265108366585,1,1,1.136282911729439,13,PARTIALLY_COMPLIANT
0.4521647049482372,0.6690313458007234,0.3659972196206741,0.487279924985214,9,3,1.453091872978622,1,NON_COMPLIANT
0.7966745027067044,0.9127014894918621,0.8340325100773125,0.4738392513990948,4,0,0.9441828027216657,1,PARTIALLY_COMPLIANT
0.7361936299667503,0.8521280856313367,0.6377181927060191,0.7376880939152868,2,1,0.685345917985388,7,PARTIALLY_COMPLIANT
0.626578023051853,0.8304837410161442,0.5543701558785059,0.6333146853079997,3,0,1.2765959026606104,14,PARTIALLY_COMPLIANT
0.8893612564733953,0.9710856308762958,0.8559883798845627,0.862269628533719,1,0,0.8730984433401638,16,COMPLIANT
0.20255970058821968,0.27557542862869555,0.3196147385845942,0.15861462031562934,9,4,0.6071524625391655,7,NON_COMPLIANT
0.9154189793702975,0.9647232879770958,0.9922679960443235,0.9409014485399402,1,0,0.7571189629601984,16,NON_COMPLIANT
0.9802835542374191,0.9782319928948101,0.9274941387781412,0.8211500955761702,0,0,0.842602901340207,7,COMPLIANT
0.9696871239423841,0.9697985236331227,0.9872635102610565,0.883257216811535,1,0,0.9238014701601085,8,COMPLIANT
0.363996310146833,0.28086650506833033,0.2748008662021433,0.1897513335720742,8,4,1.2410857977382197,6,NON_COMPLIANT
0.850770944137834,0.9722704760552893,0.8626383066126957,0.9206631512610497,0,0,1.0759125729783405,10,COMPLIANT
0.7395020668134458,0.7046164762233089,0.5216912625963318,0.7108281337905817,2,0,0.9446195297899878,9,PARTIALLY_COMPLIANT
0.5426782893544357,0.6763978569047788,0.401522284649774,0.4263618345525828,3,4,0.7285870587048169,5,NON_COMPLIANT
0.3234931052478222,0.7438143794573935,0.5610048102448885,0.3930063879730856,7,4,1.2665891118609018,6,NON_COMPLIANT
0.49181750384155754,0.5210331205418786,0.19174160218001154,0.34137194339790683,3,4,1.1092383555719223,0,NON_COMPLIANT
0.35661848170195704,0.22153003248495912,0.11828288895455422,0.4036853660842873,8,3,0.6560364492051081,4,NON_COMPLIANT
0.598909230847524,0.7975426788179307,0.5994475524718894,0.6565227908706992,4,0,1.2036186459404516,10,COMPLIANT
0.9019838139724822,0.9703857885332612,0.8688348367955877,0.7928237394554176,1,0,0.7173363521130331,15,COMPLIANT
0.9895256448157637,0.9922124351202909,0.9513771619696505,0.7847789622227719,0,0,1.0565230253171594,15,COMPLIANT
0.7200244400243314,0.8253101193563382,0.5837118782000816,0.6065326898208028,3,1,0.8348685107394256,2,PARTIALLY_COMPLIANT
0.8113525605894218,0.7274649392631833,0.6486392220939361,0.40622479944186923,2,0,0.7127197104585008,10,PARTIALLY_COMPLIANT
0.5761717345363536,0.6562651790508323,0.17892296893469986,0.11017293654477607,9,1,1.459654195720974,6,NON_COMPLIANT
0.21374389016738227,0.2501833167625465,0.13851334818561575,0.25934451450669604,3,2,1.3440563327871358,8,NON_COMPLIANT
0.5895186186006066,0.8705501514832986,0.6542472548434076,0.6788068277391754,3,1,0.6289478380263401,1,PARTIALLY_COMPLIANT
0.8747926735214436,0.9500996067609535,0.9578109426780296,0.9331002622645947,1,0,0.8483933410099253,3,COMPLIANT
0.38612578834328926,0.36731625749009966,0.5384691425518664,0.31911384161935474,9,4,1.100688891859583,0,NON_COMPLIANT
0.882766477432496,0.9560123613255838,0.8602511403298391,0.8158289459383,0,0,0.7062020181386574,16,COMPLIANT
0.7928041215118549,0.924121318160624,0.5514051565416226,0.480407128941485,2,1,1.1489566237484452,7,PARTIALLY_COMPLIANT
0.4733126832154577,0.6105227548132952,0.4748710351171056,0.17868361808817648,8,4,0.8657612593927376,1,NON_COMPLIANT
0.9227526981286062,0.954270151508136,0.9958692085041854,0.8795026078440245,0,0,0.8406753109269207,9,COMPLIANT
0.546124376955494,0.46724402759385103,0.47998351584786214,0.1844369886648586,9,4,1.2836074487998994,9,NON_COMPLIANT
0.9791594404719579,0.953493096034233,0.9516416773149391,0.793205012864113,0,0,0.8469806882051492,5,COMPLIANT
0.4888927495913623,0.5143394094705529,0.36227001135198034,0.3578807595247375,6,4,1.1547903536863806,3,NON_COMPLIANT
0.3240895202201373,0.6723651458181357,0.10111627657205438,0.19491051135350107,7,3,0.61059645666896,4,NON_COMPLIANT
0.8536287645837033,0.9915848521837887,0.8909606214959218,0.8795196915597039,0,0,1.091290969925669,12,COMPLIANT
0.3327468261427909,0.20494686104958715,0.4166789559865477,0.14530763326356896,9,2,1.4256094483569375,6,NON_COMPLIANT
0.6239391557837036,0.7469691347352865,0.6649329474801294,0.7110340097633365,4,0,0.7857028816824847,4,PARTIALLY_COMPLIANT
0.9421600011146986,0.9761831708027305,0.8978685234730693,0.8674788430083988,0,0,1.1142193354694954,13,COMPLIANT
0.9594275392859684,0.9673643833076337,0.9521575167595668,0.8432191273005445,0,0,0.920217285328023,9,COMPLIANT
0.9478727092609236,0.9886900374284517,0.9037543803486743,0.7957995612816587,0,0,0.9403240141562044,9,COMPLIANT
0.8558732877850688,0.7817116742826788,0.544898737432266,0.4239561892251686,4,1,1.325335051692152,11,PARTIALLY_COMPLIANT
0.33733722549797873,0.6380981363163052,0.3245146227929685,0.16541048344324816,9,3,0.9729201168617794,4,NON_COMPLIANT
0.48299733135545897,0.5532023308191379,0.3524775627961504,0.1568088176484615,7,3,1.0817858351234921,3,NON_COMPLIANT
0.3569250569601285,0.309410627515904,0.5640269599038803,0.16995007384373367,6,2,0.9049292199404274,1,NON_COMPLIANT
0.4263726166160785,0.6691222548867553,0.45434493007158394,0.45582204580080266,5,2,0.8481275245946021,4,NON_COMPLIANT
0.8701022842675961,0.9514391338156669,0.9632705883510428,0.9050773878383662,1,0,1.1025223337596808,9,COMPLIANT
0.2017001833415647,0.7372561270317186,0.4644266849368829,0.23139956787913107,8,2,1.3178751571851275,7,NON_COMPLIANT
0.7965351274810817,0.9225996972701379,0.8205617221578461,0.49720047373420045,3,0,1.2876221641979917,4,PARTIALLY_COMPLIANT
0.9128399466975918,0.9887932532601393,0.9008099433661647,0.8909342753613498,1,0,1.1585383897349066,17,COMPLIANT
0.8785572679445552,0.9683360954296899,0.8658707537284771,0.907051649273261,1,0,1.1779515861940912,12,COMPLIANT
0.9583617076695317,0.9503695950722146,0.9263703119382398,0.7848298705945116,1,0,1.1882282647177052,5,COMPLIANT
0.6273723142798147,0.8522215457798176,0.7862927467489229,0.4873671182452516,2,1,1.3917785060437717,7,PARTIALLY_COMPLIANT
0.25831039883783585,0.2613947446824474,0.3295864708356503,0.3635549063067729,5,1,0.692517022196903,8,NON_COMPLIANT
0.4543815842830539,0.5035423267245303,0.29419252232337034,0.43782845906742696,4,3,1.0201794018985209,5,NON_COMPLIANT
0.9506147538164553,0.9910629710186423,0.8866982581907069,0.8553252204083411,1,0,1.1688307303082959,10,COMPLIANT
0.2715787282781825,0.5386536084151798,0.5353117817056566,0.28316071419125516,6,1,1.4058261821868003,9,NON_COMPLIANT
0.4018320682482043,0.49208741090229974,0.5502577462315683,0.3206586944392192,7,1,0.9356198127699494,4,NON_COMPLIANT
0.9612568092269395,0.994072538983751,0.8916853145873301,0.7984884668169437,1,0,1.1000354843495797,13,NON_COMPLIANT
0.5877670010280417,0.9337691539951172,0.6018511771900985,0.5822178628100081,2,0,0.9104220946732113,8,PARTIALLY_COMPLIANT
0.6070052798575218,0.8368231910867454,0.7207637260435008,0.7351398951064755,1,0,0.9744816355596841,4,PARTIALLY_COMPLIANT
0.7530152443543344,0.8111513998090252,0.7711974462869347,0.6589375720279588,2,0,1.029605829275139,9,PARTIALLY_COMPLIANT
0.30124940465790706,0.3939292731996142,0.4642712993309721,0.3444036993816757,4,3,1.1377456662457177,2,NON_COMPLIANT
0.5356850635487381,0.47198355278722004,0.16397908205415143,0.3279637786756957,7,1,1.0179217336414417,0,NON_COMPLIANT
0.9742732200842862,0.9856422997930477,0.9545042667155123,0.831086451923764,0,0,1.064185427169823,7,COMPLIANT
0.585514200407406,0.5035858073994789,0.12338857509505666,0.4897088962111784,8,3,0.6315940770515102,0,NON_COMPLIANT
0.9527087745821506,0.9606040618738688,0.8858496520317327,0.8203211408882585,1,0,0.803398838022072,11,PARTIALLY_COMPLIANT
0.2628365967325226,0.3158209544957296,0.4708387298241663,0.15901373562382531,9,4,0.9245526528734912,4,NON_COMPLIANT
0.7766524717824007,0.941569062974349,0.6786313923201017,0.7454068964296021,3,0,1.093961585555453,10,PARTIALLY_COMPLIANT
0.9877427553069936,0.9704020230801408,0.8786916056556096,0.8792794827142298,1,0,0.8555183336301684,17,COMPLIANT
0.9469070416144894,0.9575305476534259,0.9898972150813719,0.8457647016052509,1,0,1.092503418104131,16,COMPLIANT
0.6312577533506267,0.739444085669503,0.41905150456863116,0.17743939110194692,8,1,1.4460436442804254,8,NON_COMPLIANT
0.48694397774685405,0.36882497605964115,0.31591449798261817,0.4492349580858759,7,4,0.7464919544333524,3,NON_COMPLIANT
0.6351556747940386,0.8813530307982426,0.5239219300068682,0.7342844946579901,2,1,1.3028137672512126,8,PARTIALLY_COMPLIANT
0.7779303318829813,0.9394361582793125,0.6177037894444152,0.47443734480339483,4,1,1.1428336238326071,1,PARTIALLY_COMPLIANT
0.8623858237052916,0.9577260414995259,0.9159344412659348,0.8776150328366104,0,0,0.7371673044430357,14,COMPLIANT
0.7640360581151708,0.7598661948836166,0.8035914396285986,0.5144848828900278,1,1,0.8225437413666421,14,PARTIALLY_COMPLIANT
0.8667794132163338,0.89748318026397,0.8181753842264531,0.4763864691734039,3,0,0.6024994797178973,13,PARTIALLY_COMPLIANT
0.6495065155727533,0.4853214258864478,0.5821007428881779,0.10654468752713041,8,4,1.1271614492131166,2,NON_COMPLIANT
0.5151279944311838,0.6746906992248155,0.19025355992219858,0.4806168587021994,4,3,1.094268306030088,7,NON_COMPLIANT
0.477845084217115,0.6704880693166928,0.1830954598077559,0.46034943701487074,4,4,0.5317597887404798,2,NON_COMPLIANT
0.9175142902886289,0.9511067225514748,0.9461065337090833,0.8534815145131472,1,0,1.0736579127864432,15,COMPLIANT
0.9471279693355245,0.9984472198587145,0.9570936921797157,0.9811646523955617,0,0,1.0110045944044903,10,COMPLIANT
0.37737028106027565,0.4522071652598586,0.42321102705777947,0.4047484535814957,6,4,1.466294329718146,0,PARTIALLY_COMPLIANT
0.46315065397877836,0.3080480133549411,0.5022201608952132,0.22236764389610042,9,3,1.369950943916419,5,NON_COMPLIANT
0.7263207053036219,0.8614878827780112,0.8405130362856932,0.41950743427549075,3,1,1.3596694140516679,5,PARTIALLY_COMPLIANT
0.7175043063514708,0.8747765513499244,0.8226262315879842,0.5306824958378941,1,0,1.1133405681291966,2,PARTIALLY_COMPLIANT
0.898651753150791,0.9561043977350336,0.9034446757115462,0.9767071103864385,0,0,0.8139675812709708,15,COMPLIANT
0.7258409777180443,0.9292446872546256,0.7473678486515709,0.6528516980578446,2,1,0.7858125806380202,11,PARTIALLY_COMPLIANT
0.8424924055174423,0.8887701655304199,0.7635300106892731,0.5812458592654168,3,0,1.0264244491906043,12,PARTIALLY_COMPLIANT
0.9870682665809889,0.9976407508501253,0.8990113813045061,0.8386062371982637,1,0,0.8357493770909339,18,COMPLIANT
0.8575683355930186,0.955228143237717,0.9821506127222062,0.8818739861395654,0,0,0.9520350398742121,19,COMPLIANT
0.6759589092140942,0.9346900317909397,0.6868749541746854,0.608581782777415,2,0,1.1871362962301604,3,PARTIALLY_COMPLIANT
0.21938789727058894,0.28610287121032063,0.4205765644300783,0.25959716666809884,4,4,0.5719331514813658,0,NON_COMPLIANT
0.33541873547905365,0.706077974434477,0.4563320237237103,0.21597079035185654,6,4,1.1672390301801698,1,NON_COMPLIANT
0.3425623099245459,0.6930795293113423,0.1160186333848641,0.11120754050912418,6,1,1.2967507173302342,7,NON_COMPLIANT
0.6622055570971069,0.7686429376624353,0.6424275692109713,0.736693917000119,2,0,1.1441592987871232,3,PARTIALLY_COMPLIANT
0.5547093402096349,0.8043906548620039,0.7329826922299316,0.5773095436642108,3,1,1.0122042912900615,12,PARTIALLY_COMPLIANT
0.7479723440454004,0.7320930996331416,0.6746433518178165,0.6287727557185174,1,0,1.1093128282869822,12,NON_COMPLIANT
0.5743977112641364,0.9149628679789157,0.7722342502053711,0.4858304853810876,3,0,0.7887360883787069,7,COMPLIANT
0.9739826611287197,0.9900490350201683,0.8656681777150227,0.894214345283175,0,0,0.8807706993770192,15,COMPLIANT
0.6589817179168633,0.7050675514182632,0.7688965817298329,0.5403534369205384,3,0,0.6821786989494816,13,PARTIALLY_COMPLIANT
0.9935795445278852,0.9945069026723456,0.9478412666348576,0.8649111493464343,1,0,0.9013697423734153,18,COMPLIANT
0.5587980885825211,0.23368315860332145,0.5444491481258156,0.4985594127597891,9,1,1.4676400655399333,0,COMPLIANT
0.6426444321988524,0.8814391304762433,0.575005122284657,0.6738212428284869,4,0,1.0995203899777304,14,PARTIALLY_COMPLIANT
0.4149182084718761,0.6985459225417239,0.10112649130646187,0.20665546121696488,7,2,0.5098608338216065,9,NON_COMPLIANT
0.8653372236135674,0.9441206940502177,0.8156434107545849,0.44458021261167635,4,0,0.9030779718804439,8,PARTIALLY_COMPLIANT
0.2209333233552809,0.48590945193532414,0.22394848637543782,0.13814952315921103,8,3,1.4151407395173947,5,NON_COMPLIANT
0.8154069997296527,0.8627208712809673,0.562229418497837,0.4179338394012487,2,0,0.7229409188012494,6,PARTIALLY_COMPLIANT
0.9039196932780915,0.9929184703359829,0.8848905793223134,0.7788764665391166,1,0,0.704549090640388,9,COMPLIANT
0.6430994725050657,0.3588484734638273,0.49307149093463243,0.19385595532522448,6,2,1.4753808739674117,2,NON_COMPLIANT
0.8489687556819459,0.9325563256737756,0.7760709827314005,0.5597218843745866,3,0,1.321846378753679,4,PARTIALLY_COMPLIANT
0.9405693179424082,0.9843294956746304,0.8671731457098858,0.8459597207612448,0,0,1.0313322565296776,7,PARTIALLY_COMPLIANT
0.45970272075167806,0.2474502367534501,0.27940194028443344,0.26481969035575437,8,4,1.0133924021256768,8,NON_COMPLIANT
0.46058369974955965,0.3249377644014605,0.1397297265861885,0.35079535983638865,9,4,1.171797896576062,8,NON_COMPLIANT
0.36066374434306014,0.6177555819287581,0.3915463717320179,0.12183043677987052,5,3,0.7031564881899902,0,NON_COMPLIANT
0.7779173078528012,0.7553524774482974,0.5286515270707028,0.5052821563799019,2,0,0.8141334078155541,4,PARTIALLY_COMPLIANT
0.9270813752167351,0.9615791495644499,0.8771827065420426,0.9525758247808331,1,0,1.1493082704717352,3,COMPLIANT
0.9371195244780214,0.9857193781018646,0.9874964654040874,0.9263741629836559,1,0,0.8855530455497694,11,COMPLIANT
0.6202979256178908,0.7465021079639987,0.5891655783199459,0.5067271231941813,1,0,0.8395302241973062,9,PARTIALLY_COMPLIANT
0.9907271758787084,0.9637783388154589,0.8998258783092599,0.925202104500435,1,0,1.1618324187748263,12,COMPLIANT
0.5931044158960768,0.795536046979972,0.7916674671768387,0.5217397313251402,1,0,1.3455379485484695,9,PARTIALLY_COMPLIANT
0.9815892644239269,0.9665204001937887,0.9010608765024347,0.9972570895875434,0,0,0.7394845810954143,19,COMPLIANT
0.446842546432035,0.6333082535020232,0.42917854609264805,0.30570171162479004,9,2,1.1427335452703042,4,NON_COMPLIANT
0.8541761576893879,0.9623328223422388,0.9189422127599389,0.907125975020892,0,0,1.195915896231815,9,COMPLIANT
0.8428581494807217,0.8816750210461306,0.6234607543809823,0.6874390574610948,3,1,1.33294971845911,14,PARTIALLY_COMPLIANT
0.9928775184526898,0.987726845795123,0.9168179394601432,0.8980553498328601,1,0,0.7837832696522532,19,COMPLIANT
0.5284992399454866,0.3014815975792914,0.27331984718494307,0.36531225474312734,8,1,1.2385710386348938,0,NON_COMPLIANT
0.5750877828863672,0.8765532464912663,0.5118899624665328,0.6948602046987756,3,0,1.2649017733741965,3,PARTIALLY_COMPLIANT
0.7680066521572113,0.7649035246684801,0.7036119462818677,0.48433321492293,1,0,0.7421635689574512,5,PARTIALLY_COMPLIANT
0.6621574756311664,0.7496841659675392,0.7991226723865292,0.4680162501458162,4,1,0.6370826155474236,11,PARTIALLY_COMPLIANT
0.930967159287195,0.9719372337694169,0.9366229406359189,0.838840612954599,0,0,0.8919456106866057,16,NON_COMPLIANT
0.8232749191779167,0.7479433645734177,0.517522584482653,0.705771837922145,4,0,1.051301555009597,3,PARTIALLY_COMPLIANT
0.23241199957865136,0.22497558584603705,0.17479485145668092,0.25374787029373846,9,3,1.370664477618756,5,NON_COMPLIANT
0.9690843482791776,0.9937207277098239,0.9776505650195874,0.944301061837713,1,0,1.12755471099872,12,COMPLIANT
0.9715388695775931,0.976828909501431,0.8917325780603234,0.7654019963231173,0,0,0.7642897892558345,8,COMPLIANT
0.6685605729852853,0.8029411375565942,0.5339122564074589,0.48256530334440095,1,1,0.6114627643618417,5,PARTIALLY_COMPLIANT
0.9910269752093862,0.994603717554681,0.9303282874128945,0.885898893727823,1,0,0.9178671784216538,6,COMPLIANT
0.5768169348753771,0.818258781270925,0.780721895758781,0.6761328137894318,3,1,0.8397835877767399,5,PARTIALLY_COMPLIANT
0.9339212889184519,0.9507267067632995,0.8621424553033534,0.894292906655999,0,0,1.0566608647506361,9,COMPLIANT
0.8704557213380154,0.950727233283394,0.9025881338209896,0.8974794217136582,1,0,0.9774078042711127,4,COMPLIANT
0.6196210758303434,0.7199346393573653,0.7929577457269157,0.4276156403219204,4,0,0.8647096701550354,6,PARTIALLY_COMPLIANT
0.476652961475766,0.41878626811404684,0.4390911271954041,0.2259347902067304,4,3,0.5053593046255961,5,NON_COMPLIANT
0.6650610959223623,0.8801084255564444,0.7253197128354356,0.5164864263820852,3,1,1.2189179160442674,10,PARTIALLY_COMPLIANT
0.7633058540645477,0.8608880307468543,0.5308021096290083,0.7127371042244529,4,0,1.2046329943082417,4,PARTIALLY_COMPLIANT
0.9973781908384058,0.9543066069531839,0.9721580168903142,0.8200836881378532,1,0,0.875771130024849,4,COMPLIANT
0.6536610101105609,0.9177301652124746,0.5064141589908195,0.5908387061916897,4,1,1.3493708477051984,13,COMPLIANT
0.9932762740717198,0.9620075798011006,0.8985286920605556,0.7959532223704537,0,0,1.0382360717462054,6,COMPLIANT
0.874826997614196,0.9516939580123297,0.8967209756699136,0.9451239268865219,0,0,1.0161321439597653,19,COMPLIANT
0.6970253033382575,0.8519894256709023,0.536666887758004,0.5589797383324042,3,1,1.2888070570464107,6,PARTIALLY_COMPLIANT
0.5991772527772435,0.3777883118003251,0.22388591445108422,0.3992764181252316,6,3,0.6490085434116512,4,NON_COMPLIANT
0.8494685981615571,0.8167759230785674,0.7922409256777116,0.4621669368093208,4,1,0.8823383144744813,7,PARTIALLY_COMPLIANT
0.9024284201754097,0.9657860564885244,0.9687044378684329,0.9201401665347094,1,0,1.0133766742711656,19,COMPLIANT
0.40325607302896044,0.28751651857957555,0.25486529994276363,0.1828986248968233,7,2,0.9893310801824282,3,NON_COMPLIANT
0.7695609774252876,0.7753721038385898,0.83880733642967,0.6460316420159173,2,0,1.1202375792588062,13,PARTIALLY_COMPLIANT
0.8520103939648248,0.9641372844789381,0.8566892362559442,0.7590719056533756,0,0,0.8234893995359999,16,COMPLIANT
0.6017920635476459,0.5518047190669296,0.22177327296096186,0.2547129190960594,5,2,1.3621820528796287,5,NON_COMPLIANT
0.3271276555735002,0.251092126481498,0.44311874498040604,0.30737427258551975,4,4,0.7276683005494301,9,NON_COMPLIANT
0.9691315993824108,0.9637883784125678,0.9815635871527284,0.9860105234563494,0,0,1.1745560715447203,18,COMPLIANT
0.8612706672603713,0.9864094378101802,0.9243236974309298,0.922100599106934,1,0,0.9298407563805655,5,NON_COMPLIANT
0.5659609533391302,0.8057647022991812,0.8007587027314703,0.44713618629719876,1,1,1.395802950449577,10,PARTIALLY_COMPLIANT
0.9831344607724287,0.9735381196193801,0.9817172795478553,0.8964630306082921,0,0,0.7637882344583464,13,COMPLIANT
0.8423572613004575,0.7792112359125825,0.7537825933952897,0.44234991862922324,1,0,1.3345545267693624,5,PARTIALLY_COMPLIANT
0.31078436054908803,0.4789180602242411,0.562447361245146,0.23760414674304609,7,2,0.6906202106815136,6,NON_COMPLIANT
0.5800426592867207,0.45806974580536397,0.5145404950550189,0.41261109329754786,8,2,0.9451492813978336,6,NON_COMPLIANT
0.9534999605963415,0.9845048279118922,0.9895910207269806,0.8743281115422431,0,0,0.9238367127052092,3,COMPLIANT
0.9814479149713468,0.9551283981291795,0.9089096114907125,0.8883427974374429,0,0,0.8744450375209117,11,COMPLIANT
0.9910805951654421,0.9952971983963133,0.9350209157515699,0.8386059979968465,0,0,0.9704931177640418,9,COMPLIANT
0.414897794928727,0.42258099679633243,0.5659896097786907,0.11647091958520633,4,2,1.3510265963017414,3,NON_COMPLIANT
0.6607882059672356,0.8955161303931077,0.5613625874325097,0.6739172761769532,2,0,0.6465582161042296,6,PARTIALLY_COMPLIANT
0.9591368983202416,0.9725819497759419,0.9785094919758845,0.9860236964825911,0,0,0.9184300182785632,6,COMPLIANT
0.7533198643861975,0.8563973958674381,0.5181023088941287,0.4738634155730154,2,1,0.6430896915640771,1,PARTIALLY_COMPLIANT
0.3837896856261802,0.3281266397525251,0.5335820483088385,0.16464665924191127,7,4,1.4232532880406146,1,NON_COMPLIANT
0.5005138573574894,0.23234249363856763,0.3647324259857333,0.11799245509820322,5,4,1.3719016485164715,7,NON_COMPLIANT
0.4260809988682325,0.38410890682652893,0.5132503334903641,0.3910884385306841,7,1,1.3476177852288727,9,NON_COMPLIANT
0.2736045863013292,0.23491933214808824,0.5272525461591002,0.32557845130755103,5,1,1.3412141455110531,3,NON_COMPLIANT
0.5807193473186861,0.8198190200734721,0.7550487397814225,0.5984147322611362,2,0,1.3670407634070783,3,PARTIALLY_COMPLIANT
0.9246803770771479,0.9920904354514409,0.9702028087405373,0.8526262053370891,1,0,1.07257240491391,4,COMPLIANT
0.24776509376962635,0.724648299685007,0.23928135672486775,0.2775590343970262,5,4,1.1773215879614742,8,NON_COMPLIANT
0.6712397619169983,0.7923325422049111,0.8110575262853188,0.5625296120637144,1,0,1.2665549235145446,11,PARTIALLY_COMPLIANT
0.9606150653082228,0.9756110960406337,0.952034166881253,0.7604182251505961,0,0,1.0731036287409192,3,COMPLIANT
0.8815044024274422,0.9640519040690514,0.9569440011788208,0.7528731183245289,0,0,0.8301182989926146,8,COMPLIANT
0.6053959545446816,0.3788810276586907,0.46639835984557654,0.3945667647105796,6,2,0.8610596982781952,8,NON_COMPLIANT
0.9504022526144194,0.9915786962955226,0.8725465933725953,0.7596478904845334,0,0,0.9932297561873988,9,COMPLIANT
0.9390670947915178,0.9787796714320041,0.874218675109636,0.8679349593796097,0,0,0.8575052535917123,14,COMPLIANT
0.4392842292265886,0.48396600148194185,0.10970777993828282,0.21298769213099922,9,4,1.0877090299518641,0,NON_COMPLIANT
0.7018328127814144,0.7897426074217522,0.6886811518223779,0.6788705011994459,1,0,1.3626577283730847,12,PARTIALLY_COMPLIANT
0.5052303868597321,0.6614877164797257,0.45974373517880607,0.4587738482035665,6,2,0.8877415283268735,9,NON_COMPLIANT
0.876780140892895,0.8867715523487062,0.5809649093074354,0.5169002515893079,2,0,0.6309307089424799,13,PARTIALLY_COMPLIANT
0.7168783283651341,0.7331455450452947,0.6382767138858674,0.4619974091775509,2,0,1.133774888474767,13,PARTIALLY_COMPLIANT
0.5331478181399114,0.4539476049916801,0.5921779941971133,0.2825024404567893,6,2,1.492654747252716,7,NON_COMPLIANT
0.5247463472678708,0.5399279445844548,0.14577586787562305,0.14526360263587051,5,1,1.2243569348298355,6,NON_COMPLIANT
0.8996487921405104,0.9918725447417367,0.8964798474112727,0.8768772736173329,1,0,0.7358676718737125,17,COMPLIANT
0.8691232993497974,0.9698643645280184,0.9695943048669331,0.7874793568371934,0,0,0.9044775885427465,15,COMPLIANT
0.8757517292564825,0.9903915725913311,0.9539317641544978,0.8889677035497399,0,0,0.9190558255166476,6,COMPLIANT
0.3415343454506915,0.6331010985994406,0.3255270028782288,0.14677818859723218,6,2,0.8180064193944003,4,NON_COMPLIANT
0.9698071287481862,0.9646411018350483,0.9969955494038276,0.9004703974090805,0,0,1.1601485906097038,18,PARTIALLY_COMPLIANT
0.6315023964267944,0.840570391031348,0.8299309100871302,0.5792989554601409,4,1,0.802268962459832,9,PARTIALLY_COMPLIANT
0.8642361864649116,0.969500803037378,0.9109908779569144,0.8942418276170927,1,0,0.8619477762901895,16,COMPLIANT
0.2679342469086327,0.6529658525432189,0.25683045458783427,0.281637417841733,6,3,1.2725019656847065,6,NON_COMPLIANT
0.8576280135453731,0.9931778401499155,0.9011421702463914,0.9748781912740775,0,0,0.8750034342365893,11,COMPLIANT
0.8155707467888784,0.8402799354469358,0.6050789089866804,0.5400821637731791,3,0,0.6302263744516761,11,PARTIALLY_COMPLIANT
0.48626131416996204,0.33565385644892143,0.21696419632694594,0.2144807474484777,4,3,0.9926302839421671,9,NON_COMPLIANT
0.8606982311133085,0.7631118799024649,0.6308136971480336,0.6961232470263977,3,0,1.1462055397868158,12,PARTIALLY_COMPLIANT
0.8233650923769389,0.8801690897731296,0.7295420356660919,0.45428276219485086,1,0,1.3051775710578537,5,PARTIALLY_COMPLIANT
0.5590562415023568,0.22049779751994694,0.5031136620637785,0.11065811646554696,8,2,0.5787695139149013,2,NON_COMPLIANT
0.7830190253342145,0.7928407547450171,0.8305696712827073,0.6469071036972179,3,0,1.2469723175083516,6,PARTIALLY_COMPLIANT
0.9006298698825728,0.9901425604497773,0.8869779858456974,0.994008174650051,1,0,1.1430430544067582,17,COMPLIANT
0.875430380207703,0.9168557804586821,0.5063718560861195,0.4449988370493141,2,0,1.2506746632360866,3,PARTIALLY_COMPLIANT
0.8434182372076848,0.8388772445988708,0.7414891542496037,0.7399906470130262,4,0,1.2264789410001198,13,PARTIALLY_COMPLIANT
0.3935106143052544,0.46371525279643383,0.5631814847090056,0.12138141912194703,9,2,1.2057427461975039,4,NON_COMPLIANT
0.856624815656515,0.9794131878484965,0.9999030249348753,0.8889516453592949,1,0,1.1577441487940208,16,COMPLIANT
0.7494389170662469,0.7419054926888503,0.7932151058726187,0.7362590383551875,3,0,0.9126002781672745,1,PARTIALLY_COMPLIANT
0.5208251083206297,0.5594664366782014,0.22150838148536792,0.11643129120164741,5,4,1.4840420712537195,4,NON_COMPLIANT
0.6130063157677824,0.8084015083523837,0.7824147717718911,0.5028729551400266,2,1,0.6613818975425647,2,NON_COMPLIANT
0.64002478756307,0.7883591386226085,0.5748423394834957,0.6001334981126893,4,0,1.3603537872720826,5,PARTIALLY_COMPLIANT
0.9779092029813566,0.9612770664962866,0.9065371247104558,0.8654332034030956,1,0,1.101321654897855,12,COMPLIANT
0.6760073282490763,0.9223724975998825,0.7416376685077892,0.45089800068340397,3,1,1.2990589898826719,6,PARTIALLY_COMPLIANT
0.5085749478188492,0.5147693293006246,0.4542239229081416,0.4086608801675634,5,2,0.5818925282000048,4,NON_COMPLIANT
0.39914174709978206,0.48798031518258056,0.1641980859011258,0.24379509354084794,7,1,1.479668130422399,7,NON_COMPLIANT
0.7743918127681928,0.9383930559587896,0.7938685735515463,0.5491002836758433,3,0,1.2675382766754757,6,PARTIALLY_COMPLIANT
0.5279009967931837,0.238925518577168,0.11130772908209316,0.2856783466579789,8,3,0.6607194100993283,5,NON_COMPLIANT
0.2600247751927025,0.690371371311264,0.29606300140068376,0.3237625649431589,9,3,1.115979174410445,7,NON_COMPLIANT
0.8942396703705796,0.9507632419823014,0.883019386629629,0.8204842210854396,1,0,0.7262028432305994,10,COMPLIANT
0.7673970577351821,0.8015309519078109,0.6101647725012692,0.7449258020728924,3,0,0.6128291200245166,13,PARTIALLY_COMPLIANT
0.8778599608007778,0.9686254465776732,0.9892945843173091,0.7654521151723057,0,0,0.8199946819349787,14,COMPLIANT
0.7068970010407557,0.7243993849621851,0.7547658340894075,0.73912924867766,3,0,0.8951183548164748,9,PARTIALLY_COMPLIANT
0.35129814362795764,0.7385410944953279,0.18748954436036983,0.40123844985360113,6,1,0.7330956001565417,8,NON_COMPLIANT
0.39279401490470867,0.2826622573531024,0.19792538845163185,0.2273500892449267,6,2,0.6224199993963562,2,NON_COMPLIANT
0.7825238834307854,0.7614595844201294,0.8033760093525846,0.5526964794738483,3,1,1.2533962235781453,14,PARTIALLY_COMPLIANT
0.3917198465589179,0.4937659895639382,0.16204129280782373,0.42345225089725,7,1,0.8833287753929839,5,NON_COMPLIANT
0.9641057209065842,0.9574931399443275,0.9357743156774037,0.8134106185853439,1,0,1.1539363384676202,8,COMPLIANT
0.930168383688587,0.9740543974193793,0.9245517923231873,0.9413390702665602,1,0,0.7909640652476355,9,COMPLIANT
0.3352933428523238,0.3433897514465628,0.5453965258451619,0.22193197879262924,9,1,1.2403129843309826,9,NON_COMPLIANT
0.2366264261080812,0.4564408298339223,0.4877824192337403,0.12434906611656037,8,2,1.1608312985270524,8,NON_COMPLIANT
0.9158695991207275,0.9519973986643047,0.9043440235000307,0.9565975779001388,1,0,0.9963480333214388,12,COMPLIANT
0.8637231277581188,0.9873301602322102,0.851889460190768,0.9111212653801485,1,0,0.85641709876211,5,COMPLIANT
0.6795203126161561,0.7433473202103325,0.5344349223774393,0.5145596160903908,4,1,1.3946982305281397,13,PARTIALLY_COMPLIANT
0.6183979053234222,0.7027886468279576,0.5848140055862125,0.6375715942321502,1,0,1.3974791102875357,10,PARTIALLY_COMPLIANT
0.8423768239626124,0.8539481380253463,0.7218259468407507,0.5893606011719841,2,0,0.6160275072617721,5,PARTIALLY_COMPLIANT
0.8764159560096169,0.8196092095102191,0.6964219785846043,0.6086344846845335,2,0,1.1560575615476125,12,PARTIALLY_COMPLIANT
0.9963810632365081,0.9900768555941495,0.993936496648155,0.8719635109815906,0,0,0.8329255683271567,13,COMPLIANT
0.8508107385509005,0.9500673135478281,0.9067151154681176,0.7858488425027231,1,0,0.813136215001593,12,COMPLIANT
0.6283640316569898,0.8109791745116349,0.6694745730159267,0.6910740140592658,1,0,1.2064588011366393,13,PARTIALLY_COMPLIANT
0.8524186969558322,0.9686328564947073,0.9027564726938212,0.8858711071457537,1,0,1.099474281035853,12,COMPLIANT
0.8129575534782618,0.9355652934146402,0.639389743204954,0.47223535978686326,1,1,1.3869534867337412,1,PARTIALLY_COMPLIANT
0.959273601574242,0.9888223723249863,0.9484242756521607,0.7943571923674267,1,0,1.0765936679567014,15,COMPLIANT
0.9610469546265927,0.9771420687167037,0.92944667905527,0.8369425244011095,1,0,0.9013558248258501,17,COMPLIANT
0.6161933758982296,0.3359880994360799,0.5127901009562196,0.22490896805427008,4,3,1.4013927493304958,2,NON_COMPLIANT
0.9397337941095608,0.9867831557119595,0.9997521267089424,0.9832783328358894,0,0,0.7867400371329786,8,COMPLIANT
0.5266391198719127,0.7235360931686219,0.4690731422336949,0.3772839111927234,5,1,1.4247686864359017,4,NON_COMPLIANT
0.23189847761410676,0.37595249932716585,0.33675429387053224,0.4991591411016868,8,1,1.226242588507371,6,NON_COMPLIANT
0.5412845856921782,0.364600091009217,0.5032001800656649,0.31358189215916976,9,4,0.7758798797170104,0,NON_COMPLIANT
0.6850343826157513,0.8785538592143284,0.5243280700070052,0.7402583183092417,1,0,1.3764586661018883,10,PARTIALLY_COMPLIANT
0.8785624608979415,0.8805777920809269,0.5666599489605161,0.5547546483394841,3,0,1.3342779382562817,5,PARTIALLY_COMPLIANT
0.6478315966227466,0.6141432312208671,0.3043298987275904,0.43054533714087606,9,2,0.8173895736332725,9,NON_COMPLIANT
0.4030281107930076,0.6762373499013534,0.1446431257655653,0.42910764060293427,7,3,0.8338416300693422,9,NON_COMPLIANT
0.8900348932148158,0.9964752852684075,0.8758669583460789,0.8949081145504545,0,0,0.9412118007973644,9,PARTIALLY_COMPLIANT
0.983155627413745,0.967545750627604,0.8675600524641408,0.785747920513209,1,0,1.118481937118687,19,COMPLIANT
0.28734254268032233,0.5792190359798265,0.5514883618087283,0.1654823272553676,5,3,1.238218905540342,4,NON_COMPLIANT
0.6815157717313871,0.9456206627652767,0.7328916774233889,0.7347921180552223,1,0,0.9225844223579901,3,PARTIALLY_COMPLIANT
0.9812115474484849,0.9868715720713561,0.8879256101035433,0.7668211532303786,0,0,0.8357154321380266,16,COMPLIANT
0.6007881428890485,0.40615853421743775,0.19475910228772855,0.1059918989886807,8,4,0.6718433642241922,6,NON_COMPLIANT
0.5604312420203232,0.6381978498201506,0.3835179566094652,0.23035227474653383,8,3,0.8177435047620818,4,COMPLIANT
0.8745111932075962,0.9253467142026642,0.5314573980352233,0.44617543901383383,1,1,1.0455649038885881,7,PARTIALLY_COMPLIANT
0.632934726905855,0.8859720360296547,0.665703253743396,0.5031770894026283,4,0,1.0048667725166056,13,PARTIALLY_COMPLIANT
0.6123687493758442,0.7103270354803661,0.7832333250861383,0.5930966634083322,3,1,1.1556860893013825,3,PARTIALLY_COMPLIANT
0.8441265268848616,0.7303891573795672,0.5752472782559369,0.4130113508173761,1,0,0.6571507064070626,9,PARTIALLY_COMPLIANT
0.8723487783955292,0.9763311898634479,0.8869104488196997,0.8691738687602898,0,0,1.082441630771064,8,COMPLIANT
0.8714262947221497,0.9846036823512184,0.8809378170754228,0.8479648432970065,0,0,1.0394488625389202,19,COMPLIANT
0.7296980267769662,0.7409969929897176,0.6622172059307337,0.6119786451375588,2,0,1.2518369381279808,10,PARTIALLY_COMPLIANT
0.6117703067650939,0.36712380519379717,0.47093343004329613,0.3856010834094046,4,3,1.0508163254507052,2,NON_COMPLIANT
0.9102668200981486,0.9996924194449849,0.9820472143223391,0.90585148953986,0,0,1.0962606959814596,7,COMPLIANT
0.42529998810022346,0.697828182305172,0.4157890547395433,0.2592597135737321,3,1,0.793746801625561,4,NON_COMPLIANT
0.5778745622011582,0.8458589086777212,0.831754559016888,0.5697751949471108,2,0,1.2861247905934619,8,PARTIALLY_COMPLIANT
0.5959760342929078,0.45300665339438945,0.41190363196043756,0.25070709608176467,6,4,0.9010693106567825,0,NON_COMPLIANT
0.5547535557645694,0.7872706345663092,0.5462344406050591,0.4443169401657583,4,0,1.1383603201970949,3,PARTIALLY_COMPLIANT
0.8832669237900319,0.9890235569190078,0.8801762848433319,0.7700158506322414,1,0,1.120553654469435,11,COMPLIANT
0.8934649018984551,0.8295787788006306,0.8246734047165516,0.5425672221761413,3,0,0.7122582199708759,3,PARTIALLY_COMPLIANT
0.9271122881149277,0.988968258516756,0.9283745213335882,0.9102562144088386,0,0,0.8208006382178814,11,COMPLIANT
0.8331564897933441,0.8263338302442857,0.7459446614860311,0.661012965494497,3,0,0.7979006556261922,2,PARTIALLY_COMPLIANT
0.9634320420925265,0.9729261504440945,0.8933867157958981,0.9750207957541202,0,0,0.8851984931376532,7,COMPLIANT
0.5373858613827774,0.7022744254738897,0.11485415267337631,0.24721202107472282,4,3,1.3152052811654618,5,NON_COMPLIANT
0.6122337719117676,0.4749890968392562,0.4347354494058029,0.2123791303198803,5,4,0.8501001382111898,1,NON_COMPLIANT
0.307448753743802,0.6056861389526731,0.49870998564441293,0.1988822814842598,8,2,1.31210453886409,5,NON_COMPLIANT
0.9316162935909202,0.9775856186009984,0.9034838381765333,0.8618256890631502,1,0,0.864380063777225,18,COMPLIANT
0.9484219137771164,0.9940927400410341,0.9227921075665297,0.8855083362743005,1,0,0.9439114186909405,7,COMPLIANT
0.2349942814359997,0.6603955133012052,0.5879797909284641,0.13524741781112165,7,4,1.3592126486431675,5,NON_COMPLIANT
0.3780877723786945,0.5608044596590049,0.5141845036150988,0.4166124284660221,9,4,1.2312710219793344,8,NON_COMPLIANT
0.6073347822580104,0.7100369425071851,0.5583609490190778,0.5586496262181804,2,0,0.9579291634295961,2,PARTIALLY_COMPLIANT
0.964345393675144,0.9519469008343833,0.9755679441745978,0.9048815500090759,0,0,1.169206871929072,7,COMPLIANT
0.581401771249474,0.5476402108118696,0.1827806351544005,0.22589947978338515,3,4,1.23838238302702,3,NON_COMPLIANT
0.9572078250253054,0.9646676710720504,0.9288205461033839,0.9244581963762926,1,0,1.0027406252629727,3,COMPLIANT
0.9050497220902332,0.955306270928245,0.9532967578396585,0.9946635203344912,0,0,1.0667009246674528,4,COMPLIANT
0.9139271953353959,0.9725693512164838,0.8745435731787503,0.9487023871874823,0,0,0.8491872154949962,4,COMPLIANT
0.7302981857113853,0.8823129932821037,0.51249883215985,0.5278071744873101,4,0,1.2137727625381443,7,PARTIALLY_COMPLIANT
0.649980534354009,0.7462771826069613,0.8401669889280847,0.6510647254643043,3,0,1.0642577967313622,5,PARTIALLY_COMPLIANT
0.8926797665818058,0.8982530996923496,0.8460066676592162,0.7123260788462997,3,0,0.9789046043876876,14,PARTIALLY_COMPLIANT
0.5668008059205453,0.8417699926433827,0.5850101828186761,0.6570342744742327,2,0,0.6787500392007926,4,PARTIALLY_COMPLIANT
0.7209172195515172,0.7056424241433606,0.7404245958710058,0.5029011860082336,4,0,0.8497026215024848,1,PARTIALLY_COMPLIANT
0.737923141497041,0.881941010128236,0.5425126698174946,0.6129871251470335,3,0,1.123063971062142,6,PARTIALLY_COMPLIANT
0.9179892525072585,0.9842164325227634,0.9039871054323045,0.9169515549966543,0,0,1.1566029809070861,6,COMPLIANT
0.8956738799123426,0.9599047758360144,0.8598538174734489,0.9717798293059245,0,0,0.8536082085106353,4,COMPLIANT
0.8434029409502672,0.8828034549990702,0.7325171955617973,0.4457270910938269,3,1,1.0823270491397483,2,PARTIALLY_COMPLIANT
0.39920504354486375,0.3188221234604689,0.25013491792590115,0.48684734179799294,9,1,0.713426133968411,4,NON_COMPLIANT
0.6914825145438178,0.8940324931535997,0.8336994441902846,0.4276314376928177,1,0,0.7652383758151167,7,PARTIALLY_COMPLIANT
0.3367656576259699,0.6731943411270327,0.199270101413947,0.10138738369739815,4,1,0.8264494417513694,2,NON_COMPLIANT
0.6303066509438239,0.6844161381087948,0.4838309782079061,0.28697511977488244,9,1,1.3380294123603256,7,NON_COMPLIANT
0.2004463390113322,0.6780600484356439,0.43576389390703385,0.13957712882020937,4,1,1.1116473327375984,6,NON_COMPLIANT
0.8431469571367134,0.7909562601994301,0.525439368850918,0.5990865561182732,2,0,0.8532056391000213,2,PARTIALLY_COMPLIANT
0.8615429802443814,0.984814438793907,0.9009812445652099,0.9311916928821904,1,0,0.9862138797167328,19,COMPLIANT
0.8329338509338073,0.8301317782022909,0.7534734407846759,0.5282149836445654,4,1,0.7212703295218555,9,PARTIALLY_COMPLIANT
0.8319260889409521,0.8827689704336371,0.6621303730931601,0.5133786920562505,3,0,1.0998454861866083,6,PARTIALLY_COMPLIANT
0.8640339110368503,0.9508335775299817,0.9810301396367822,0.8091187280596737,1,0,0.8726322760285266,10,COMPLIANT
0.8568473118253576,0.9570012048776658,0.8915221461686959,0.9928831727252627,0,0,0.9364856730477551,5,COMPLIANT
0.9202691855630629,0.979915303784801,0.8546455905133765,0.818723914564272,1,0,1.0020653144282674,7,COMPLIANT
0.5137449201675504,0.709395841683643,0.4559677098469477,0.2641242379851446,3,1,1.2929168967708282,6,NON_COMPLIANT
0.9833331136005444,0.9772252884524614,0.8806691329082068,0.8138272691259829,1,0,0.8657823495335968,9,COMPLIANT
0.3947538401076853,0.6078831692134644,0.5927434842694926,0.1137222160258121,3,4,0.9280824819829282,8,NON_COMPLIANT
0.9040591060081167,0.9543535602788654,0.8803224098837906,0.886372585123709,1,0,0.8489886177479218,19,COMPLIANT
0.6954962523997252,0.8967392026197603,0.6911086076622626,0.5914598512485567,1,0,0.6893099562569482,6,PARTIALLY_COMPLIANT
0.3607200327268337,0.2838731397770804,0.5024909292570572,0.3131375414314569,8,3,0.7140874685885213,0,NON_COMPLIANT
0.982320342142309,0.9696723923281796,0.9741802562983259,0.9469282538819271,1,0,1.065410482490365,7,COMPLIANT
0.9743971351188639,0.985333776683885,0.9425828208816851,0.7889952159247333,1,0,0.9903495422771424,10,COMPLIANT
0.776733079307669,0.7153028767472448,0.6712905548423044,0.4468555391894608,4,0,1.0577101977322827,3,PARTIALLY_COMPLIANT
0.5807934964455334,0.45015637484125737,0.48757138202266936,0.177215496517511,4,4,0.5746190555687082,8,NON_COMPLIANT
0.9670319595145154,0.950351460190681,0.8585920376616435,0.8063059255671224,1,0,0.7676770411388427,6,COMPLIANT
0.924435883285122,0.9642812994281121,0.9601912451065803,0.7559865663176208,1,0,0.7523379852677666,5,COMPLIANT
0.6902083809368453,0.7480857891187553,0.5947529653685941,0.6989002882237292,3,1,1.3769395241119664,3,PARTIALLY_COMPLIANT
0.21837509540887853,0.7332022117513892,0.5593365862889822,0.252307028863088,9,1,0.9307980528637749,1,NON_COMPLIANT
0.8603555405367063,0.9667394520945339,0.8970554687135734,0.9089113304881533,0,0,1.009584022121529,4,COMPLIANT
0.963660241675344,0.9791200482433969,0.9533499977482852,0.891753081355043,1,0,0.7956445783482571,5,COMPLIANT
0.7047363111727226,0.863808121144086,0.619111091504367,0.5128957328216439,1,0,1.2691128482290444,10,PARTIALLY_COMPLIANT
0.5826392044248798,0.8768883389798299,0.7569014890902894,0.4999102021005028,1,1,0.752100718151265,6,PARTIALLY_COMPLIANT
0.9765520794497466,0.959747138448508,0.9740301770760043,0.8906638557256856,0,0,0.7312221374869621,3,COMPLIANT
0.9594409267507096,0.9818778735677607,0.983081911386449,0.8680537312904874,0,0,1.1858560476945519,5,COMPLIANT
0.9514293619534808,0.9929300053491249,0.9944098875791708,0.9070867793873612,1,0,0.8716504845978704,5,COMPLIANT
0.90523751610927,0.9989515920395834,0.9131104843852925,0.8754863512829605,1,0,0.9334390495615521,18,COMPLIANT
0.9516210122235209,0.9879250940458195,0.8521942388316514,0.8018105749422195,1,0,1.0711265935995435,9,COMPLIANT
0.32986056827799726,0.480697494657056,0.1839811981979386,0.35583102393940724,7,3,1.2309805251432282,0,NON_COMPLIANT
0.8666466286877722,0.9817212072643292,0.965617092739582,0.7507203129164036,0,0,1.083783814258959,7,COMPLIANT
0.773768567225492,0.9305499309589212,0.5530973154263644,0.5984326664735835,4,1,1.2376671643592827,9,PARTIALLY_COMPLIANT
0.6210287103478958,0.3251116056554602,0.30461379704204883,0.16197187473788932,7,3,0.8076376081000897,2,NON_COMPLIANT
0.8915241695852577,0.9796175164296681,0.9868545018425037,0.8026655472514166,0,0,0.9329064035101242,17,COMPLIANT
0.6951907351611339,0.8083857757009503,0.6635109466733563,0.6466884578867507,2,0,0.7211861733231082,6,PARTIALLY_COMPLIANT
0.9343109191603857,0.9973545333554259,0.9244388129323542,0.8451294274674737,0,0,0.9533363244913728,6,COMPLIANT
0.2991456098131493,0.4976885795182993,0.5342694142851488,0.4094447868792682,8,1,1.3444732675138475,6,NON_COMPLIANT
0.8783277771466875,0.8972951631098287,0.837580333749548,0.6129155893014469,2,0,1.1715969222274796,4,PARTIALLY_COMPLIANT
0.22104495571377517,0.37111937038763754,0.21117822659595611,0.14676269544606224,3,1,1.1164589351662961,0,NON_COMPLIANT
0.570218204640224,0.7111804822879919,0.5717195431842887,0.48151956898858905,3,0,1.0413436510021115,1,PARTIALLY_COMPLIANT
0.6398867080319783,0.8327881414921382,0.8296311758603419,0.600416035860017,3,0,1.2976883270344217,4,PARTIALLY_COMPLIANT
0.7570840872077265,0.7031644571210405,0.5004212648681563,0.6156344967522741,3,0,1.3637198367909882,13,PARTIALLY_COMPLIANT
0.5546309477177664,0.8711187754696194,0.5066841794611215,0.6474054959402035,3,0,0.6917119548685654,14,PARTIALLY_COMPLIANT
0.7441947666300628,0.8805583140467985,0.816391660156802,0.7093714387519974,2,1,1.1698613488330705,12,PARTIALLY_COMPLIANT
0.8051198144033276,0.7866352674408811,0.8106803223161848,0.6232927820876257,4,0,1.1562635251620534,14,PARTIALLY_COMPLIANT
0.9910628810951121,0.950791158599841,0.9284140212342804,0.8677168390557942,0,0,0.9462845353766487,14,COMPLIANT
0.562028544957452,0.5416564676865379,0.24021376752913912,0.39394208232335115,7,2,1.2069389729218747,9,NON_COMPLIANT
0.4888494097168157,0.7301388774607687,0.3936010649384061,0.22158076266468327,5,4,0.6758407053782325,3,NON_COMPLIANT
0.6520036791557448,0.9136366254338224,0.8496533115841037,0.5113604420244493,2,0,0.9003977930572967,10,PARTIALLY_COMPLIANT
0.9096826263335535,0.9902989450433792,0.9388025264183594,0.7914752560926965,0,0,0.9501392676038801,12,COMPLIANT
0.355076656729011,0.3645801836178596,0.4377694639085711,0.3205450715247258,3,3,1.4085041797704698,5,NON_COMPLIANT
0.8824135679777961,0.9548781255119649,0.9792980362606408,0.8650405661221099,0,0,0.9727159347034526,17,COMPLIANT
0.3822878595818734,0.5900168843113736,0.5858993509416027,0.16475012549332718,6,3,0.798715187124615,2,NON_COMPLIANT
0.3954777022448097,0.31561066794888615,0.5376525783784009,0.29518441801661505,7,4,0.5412086957415463,7,NON_COMPLIANT
0.8619279569944748,0.9744019112140875,0.8732223632307603,0.8424107794056304,0,0,1.1555078499896099,3,COMPLIANT
0.9936901181585156,0.976482986197281,0.8862839941169334,0.8751508927886769,0,0,1.1811551014938921,8,COMPLIANT
0.5282389969644156,0.5069785006423604,0.39534307319112605,0.31559680363678433,5,2,0.9188732266953524,0,NON_COMPLIANT
0.9138154657924625,0.9753805189342227,0.886361459862262,0.7787092061848009,1,0,1.0838897507214194,8,COMPLIANT
0.9103825065395471,0.9609011553747043,0.9467581251653994,0.8554259836383205,1,0,0.9628450911513429,15,COMPLIANT
0.7895905515609634,0.7542888333727662,0.8444874182719516,0.6945863232450211,1,1,0.8175898583867052,7,PARTIALLY_COMPLIANT
0.3036654485411672,0.3449601390520346,0.21509174566700076,0.3634025788769585,5,3,0.8873584897079607,0,NON_COMPLIANT
0.8736266174957048,0.7258992874993698,0.6900459413112419,0.5099027738457291,2,1,0.9900018228962237,11,PARTIALLY_COMPLIANT
0.8413165992217542,0.7278988482621995,0.8221939599829029,0.7272191280803231,3,1,1.2940950929513058,13,PARTIALLY_COMPLIANT
0.43639810952069286,0.6698204862592783,0.4029102801019677,0.3900769370578847,4,4,0.6558904374551394,2,NON_COMPLIANT
0.2957209827283084,0.32603480286398584,0.2526312145087074,0.3715715078641504,8,4,1.1745676511269867,8,NON_COMPLIANT
0.37901701780501645,0.6740504715674087,0.26542590243632247,0.20374632846699794,4,1,0.8597634616967265,5,NON_COMPLIANT
0.5424511824920106,0.4064201208496302,0.3839491144750874,0.27986328977709696,3,3,1.3787584797999992,6,NON_COMPLIANT
0.8568915601312302,0.9048794011876465,0.7161667835438843,0.7481447056936974,1,0,1.1098438611426595,4,PARTIALLY_COMPLIANT
0.5018859664988129,0.6024569854720829,0.5059053847195973,0.4132942875511849,4,4,0.9396615323705906,3,NON_COMPLIANT
0.6259287702313736,0.23946138032414255,0.3431043442599213,0.33884975087101965,3,1,1.2713801887202276,8,NON_COMPLIANT
0.72063464964175,0.7101298813599175,0.7296450815285207,0.6947135742619324,1,1,0.7742328000099034,11,PARTIALLY_COMPLIANT
0.9655656704188506,0.9605264244220306,0.9252162210546866,0.8084061909121416,1,0,0.7673736325654537,6,COMPLIANT
0.8675342393220875,0.9183412723896793,0.660439687430785,0.4571277300806096,2,0,1.3261047626677656,4,PARTIALLY_COMPLIANT
0.8831858044669095,0.96904956368342,0.9712608608340536,0.9559059026872434,0,0,1.090752823871091,5,COMPLIANT
0.36246665306406833,0.5137670548964509,0.5394360941783076,0.21317509319779876,9,3,0.6646519223448056,3,NON_COMPLIANT
0.7359762910933434,0.7503125911377924,0.5996360371813861,0.6678036062969914,1,0,0.6578788079179884,6,COMPLIANT
0.6902843555105125,0.7188144003270514,0.69082387758609,0.6344110325989737,2,0,0.9530593367880755,3,PARTIALLY_COMPLIANT
0.9146331285492709,0.9624357136293815,0.9425717479906045,0.9266943042213615,1,0,0.8796253739581228,13,COMPLIANT
0.9234678801982361,0.9764328301994638,0.9001663790677156,0.8798281731605758,1,0,1.1065738275839925,18,COMPLIANT
0.4034778300156985,0.6867855030041672,0.27260355041766615,0.24978675565222136,3,3,1.0153743307446752,6,NON_COMPLIANT
0.663983356297333,0.7076208150778469,0.5072687603486369,0.5384327476879968,3,1,1.0930461198773551,7,PARTIALLY_COMPLIANT
0.6835909070121486,0.7797749908092139,0.798492100614917,0.4770332640959946,2,1,1.1502184284363852,10,PARTIALLY_COMPLIANT
0.28787921795720434,0.5500447653168165,0.38779887438339766,0.32602063451616137,7,3,1.002237973688228,5,NON_COMPLIANT
0.8643906792861886,0.8574709259177998,0.7592861802762403,0.6927560636908645,4,0,0.6609709478241591,12,PARTIALLY_COMPLIANT
0.7887792318470969,0.9416087025210799,0.6270505074938966,0.4217784604282847,1,1,1.056806695179736,4,PARTIALLY_COMPLIANT
0.5878431733669837,0.8069673787132478,0.5345300818564832,0.6166825833448919,2,0,1.1260546446276898,11,PARTIALLY_COMPLIANT
0.2573398225809139,0.36276956588108167,0.27744210146342896,0.3839820420919319,6,2,0.6061048557154076,0,NON_COMPLIANT
0.3671484181545672,0.5770837743277839,0.260217608315656,0.32364316823514006,5,2,0.6661252379544453,2,NON_COMPLIANT
0.5903407301591129,0.7749858142034478,0.8483720787495268,0.5142739316307394,1,0,1.3882757749498484,14,PARTIALLY_COMPLIANT
0.620437370886413,0.2113446476075704,0.10555839116718682,0.4081117008706854,9,3,0.9361799694180243,2,NON_COMPLIANT
0.5737287385398394,0.8808951751099952,0.7820895450348339,0.5013242527919018,2,1,1.1941771977491338,3,PARTIALLY_COMPLIANT
0.629494227957153,0.9220769368594263,0.6356535836028916,0.601680294122277,2,1,1.1180660354167826,7,PARTIALLY_COMPLIANT
0.8882005933069077,0.9920435789712961,0.8557639523443488,0.9754404980338559,0,0,1.112566097964352,4,COMPLIANT
0.8624336982540031,0.9764185060648605,0.9154503747409833,0.9505273122566835,0,0,1.1849394133538196,17,COMPLIANT
0.9875441669653733,0.9998403856339427,0.873052620371087,0.9657410116188688,0,0,1.0919859252527946,13,COMPLIANT
0.9323695504415759,0.9816044914753121,0.9365560996692867,0.9244390690183574,0,0,1.1775576036458506,8,COMPLIANT
0.9349907888358194,0.9828515249117054,0.9847579699876052,0.8498796961467336,0,0,1.1713295884833153,10,COMPLIANT
0.3897443030698273,0.38649198799215206,0.4017552707130069,0.1877606318549525,3,1,1.0202887308715045,4,NON_COMPLIANT
0.4772396536084227,0.6866723930658364,0.22357439182818314,0.4617619615617793,5,1,0.934259760186864,3,NON_COMPLIANT
0.2900324003671693,0.5450037017308339,0.2521821973335139,0.4434017197759538,8,4,1.4631575235839414,3,NON_COMPLIANT
0.5713066312998626,0.7060988252312483,0.12000221111181356,0.3976346144652484,6,2,0.9450966868725447,4,NON_COMPLIANT
0.8206632434464269,0.8764114840907533,0.5416160561872977,0.6069146754906256,4,1,1.159153913574857,1,NON_COMPLIANT
0.7883422752241174,0.8381586454572985,0.6972524199717921,0.6574941268571888,2,0,1.397892945239763,2,PARTIALLY_COMPLIANT
0.6583492732833811,0.8542210179915987,0.6869355915300529,0.4763943189986851,2,1,0.7586851745994664,14,PARTIALLY_COMPLIANT
0.22391731647782656,0.3053818466351928,0.23386860938728235,0.2129244231416827,5,2,0.7178245873286435,0,NON_COMPLIANT
0.8878379250782755,0.9767110204965623,0.9735702624880807,0.7757866902195902,1,0,0.7527991980130704,5,COMPLIANT
0.8989958874138866,0.9874091956024423,0.9709997579540225,0.9645058177518073,0,0,0.9329128766115623,17,COMPLIANT
0.9298386296723464,0.9584168477959565,0.8870361140001378,0.9596373037257071,0,0,0.8511666246757468,15,COMPLIANT
0.6955069869131856,0.7949077168714085,0.6339780078508725,0.6061966911046134,3,0,1.2396629152816023,13,PARTIALLY_COMPLIANT
0.854606322474945,0.9348579067749491,0.5275823443158926,0.5221565493898551,3,1,1.3020654180266937,2,PARTIALLY_COMPLIANT
0.6746313858141615,0.7424598583253119,0.537207037459533,0.7173598304003939,4,1,0.7716321769626292,8,PARTIALLY_COMPLIANT
0.2738047375898688,0.7174571790729061,0.3890416251823787,0.4222369318111274,5,3,0.8675395886521824,8,NON_COMPLIANT
0.9866014869152709,0.9732216618112771,0.8706285662225522,0.8352039249474617,1,0,0.9216900071895938,10,COMPLIANT
0.5580358814780603,0.6217263597392937,0.20268394186936597,0.2998236040619158,8,4,0.8435329445814916,4,NON_COMPLIANT
0.8486008607955071,0.763508849611877,0.6073096767837064,0.6919972646694095,3,1,0.7712419649819473,4,PARTIALLY_COMPLIANT
0.8659826870824169,0.9844178812456829,0.888969162425674,0.8136654216081117,0,0,0.856422314002834,13,COMPLIANT
0.8992269224196417,0.9604529686853422,0.862703251281296,0.8666732802211021,1,0,1.1564462223682876,5,COMPLIANT
0.9165788782631952,0.9725388141943182,0.9937746753501611,0.8577717156558223,1,0,1.046179461230529,17,COMPLIANT
0.4264661374806599,0.5343473741279829,0.34404757811051667,0.32878276166164766,8,4,0.9321554551086352,4,NON_COMPLIANT
0.266502860065243,0.6100623734544431,0.4180682652140655,0.17501121917862436,5,3,1.3703275937046921,8,NON_COMPLIANT
0.9513838934245316,0.9624362696895312,0.8523247362739286,0.791691067218173,1,0,0.795760661025074,18,COMPLIANT
0.5533831933415638,0.7183291130301913,0.5781800032395791,0.41164994224220997,1,0,0.8303492437629878,4,PARTIALLY_COMPLIANT
0.6451673148730517,0.5945933243711757,0.5962844521419591,0.28139009922604385,6,2,1.227309377029647,9,NON_COMPLIANT
0.6348154340088087,0.8934198366198126,0.685040048787587,0.7247891716254657,3,1,1.0206797090110507,3,PARTIALLY_COMPLIANT
0.4242190246827581,0.4388933359152837,0.37066503877285795,0.45519411961866674,7,3,0.5463338911345834,6,NON_COMPLIANT
0.9404819593149256,0.9539857536593642,0.952467142858457,0.9831416771764903,1,0,0.8729294289876346,10,COMPLIANT
0.3890524348817498,0.7002555446764378,0.21709214793464413,0.1390103961187236,8,3,0.595849633768749,2,NON_COMPLIANT
0.8455480595411156,0.8578883713604893,0.5275481209998978,0.5702225402883234,3,0,1.1320619519987423,2,PARTIALLY_COMPLIANT
0.7683674615002638,0.7580446375459012,0.7515433855016386,0.5914889619083984,2,1,0.7916061952322438,2,PARTIALLY_COMPLIANT
0.8232706322105163,0.7909465128997643,0.7576189050689763,0.5795425946700197,4,0,1.0610244746269553,7,PARTIALLY_COMPLIANT
0.5620020874086898,0.8755846085254654,0.5976797976529492,0.6027829045717821,3,1,0.6042713135757508,1,PARTIALLY_COMPLIANT
0.6170226934757809,0.7418253449982875,0.563418060814214,0.6351803600470276,1,1,1.1827767564468736,5,PARTIALLY_COMPLIANT
0.49142164761222007,0.6942207492242651,0.3250949129888072,0.41013329063568504,3,2,0.656196478733825,5,NON_COMPLIANT
0.20944324179032814,0.35012517720225916,0.3245552204326262,0.17917991321958007,7,2,1.2177278672546026,5,NON_COMPLIANT
0.928024525166799,0.992609075015927,0.9327860258161729,0.8902344928838466,1,0,1.0959089197348164,19,COMPLIANT
0.3240399036090248,0.38164203660287066,0.30717405421581334,0.2734913119098439,9,1,1.0037436953747285,7,NON_COMPLIANT
0.9006422757105442,0.997145485195626,0.8984804398031133,0.8796976554358416,0,0,0.9019180855290203,19,COMPLIANT
0.687530553780676,0.8674815855403307,0.6644614678145039,0.5343027611518091,4,1,0.7691925948866801,4,PARTIALLY_COMPLIANT
0.7946595949147333,0.7632279513890717,0.5141707385149066,0.5410113526348208,4,1,0.7885152315371374,14,PARTIALLY_COMPLIANT
0.9586836863738227,0.9655756149506993,0.9674385421386359,0.8606637120651083,0,0,1.0155940390300355,16,COMPLIANT
0.5907401112406316,0.7097239530617065,0.7535892359213434,0.6257979933775022,2,0,1.3634067532122478,8,PARTIALLY_COMPLIANT
0.677029907261476,0.9039233443111163,0.784884174330603,0.6970407744090266,3,1,0.6993281492382486,2,PARTIALLY_COMPLIANT
0.8600486641593771,0.951409567022361,0.886711761945539,0.9703714548972276,0,0,1.0619945821178458,7,COMPLIANT
0.4259259411060432,0.5230244446740855,0.4152172645003671,0.3864891300046468,4,1,1.3485767073958004,0,NON_COMPLIANT
0.9836460827036055,0.9784748629259288,0.9748586562552862,0.997906085740307,0,0,0.791711821748978,18,COMPLIANT
0.6596635982052887,0.8753799442779536,0.6357756881792052,0.40006143055027316,1,1,1.0728496624391912,6,PARTIALLY_COMPLIANT
0.6367793805590806,0.5825925415720361,0.5723650641630151,0.22662031979104957,6,3,1.3547245941184356,3,NON_COMPLIANT
0.48183604958303144,0.6504816006181424,0.543790024294784,0.2037902598287274,8,4,0.5683624998729099,5,NON_COMPLIANT
0.904490919459835,0.9719323750123027,0.996624438731334,0.9519664114209954,0,0,0.8650779751578022,4,COMPLIANT
0.8315121141340104,0.9248125767453912,0.7183136845292315,0.4019709594618188,3,0,1.0026111207206514,4,PARTIALLY_COMPLIANT
0.30105657757898213,0.698048421007261,0.3722570223046069,0.2745543499871522,7,3,1.3881608320201093,1,NON_COMPLIANT
0.33870622291847385,0.74353625281775,0.4025723927226468,0.43776445957706533,7,4,0.8482994173861882,8,NON_COMPLIANT
0.8155358596403735,0.7243947923940673,0.5140856697167377,0.6636327450080663,3,0,0.9403323954180133,3,PARTIALLY_COMPLIANT
0.9382646860680178,0.9605381549714953,0.885508071378075,0.9070076161423842,0,0,0.9891091906116447,7,COMPLIANT
0.6133158706102696,0.815499585698487,0.5122749478174864,0.6771012585472349,4,0,1.1470118598222436,3,PARTIALLY_COMPLIANT
0.5617029703366687,0.7296736623168181,0.29776943818056967,0.23509397419262174,6,3,0.6808650552091986,5,NON_COMPLIANT
0.9430835270535187,0.9819175032565365,0.954907711148105,0.7780029282670514,0,0,1.1009129499377575,13,COMPLIANT
0.7568499856800839,0.8348545481883667,0.6495571151320715,0.7404484907464852,2,1,1.3758475913410828,10,PARTIALLY_COMPLIANT
0.5088062126521182,0.5588804960327143,0.30780073343233394,0.14006840288057332,5,3,1.007730964012238,4,NON_COMPLIANT
0.9806877441097979,0.9644720447484104,0.9674823181985018,0.9508112261662016,0,0,1.0525204531767964,10,COMPLIANT
0.6998471956488831,0.765893622050346,0.766337161216283,0.5860136235850946,2,1,1.0560302310282792,9,PARTIALLY_COMPLIANT
0.9596305518664241,0.9710005502147832,0.9367539644674809,0.9581529433315328,0,0,0.7339866499097019,19,COMPLIANT
0.43362791592547534,0.4350210729831177,0.5902703243403469,0.29846656208656036,9,1,1.1668194682958486,2,NON_COMPLIANT
0.25966374338223147,0.7061008716573349,0.28118329093572036,0.2226789081547993,5,3,1.1044028317108707,4,NON_COMPLIANT
0.4362467405336382,0.6324286907989409,0.3701819028919383,0.23042102011508556,5,1,1.2568118192423505,2,NON_COMPLIANT
0.9515686395223846,0.9841335576231379,0.9443101022589989,0.8165253421343271,1,0,0.7860987397118164,19,COMPLIANT
0.8529477224120271,0.9939696528403598,0.9948414747071326,0.835392596757892,1,0,0.8344284564520859,4,COMPLIANT
0.7483296271607218,0.7678997308950994,0.5509388359629261,0.6121435361090422,3,0,1.3630155169702616,4,PARTIALLY_COMPLIANT
0.25358304169223345,0.21893978330558722,0.49911715693690695,0.39036897479840216,4,2,0.6274155188015534,9,NON_COMPLIANT
0.8529588619694763,0.9567591527085715,0.9542794689554817,0.7800627466426837,1,0,0.8888984119547056,18,COMPLIANT
0.8999552307708097,0.9942482154090294,0.9074926359463302,0.8733752480386021,0,0,0.9721269830568489,16,PARTIALLY_COMPLIANT
0.3364456116003066,0.34890799741922013,0.11185262144987432,0.3081266888776262,8,1,1.3152377161393223,2,NON_COMPLIANT
0.5897756503064288,0.3671494750100019,0.49902122167670737,0.4884029565112047,3,1,1.4091402834567175,2,NON_COMPLIANT
0.9987382613305411,0.9985374978835335,0.991347308450979,0.9459606691919185,0,0,0.7870546676670421,7,COMPLIANT
0.9985964105758268,0.9638945562993878,0.9247283948760968,0.8323826034434991,0,0,1.1593736524021256,19,COMPLIANT
0.6995952920656984,0.8330996718067282,0.8145425688307563,0.7491936765314247,3,0,0.6936356651014156,13,PARTIALLY_COMPLIANT
0.9447662265479133,0.9628559251999347,0.9922981121354486,0.792439624551784,0,0,0.7765674003022018,4,COMPLIANT
0.9899807631638959,0.9632748203714536,0.9417195416838491,0.9196249920731594,1,0,0.8478272708062426,8,COMPLIANT
0.8424201544751537,0.740663054547475,0.7990210939739504,0.6403687284590094,3,0,1.0373435999110294,5,PARTIALLY_COMPLIANT
0.9921347689486064,0.9883424448908886,0.8902430800641659,0.897701133379479,1,0,1.0673809056776722,12,COMPLIANT
0.311179990440894,0.681551329855987,0.549495528026047,0.28322754494752245,9,1,1.4606788379580586,6,NON_COMPLIANT
0.8381373609378358,0.8962473269155367,0.8120531952853383,0.5970259310267906,1,0,1.0343599503584902,6,PARTIALLY_COMPLIANT
0.9377617663309304,0.96131376254083,0.9843546944799059,0.9458750202113142,1,0,0.7162217230235934,13,NON_COMPLIANT
0.8117732779589961,0.7492333718602175,0.7720534515436757,0.6912331576290902,2,1,0.7843958698812167,8,NON_COMPLIANT
0.9620854207059325,0.9604708835410927,0.9305625183385156,0.9343048058928262,1,0,0.8058990749407513,4,COMPLIANT
0.9060712163300504,0.9812664979852116,0.8518511569090561,0.785740219400188,1,0,0.8011469745791018,17,COMPLIANT
0.973718178441668,0.9757829702928227,0.9194940479909195,0.7613508203671732,1,0,0.9126140927188469,7,COMPLIANT
0.4234073953026857,0.603486821557417,0.5855518719945796,0.3761656563580852,4,1,0.7445595509312893,1,NON_COMPLIANT
0.541603593012917,0.5275521042232194,0.40453308462724913,0.18738817240778546,9,3,1.265458447246864,1,NON_COMPLIANT
0.6556936695800069,0.8080127568760118,0.6847682192410489,0.49556359151018664,4,0,0.850004365588162,14,PARTIALLY_COMPLIANT
0.42829586713142864,0.23753711812688624,0.5617033031591974,0.21778700846290572,7,2,0.997620065324647,4,NON_COMPLIANT
0.676719547560372,0.9338455651831965,0.8019062344694773,0.4999400282543367,4,0,0.826662190889301,2,PARTIALLY_COMPLIANT
0.8149092626785623,0.7119038068926379,0.83569582652477,0.42515633879801856,3,0,1.2678387940639522,10,PARTIALLY_COMPLIANT
0.4271945606460198,0.4684343529524096,0.18168201095045525,0.2978078251881138,5,1,1.3903295253423686,9,NON_COMPLIANT
0.9599085123119959,0.9842938137543232,0.9749906923053772,0.8124897453098738,1,0,1.0652081325098677,12,COMPLIANT
0.6094219289153427,0.8451902729880633,0.6692881560152533,0.6550919514928062,4,1,0.9451451736299905,2,PARTIALLY_COMPLIANT
0.8687071085367085,0.9692687941523681,0.9465047769867676,0.9450999440368186,1,0,0.996522167093392,7,COMPLIANT
0.679551771422646,0.7177888139706452,0.8129375612316567,0.7108664835374655,4,1,0.9131024746909975,2,PARTIALLY_COMPLIANT
0.8224910374979412,0.9138540386577949,0.6524622741183381,0.532360135058526,2,0,0.9016283974345429,14,PARTIALLY_COMPLIANT
0.9285379727832179,0.9609129936346864,0.9984147648669447,0.8936091889680514,0,0,0.9888158771722113,12,COMPLIANT
0.6232999351486268,0.9372204062248659,0.5212734090202912,0.7143978976403282,4,0,0.9087045873543731,13,PARTIALLY_COMPLIANT
0.6062593335199155,0.34548457548176714,0.1853018038564134,0.33570242916106985,5,4,1.1797015203711823,5,NON_COMPLIANT
0.9714790281040879,0.9973697624793223,0.9006010211525535,0.9312452924810131,0,0,1.1450705686980074,11,COMPLIANT
0.9564677575335959,0.9741112615168663,0.9280485439287078,0.9938111338209896,1,0,1.0738502570065447,4,PARTIALLY_COMPLIANT
0.35782252287147465,0.4373774758287182,0.47153806739133797,0.3005762988566212,8,3,1.2452184771961559,1,NON_COMPLIANT
0.9492500889443783,0.9570611771686575,0.9356316125259214,0.7963175888458309,1,0,1.1271303944986677,5,COMPLIANT
0.29355868288089787,0.5689591952729489,0.29811137006628774,0.15313044177688614,5,1,0.8223206784211755,4,NON_COMPLIANT
0.5592185456119932,0.9474807856051821,0.597604797146928,0.7232399649276791,2,0,1.2900594832491654,11,PARTIALLY_COMPLIANT
0.3929042521154341,0.38504617284614506,0.10010069906715521,0.45641160744450093,6,3,0.9515282148790869,0,NON_COMPLIANT
0.6242353640752848,0.4765815127125271,0.5837132160415069,0.13556898355469504,6,1,0.5624023202768706,2,NON_COMPLIANT
0.3557578430322146,0.2236017499631068,0.45973844658823226,0.48103439252696767,3,2,0.5876967091623093,1,NON_COMPLIANT
0.9854575979653774,0.9569860283489476,0.8644188777598227,0.8561431517964889,0,0,0.9313439158439134,10,COMPLIANT
0.8016560040791771,0.9001958533434732,0.6727210498084221,0.44039964624649375,4,0,0.7418490028181158,6,NON_COMPLIANT
0.5960282141891693,0.4658428648638858,0.27963188736279876,0.2302071926525061,5,3,1.2125650778783754,3,NON_COMPLIANT
0.35963792117582455,0.6466248812033575,0.561457871776607,0.47881431513482176,4,1,0.7113666438151132,7,NON_COMPLIANT
0.621767724404994,0.48474416646638685,0.33628495486253607,0.1853657740867588,9,3,0.6407757762142847,1,NON_COMPLIANT
0.7786881562534935,0.8305003625380135,0.7127720204627079,0.5338552967689562,1,1,1.1130934553802416,10,PARTIALLY_COMPLIANT
0.9556388611753629,0.9779311168433095,0.9855426804698066,0.7777487034804527,1,0,1.0097225369090765,16,COMPLIANT
0.39685620228372676,0.7224137956430774,0.2915579322484163,0.34071466754065427,5,3,1.1759351638519702,1,NON_COMPLIANT
0.7663317181077467,0.7168559665509204,0.6626533146875131,0.6133115551037676,3,1,0.8605187892050704,14,PARTIALLY_COMPLIANT
0.2691563707724769,0.5387098582184078,0.3982102473119836,0.2769078972410597,8,2,1.1229758757868908,0,NON_COMPLIANT
0.7898167124550273,0.7067462589671231,0.8146927352311648,0.5183372972002118,3,1,1.2317696073684392,10,PARTIALLY_COMPLIANT
0.8652158562356823,0.7327158814858447,0.7308356116604932,0.5916707279830622,4,0,0.6974015981181427,13,PARTIALLY_COMPLIANT
0.710705695631569,0.762947113336721,0.6296120614076828,0.4070826814239827,1,0,0.9687776418045191,5,PARTIALLY_COMPLIANT
0.5775116752483844,0.48725701416682604,0.37626796919471395,0.45227016108535956,7,3,1.32419379666652,7,NON_COMPLIANT
0.865777100289131,0.7124417991471439,0.6834390394294343,0.4114924001793572,4,1,1.3670386097525968,8,PARTIALLY_COMPLIANT
0.6365692831662748,0.5285100497586634,0.2186292438173452,0.2988523213936851,7,1,1.4839735581823739,9,NON_COMPLIANT
0.8133088397357096,0.7937940995782755,0.6701012068833794,0.5424797404853847,3,0,0.7419783530459859,5,PARTIALLY_COMPLIANT
0.41986151523877036,0.42927838085044057,0.5141631230463729,0.28600080521067717,7,3,1.274860268696652,3,NON_COMPLIANT
0.9482156070403133,0.9695043019390106,0.8791821954549867,0.9329198996968704,0,0,0.9466237465129929,15,COMPLIANT
0.23568611363902386,0.31503947588774583,0.2559438421074739,0.1465630745859278,7,4,1.4843091908625357,2,NON_COMPLIANT
0.20940329549250838,0.26487773124115466,0.5748604953552855,0.46291109997088664,3,4,0.804013183516563,2,NON_COMPLIANT
0.5835056673904073,0.266232774399423,0.5487306402849895,0.131778272119558,4,2,1.1105093152379946,0,NON_COMPLIANT
0.8956848945317223,0.8183587258084233,0.7808581109185228,0.6578400565542779,1,0,1.3612642475518957,8,PARTIALLY_COMPLIANT
0.3923849695521141,0.23399233176684764,0.507483669009923,0.2376309750041095,8,1,0.6544101078422652,2,NON_COMPLIANT
0.9563981242708914,0.958366065200053,0.9670947576138336,0.8959431951285279,0,0,1.0142170237094994,19,COMPLIANT
0.8626319516765647,0.9992287948188057,0.9499610957042378,0.8213510171158556,0,0,1.0574492190386442,9,COMPLIANT
0.6369974787641395,0.5156545941777684,0.16390292139760645,0.24112240370636231,9,1,1.0328856366408696,4,NON_COMPLIANT
0.9437051004109912,0.9641270431831221,0.9067037424151603,0.7757365361750715,0,0,0.8693749521072536,3,COMPLIANT
0.9119259096638359,0.9929927245167561,0.8877722053013697,0.995257372278769,0,0,0.8638274818418077,14,COMPLIANT
0.9872296585330673,0.9685079350127722,0.8523184924793301,0.9820796406469313,0,0,0.9763824834177449,5,COMPLIANT
0.9073544996592442,0.9721563672661457,0.9064285703154433,0.84183512881932,1,0,1.0005455836981514,19,COMPLIANT
0.9204706482173022,0.972773278600318,0.9373217204222113,0.8391926225873128,0,0,0.9517567556489983,3,COMPLIANT
0.7817866416325181,0.8367787770821589,0.8085767841011837,0.557124348244113,4,1,1.3328004340766744,11,PARTIALLY_COMPLIANT
0.5851856255421426,0.824054869872481,0.7414875249942268,0.5171573643027477,1,1,1.0107983690734856,12,PARTIALLY_COMPLIANT
0.5793460013015684,0.7867617564884442,0.6466761390939043,0.4059224702127301,3,0,0.7712056905390994,12,PARTIALLY_COMPLIANT
0.9904232161241171,0.9848014898337486,0.9355091755134047,0.7742941234426921,1,0,1.0355717584120252,4,COMPLIANT
0.5561006909257161,0.8834738427248983,0.5257534530713918,0.6201897669692417,4,1,0.969862797967426,2,PARTIALLY_COMPLIANT
0.5911761797349823,0.8011978985801336,0.5994100338709738,0.40911944347827456,1,1,1.0532813740323914,12,PARTIALLY_COMPLIANT
0.9272871886472088,0.9745593170434314,0.9994503663710086,0.9743590370115509,0,0,0.8122202859183303,17,PARTIALLY_COMPLIANT
0.7696446083547263,0.789096619630757,0.6132207165751011,0.40810137017025294,4,0,0.7012362489571018,13,PARTIALLY_COMPLIANT
0.7956076036612028,0.8097632599878487,0.6007139841968137,0.4532947399853041,3,1,1.116374740414534,14,PARTIALLY_COMPLIANT
0.24144606971383026,0.40050551885158214,0.4965876033421084,0.38126275569289014,4,3,1.2980155187044522,3,NON_COMPLIANT
0.6833747367520479,0.8936400624786468,0.646069515643214,0.7403279196729924,4,0,1.0818913393019776,13,PARTIALLY_COMPLIANT
0.47504303833618705,0.7487358479946882,0.5875962055357633,0.48655891674971496,7,1,1.4912664987450435,0,NON_COMPLIANT
0.8798202276849751,0.9465792105680032,0.530998860838778,0.501945382789508,4,0,1.0315034544225143,4,PARTIALLY_COMPLIANT
0.9291711045338245,0.9999853818910915,0.9764954449228243,0.8404425014432451,1,0,0.9266853028020786,6,COMPLIANT
0.573362589197765,0.7291113810211778,0.7087661021403833,0.49624271719077406,2,0,0.7345846745629464,12,PARTIALLY_COMPLIANT
0.6218401354076946,0.8887857625290353,0.7813131910064286,0.5935414551061039,4,1,0.6575088982817628,10,PARTIALLY_COMPLIANT
0.9863762896080379,0.9656939038257514,0.9536583719108893,0.8179082953185924,0,0,1.0648559532487112,5,COMPLIANT
0.6293693436727683,0.8139706471060257,0.833639199502292,0.6976585212243267,2,1,1.089812182983901,3,PARTIALLY_COMPLIANT
0.9734505361670402,0.9617515649405959,0.9478421669227669,0.8512992856438324,1,0,0.7869804438481127,8,COMPLIANT
0.90205035031183,0.9966433845063316,0.9883967709405358,0.8755929549930239,0,0,1.062348127130912,8,COMPLIANT
0.9307602235571182,0.9830827587540271,0.9606783650359787,0.880042027469683,0,0,1.0079315940911522,4,COMPLIANT
0.9907829063523625,0.9500389382920507,0.9988317338936826,0.9043703774069292,1,0,0.9623782158161189,14,COMPLIANT
0.2058068886488821,0.5637209675271666,0.523618768727799,0.4141094150055986,7,3,0.9711278849969545,2,NON_COMPLIANT
0.49527903393488765,0.3434595887906587,0.11147421471997235,0.1564918098388969,4,3,0.7820025694262018,4,NON_COMPLIANT
0.894466733161623,0.9964824803850664,0.868692007851749,0.9131189888768081,1,0,0.8290538215867074,14,COMPLIANT
0.7868340644830591,0.9252137074942819,0.7712028436253876,0.5888969303643208,3,1,1.211719689272286,13,PARTIALLY_COMPLIANT
0.6362672683518578,0.7022514160661187,0.582414995953807,0.4482049055309994,2,0,1.0075861902751315,2,PARTIALLY_COMPLIANT
0.8625604853300888,0.9389654200936844,0.680012326336819,0.6794730867342968,2,0,0.7769772113458393,8,PARTIALLY_COMPLIANT
0.5792151805894917,0.7014086899653572,0.5104299173053541,0.5971722768305374,1,0,1.3157683643414924,10,PARTIALLY_COMPLIANT
0.8611112360815671,0.9996416065840987,0.9111841355170286,0.8218506334613707,1,0,0.9591593612145914,9,COMPLIANT
0.7752334561309663,0.7038032737988388,0.8014316941603581,0.45092200653673925,2,1,1.0805918195603146,12,PARTIALLY_COMPLIANT
0.5059799749431833,0.6162668575748599,0.18546946406778833,0.32495919901391923,5,3,0.5195425839700584,2,NON_COMPLIANT
0.9438789873571355,0.9751568129290044,0.9784734761782483,0.9146734079047363,1,0,1.0079255821949569,18,COMPLIANT
0.544356707990489,0.5138247013936176,0.4774137193258271,0.13958703867960326,8,1,1.0366170693642598,5,NON_COMPLIANT
0.7275779152226904,0.8835933696691934,0.5422941579668857,0.47744942307023513,2,0,0.7742392920931372,3,PARTIALLY_COMPLIANT
0.6417495424684576,0.4711415068001175,0.5692475791653855,0.31973809353402116,6,3,1.2119122559039721,9,NON_COMPLIANT
0.5711068478750225,0.24318511433566134,0.39130087037618355,0.35599956143869926,6,2,1.4799183187292955,6,NON_COMPLIANT
0.3158321998157146,0.6884625103492075,0.26337783766600764,0.3266586873416668,6,4,0.5740312874059136,2,NON_COMPLIANT
0.9941119454157032,0.9768770071820173,0.8521294951707585,0.8144079996908823,0,0,1.0441692057732823,19,COMPLIANT
0.5360719277670923,0.4267498873609089,0.4350537246722175,0.29588770153638,9,2,0.7902566404358606,3,NON_COMPLIANT
0.7461231909069866,0.7054347095159268,0.6821996905047106,0.5371201097042011,2,1,1.1885743894224878,10,COMPLIANT
0.39906415962343655,0.6778176627002724,0.4056272532113787,0.10817326642861001,8,2,1.1578635056049698,2,NON_COMPLIANT
0.6178108935778206,0.5774577194393735,0.4405547493221298,0.18950902763408264,6,3,1.0625228436045802,7,NON_COMPLIANT
0.8749827262648504,0.8475747679388999,0.7205024974062831,0.6958967205952695,2,0,0.7799000734445567,8,PARTIALLY_COMPLIANT
0.6531271160718752,0.7125047052255465,0.6705373461209079,0.524402838253586,3,1,0.801867203530582,7,PARTIALLY_COMPLIANT
0.9210153489062531,0.992727369660109,0.9010006579089838,0.9674124212030428,0,0,0.7421321830779255,9,COMPLIANT
0.8617375084619148,0.8790827568141738,0.8492596478799612,0.5219770299410569,2,0,1.3154261749469425,10,PARTIALLY_COMPLIANT
0.6783335122561216,0.9444739969465316,0.6520470483414154,0.4526569927706257,1,0,1.0564480413927182,10,PARTIALLY_COMPLIANT
0.9550682298136537,0.9700906729300848,0.8614453681261119,0.9331750459677017,1,0,0.8917405612875212,6,PARTIALLY_COMPLIANT
0.2981074243393724,0.728808986488612,0.3671822144296897,0.2513414413047648,8,2,1.0245189426558095,2,NON_COMPLIANT
0.9269615827552075,0.9835373600235886,0.977103258086405,0.7523847385063862,1,0,1.000693492990893,15,COMPLIANT
0.8763900941300931,0.7621171311041854,0.7248861423687782,0.49629471508163225,2,1,1.0694563560588508,4,PARTIALLY_COMPLIANT
0.9365824109513425,0.9837018933712478,0.8524990706866323,0.8347361938371122,0,0,0.9096673402096441,19,COMPLIANT
0.7333128419214856,0.7285215776097743,0.5455024343314694,0.6429376362807341,3,1,0.868887716976483,8,PARTIALLY_COMPLIANT
0.6599585944771873,0.7935531989347644,0.7172229332422658,0.6668839869828915,3,0,1.2424155058394932,14,PARTIALLY_COMPLIANT
0.5749979698819052,0.8168239507562698,0.5613939520793938,0.44938422875012385,3,0,1.116808232757359,4,COMPLIANT
0.40533314740750953,0.30146833244041876,0.2856174672370597,0.3088973006267536,6,1,1.2148704106773853,7,NON_COMPLIANT
0.4437690611932636,0.39200155242535384,0.2211405800589795,0.3688234765541957,8,4,1.1313685291006368,4,NON_COMPLIANT
0.7263880229388877,0.7507900095910522,0.5236441952094905,0.46000127156615134,3,0,0.6498731903275579,8,PARTIALLY_COMPLIANT
0.9068055033371739,0.9921572432514872,0.9466319523984427,0.91268109608345,0,0,0.8953467685504743,9,NON_COMPLIANT
0.8828910942885814,0.9516834589106936,0.8821942109888204,0.8540303570177731,0,0,0.7614603392326937,19,COMPLIANT
0.27396129861449803,0.6396676582841601,0.13132848346533157,0.39897729470667687,5,4,1.175321309349395,6,NON_COMPLIANT
0.8830976589432622,0.9569062646570123,0.9788667636470375,0.8750145647977716,1,0,0.8782856629754094,11,COMPLIANT
0.9110011104997875,0.997651001058945,0.928380957509808,0.8047793698674846,0,0,0.9184979428328104,8,COMPLIANT
0.9308043501014558,0.976207958536308,0.9772071686696158,0.9599909950705456,1,0,1.072866891365616,16,COMPLIANT
0.3762688388666477,0.4956356844474387,0.40622572422866254,0.1598025239495188,5,3,0.8355862101881838,9,NON_COMPLIANT
0.9598276867688593,0.9625365330280798,0.9449647095036171,0.8735684625345679,1,0,1.1572059729624797,16,COMPLIANT
0.26923833625422666,0.7370285933506058,0.2210199963880233,0.38707692421653295,5,3,0.8290126137839327,4,NON_COMPLIANT
0.6093996957382187,0.7023895465370171,0.582996060834163,0.4822600754913468,2,1,0.6465902261685426,1,PARTIALLY_COMPLIANT
0.3838536221148794,0.6513617736570576,0.5066196659205868,0.15551312427210784,6,4,0.9798324027251308,9,NON_COMPLIANT
0.9126861225693114,0.9874203172202519,0.9942001946792209,0.8647424295163372,0,0,0.8262930033423621,5,COMPLIANT
0.8927287402898139,0.8235685903515311,0.8279280777614356,0.400395017884444,3,1,0.6976430136650528,1,PARTIALLY_COMPLIANT
0.3237681189406326,0.21071222370856774,0.279067589947238,0.2036440070983334,7,2,0.8074069255965323,8,NON_COMPLIANT
0.9218605094655027,0.9509000044472607,0.913216606236887,0.756793754022711,1,0,0.8400186647752447,18,COMPLIANT
0.831296898405816,0.9448082708243111,0.7783638739028658,0.6476378910694487,2,0,0.7566270454883238,5,PARTIALLY_COMPLIANT
0.884334190726992,0.961632276928134,0.8831203944678458,0.7934381489155736,1,0,0.9635207319558258,9,COMPLIANT
0.22749818531101987,0.44020517278705257,0.5565543934597748,0.41651393157016037,5,4,1.424805479191647,9,NON_COMPLIANT
0.7946101297909738,0.9260421373869316,0.7818368304372034,0.49605821757168417,4,1,1.1712434645243657,14,PARTIALLY_COMPLIANT
0.96060356160817,0.9738009064684383,0.9063832427718654,0.8486190696425089,1,0,0.8961968607642372,12,COMPLIANT
0.8880419156289562,0.9821043253676199,0.8913304850711277,0.873630281280102,1,0,0.9885585411939533,18,COMPLIANT
0.49737069883681695,0.207953465164596,0.1387145752501525,0.33259371528185666,5,1,1.1011416668628446,2,NON_COMPLIANT
0.9586508225693111,0.9789193458503205,0.8911240999839709,0.7698548422472467,1,0,1.0226449187628583,6,COMPLIANT
0.32408140388951306,0.6809137735949004,0.1714998310781832,0.45013611481448057,7,2,0.7758403130687141,1,NON_COMPLIANT
0.9112227536300047,0.9507697445845654,0.9374389085206395,0.8132753847949021,1,0,1.169825755646754,12,COMPLIANT
0.6038107611985251,0.7333066869960883,0.5714926654165519,0.6683490860472512,2,0,0.9242156561861893,9,PARTIALLY_COMPLIANT
0.6020167349632636,0.22655100995835592,0.1930650330541923,0.21845726576056823,4,3,0.9854698207857142,7,NON_COMPLIANT
0.4827833733973491,0.6188948350341121,0.35069388400244206,0.45284627487766216,4,4,1.4221948386343706,8,NON_COMPLIANT
0.8693606870396322,0.9648929699195106,0.9670072130560066,0.8679065912988154,0,0,0.7047716765336133,6,COMPLIANT
0.730728211491988,0.7236927228980048,0.6125558924784171,0.4068023043138057,3,0,0.7096543540323584,4,PARTIALLY_COMPLIANT
0.3960253360200008,0.5351783070119546,0.4380007804709537,0.3783145225693708,4,1,0.8444160602556772,8,NON_COMPLIANT
0.45164117373355345,0.553387375034317,0.25829115454953677,0.21619470852378392,6,1,0.6871004178646726,9,NON_COMPLIANT
0.5850110848735038,0.7644350153278796,0.763129630581548,0.43324532574205926,2,1,0.8982962645446884,3,PARTIALLY_COMPLIANT
0.6416844565593323,0.6480838153660085,0.2573919079064053,0.261394990112202,7,2,1.0298458033394686,9,NON_COMPLIANT
0.9497367586730827,0.9897724980394864,0.9890766729219179,0.8086605204638634,1,0,1.1870823143140077,7,COMPLIANT
0.9977955748430928,0.958301091182143,0.8671647277918537,0.7521765367656359,0,0,1.0991465986045932,16,COMPLIANT
0.9759996640906515,0.9669661417827855,0.9563348669159975,0.998445993844543,1,0,0.8602006430701075,17,PARTIALLY_COMPLIANT
0.9657786589272432,0.9543212305381272,0.8855176463967078,0.9331121829595225,0,0,1.1816972171067752,17,COMPLIANT
0.8981099638517009,0.9933820807360112,0.8848852111385243,0.901923975874402,1,0,1.0514332220250506,12,COMPLIANT
0.5753914545453283,0.8683010615039524,0.7888175271819915,0.5067077750869224,1,0,1.1469596365796966,5,PARTIALLY_COMPLIANT
0.34160232022008874,0.6538140040005487,0.13970412214888242,0.23033871215629517,4,4,0.687071615200571,9,NON_COMPLIANT
0.9159004752798655,0.9600859601167697,0.9843645393510279,0.8688425557955279,0,0,0.9542853455823513,7,COMPLIANT
0.3756409456481684,0.4837912474151497,0.3533814286420549,0.4018094706253156,3,3,1.4464728292974467,6,NON_COMPLIANT
0.5658288426412428,0.47221277838657993,0.5973450649822626,0.2828482297072177,6,3,1.1825781370900827,5,NON_COMPLIANT
0.22846431389343158,0.40067718512622624,0.5776433069247477,0.2568108224315908,3,1,0.8552428610103552,6,NON_COMPLIANT
0.9454144069614313,0.9956643473788118,0.9418860202517229,0.9684246483665863,1,0,1.018938546331817,4,COMPLIANT
0.9210360832652633,0.9528960230279399,0.861204162663678,0.9631036647996619,1,0,1.1867444845886985,14,COMPLIANT
0.8769467973796198,0.997979710251387,0.907774394165881,0.8353924082360688,0,0,1.016924909367662,10,COMPLIANT
0.6441061972695302,0.7609423732706818,0.6039818390731123,0.6020207826440851,3,0,1.122746150002103,2,PARTIALLY_COMPLIANT
0.8575761206248423,0.9521940544184372,0.9580559819098304,0.8611199944944478,0,0,0.862889771872809,3,COMPLIANT
0.44326941772504785,0.38022387567933,0.20279483062362177,0.21219102065697923,9,3,0.6771512195060327,8,NON_COMPLIANT
0.9628613849818014,0.9876656465939628,0.9574488015214042,0.9173463559174673,0,0,0.7782134594108094,9,COMPLIANT
0.5214541398745166,0.6543451382965129,0.14482063411816962,0.2201680749722529,6,2,0.8715469950031752,2,NON_COMPLIANT
0.8791671466647533,0.9546598059781347,0.9115743691090832,0.7908341620222643,0,0,0.8121592794267631,6,COMPLIANT
0.6680332127925448,0.8794842559056424,0.7599875255547031,0.41779888909180896,2,1,0.9243231686807393,3,PARTIALLY_COMPLIANT
0.9875187536053502,0.9860327572641556,0.910216844636979,0.7896560361315945,1,0,0.7669141814998466,4,COMPLIANT
0.937198152958758,0.9539464927519206,0.8787506978245412,0.8686360875396391,0,0,1.1751396118057036,16,COMPLIANT
0.8288392761255593,0.7480024441308986,0.6006501121121749,0.7439934918068034,1,0,0.7580647554803815,4,PARTIALLY_COMPLIANT
0.7974489372706464,0.7711050809759479,0.5935364412748683,0.7077371650772246,4,1,1.3791391031097557,3,PARTIALLY_COMPLIANT
0.5229327785912368,0.33865338581268656,0.5739256442670662,0.31528808854444335,7,4,0.9034306187825553,1,NON_COMPLIANT
0.989623611248517,0.9830399264845455,0.9619544326469862,0.8278929348955573,0,0,0.9176311398282768,18,COMPLIANT
0.8583560254172867,0.9564611900051374,0.8586611619200554,0.961253059288944,0,0,0.8136305267798312,16,NON_COMPLIANT
0.8194767025820402,0.914371313434055,0.500064818353405,0.5268509939157198,1,1,0.6877025555227517,13,PARTIALLY_COMPLIANT
0.8864758286499181,0.9861133465927829,0.9783544702159428,0.957554966141748,1,0,1.1722048627886368,16,COMPLIANT
0.9945734741317711,0.956754007311288,0.8727663114776653,0.972394154582623,1,0,1.0015750600614735,18,COMPLIANT
0.8659515589383662,0.9657459794306483,0.8505725701186521,0.9204173706004051,1,0,1.1278686294528932,3,COMPLIANT
0.8816057445800805,0.9978724009519048,0.8513294927670203,0.9994552139204945,1,0,1.1973243207799988,10,NON_COMPLIANT
0.5788723837891185,0.49691393739848627,0.2616615497633744,0.2914234860321411,7,3,0.9006370441880279,0,NON_COMPLIANT
0.7475546445788347,0.9380753461502767,0.777547777987379,0.6025452266922848,1,0,0.6254313196441101,11,PARTIALLY_COMPLIANT
0.46554884844210287,0.2257985257096328,0.30104637470549844,0.20306476793467412,5,4,0.6256625496115058,4,NON_COMPLIANT
0.8774220082808839,0.9978145940756681,0.9065014660644194,0.8348101652934591,0,0,1.1516240525475652,10,COMPLIANT
0.9833282647590129,0.9872866866840679,0.8552735488072752,0.8937676047713538,1,0,0.8686795391786397,3,COMPLIANT
0.8500339704597646,0.7512703960365187,0.7013043651947767,0.4521439654434974,2,0,1.3666387864570404,12,PARTIALLY_COMPLIANT
0.4139045631814488,0.6057309337574017,0.1095800197530212,0.4703360433192417,7,1,0.8941900867641329,2,NON_COMPLIANT
0.6677436915141443,0.8815455337366153,0.678476373392677,0.44541678172369253,2,1,1.3873319675865718,2,PARTIALLY_COMPLIANT
0.404232399670886,0.6871802968557956,0.294105549821551,0.3717816576199676,7,3,0.759372533524196,3,NON_COMPLIANT
0.242700128857663,0.4136548376453923,0.39386269634564364,0.3312648802397855,6,4,0.8386719248874972,9,NON_COMPLIANT
0.8696619792557054,0.9883078550791389,0.9898665967566026,0.9868267248092405,1,0,1.0179697883707168,9,COMPLIANT
0.9520874639378151,0.9560632446679568,0.8670642938206824,0.8527401520089758,0,0,0.9181222241821586,19,COMPLIANT
0.7388330302294274,0.7457494291505247,0.6535580226286442,0.6798461106847802,4,0,1.125636605762414,13,PARTIALLY_COMPLIANT
0.7604068881988735,0.7755441828531644,0.811264723706804,0.6678093633804796,4,0,0.6011405826300261,1,NON_COMPLIANT
0.65012101808075,0.8292091919336247,0.5921772666493277,0.4734526370476924,2,0,0.9970428827891811,12,PARTIALLY_COMPLIANT
0.7738438392320589,0.8659416840304249,0.6449701940066253,0.4155948210661786,4,0,1.0226816980409887,5,PARTIALLY_COMPLIANT
0.5016843994705034,0.332542074250462,0.25762562151320256,0.17834928318399382,8,4,1.148602122637279,5,NON_COMPLIANT
0.9170583315709638,0.9730179135600963,0.9796845414284006,0.8866620550469471,0,0,0.906380564633013,16,COMPLIANT
0.9802406920769888,0.9602920605018384,0.8667879429096592,0.8174374028792474,1,0,0.7614854042648134,7,COMPLIANT
0.7316280774926649,0.8514398723397429,0.8370046729006333,0.6063147810826364,4,0,0.967596619891528,9,PARTIALLY_COMPLIANT
0.4204843293472085,0.3953414052648897,0.2396655092651703,0.3699052165565675,6,1,0.655329967318188,4,NON_COMPLIANT
0.30484864462382866,0.6499338581497422,0.4541054187940935,0.10222800224142024,6,4,1.2564393706335735,9,NON_COMPLIANT
0.8726575776792722,0.7446732380715783,0.6034433745223262,0.7415262677204402,1,0,1.0036624023177831,2,PARTIALLY_COMPLIANT
0.3091158341280279,0.4877858913819889,0.1920942627616857,0.21251138002924433,8,3,1.2350138084607978,5,NON_COMPLIANT
0.36339649427429804,0.306876535361149,0.2825424387534351,0.1858216830571164,9,2,1.1682893861376993,1,NON_COMPLIANT
0.7478848060347186,0.724018993909589,0.792057485071717,0.6633815311996267,4,0,1.1305566602786716,12,NON_COMPLIANT
0.8511301544701112,0.9612666398856263,0.9048035229511087,0.8719524502021845,1,0,0.7932835120256528,11,COMPLIANT
0.48542911157947155,0.671942857884628,0.23089074134604384,0.377249284870683,8,4,0.9141351431395817,1,NON_COMPLIANT
0.8566564995299855,0.9926096766673503,0.8553133552627817,0.8322628413424678,0,0,0.9754286853045696,4,COMPLIANT
0.932290467690723,0.9774460989944489,0.8802595693495353,0.9211428869699583,1,0,0.8273203273818819,7,COMPLIANT
0.20629135632778034,0.441360205946272,0.510324090024691,0.41202436928726727,4,2,0.7497690128593153,9,PARTIALLY_COMPLIANT
0.5993654981650776,0.5560909553514499,0.3801881329410376,0.30265969667148207,4,2,1.2548755467771247,2,NON_COMPLIANT
0.22718084095681715,0.5337728369816211,0.5041631994607823,0.39960322169939133,5,3,1.3622925295542114,4,NON_COMPLIANT
0.803992147120161,0.8730076737882783,0.7875389513239782,0.6259917339573384,1,0,1.0441905839247987,12,PARTIALLY_COMPLIANT
0.579214253313685,0.7726762139760954,0.6903043571905576,0.49647237950566814,4,1,0.778245473920228,4,PARTIALLY_COMPLIANT
0.44902918787903884,0.27303819324481404,0.27136701368187865,0.30407690356544237,8,2,0.5592484523997275,6,NON_COMPLIANT
0.8472405192748763,0.7346368606111735,0.5107635291784007,0.7270310891338755,1,0,0.9843180705500241,7,PARTIALLY_COMPLIANT
0.22913199473441628,0.2622741857381697,0.3983941150072201,0.2416263447174335,4,1,0.8280792178971665,3,NON_COMPLIANT
0.36162169047658693,0.3867749077677045,0.17253166804632694,0.44327376411341646,9,3,0.5199889989448903,5,NON_COMPLIANT
0.42999059052038835,0.2320338990243092,0.38169446529841566,0.4190083997272037,3,1,0.5727112143445917,0,NON_COMPLIANT
0.9786646218679044,0.9737051037921133,0.8506159304346173,0.7527533395839019,1,0,0.8722982978634859,6,COMPLIANT
0.6305159703803913,0.607683934609766,0.16588878154949036,0.30450752765393374,6,2,1.0254120709540064,6,NON_COMPLIANT
0.7505972271289247,0.9443685695751425,0.5829266722101107,0.5243676522743032,2,0,1.2917422020685203,13,PARTIALLY_COMPLIANT
0.7036180590721837,0.9382917941927917,0.7128746453328514,0.4769998152828188,3,0,0.6267343957640475,14,PARTIALLY_COMPLIANT
0.6179560477803945,0.3852559518233759,0.22868436493911673,0.3904346014283483,7,4,1.4371240578533868,1,NON_COMPLIANT
0.716126003146561,0.8395353733507356,0.6560733859829699,0.4243203886634286,1,1,0.6067888096667544,6,PARTIALLY_COMPLIANT
0.9608084726089849,0.9506872777005673,0.88725643905547,0.8036016207482911,0,0,0.7385725842697909,4,PARTIALLY_COMPLIANT
0.24961001900625496,0.347968451826751,0.5792593040907131,0.20645997877189257,5,3,0.5521113286098366,1,NON_COMPLIANT
0.22872291031579606,0.7301536848222063,0.4121316176880523,0.16925942447451764,7,4,0.8701226204775434,9,NON_COMPLIANT
0.5574073348937134,0.7841764172243834,0.5505664938081118,0.4815402742273137,1,0,0.9328407241094154,6,PARTIALLY_COMPLIANT
0.5206028441203899,0.4869841761844563,0.18076196114963064,0.25367062208176694,4,1,1.1353995574791123,6,NON_COMPLIANT
0.4607918426143076,0.37418247850459296,0.45458662657979476,0.1994783762668019,6,2,0.823818534558275,7,NON_COMPLIANT
0.46597139968550966,0.6869765724551056,0.30107949863682393,0.4282640157644997,7,3,0.6740673836633702,6,NON_COMPLIANT
0.27546624919537716,0.2505805120246325,0.387690851804971,0.49123924772628536,6,4,0.9358396389345528,3,NON_COMPLIANT
0.9914475725224063,0.9711192261092153,0.9065970492109485,0.9840802884922892,0,0,0.7446447622627864,3,COMPLIANT
0.9301838828734463,0.95977290001842,0.8749344043077488,0.9791222877788786,1,0,0.8006318940672361,16,COMPLIANT
0.8247843031328589,0.7612815011136268,0.7582362046554311,0.5592505664847904,3,0,0.9555080213104448,11,PARTIALLY_COMPLIANT
0.8773425817713937,0.9781982546009418,0.9761064978816897,0.7723010821780141,1,0,0.7598810659096256,19,COMPLIANT
0.9830659768778005,0.9679072390597903,0.906796357510614,0.8545326707427328,1,0,0.8325174590702737,19,COMPLIANT
0.6215474313591886,0.5398993006733441,0.1263872912996409,0.3963450519847094,8,4,1.1883363483798939,2,NON_COMPLIANT
0.5400990826095493,0.6728788102337732,0.3430476515975116,0.34794490513204124,5,3,1.0624706135286772,7,NON_COMPLIANT
0.2605523828027886,0.2073510911824831,0.31923354028240936,0.11598205942941725,6,1,1.108408870880069,4,NON_COMPLIANT
0.8267072450276445,0.8225278691591138,0.5303055753627726,0.607355904276645,1,1,0.9109584782612821,1,PARTIALLY_COMPLIANT
0.2019238409759516,0.48587816748588736,0.2978357460684148,0.21857860451599503,3,3,1.399499883658851,5,NON_COMPLIANT
0.993113040480945,0.9567500638710603,0.9225632412898619,0.8174778055980487,0,0,0.8311320221499126,5,COMPLIANT
0.8886912441572733,0.9829992023017089,0.9725833300301824,0.8888002028998656,1,0,0.8304145874152045,3,COMPLIANT
0.2370653512188391,0.6713435032909754,0.39621972503946745,0.13345106527197625,3,4,0.9441153695169745,0,NON_COMPLIANT
0.2430089180923388,0.31400985397678377,0.27402614349546706,0.3164204891322322,5,2,0.5800146078269879,0,NON_COMPLIANT
0.8995841503459436,0.9872368363914605,0.9118604590701799,0.7989389016014061,1,0,1.0050539610181173,15,COMPLIANT
0.7103991257351956,0.8648614146789095,0.8200601778083294,0.4315397715269506,2,0,1.2503427243151495,14,PARTIALLY_COMPLIANT
0.7585326363364894,0.7786365244008393,0.6963885380689403,0.5867280051470798,4,1,1.106182708806053,10,PARTIALLY_COMPLIANT
0.526400269338444,0.4645047217497591,0.37822718929792,0.43653866549897946,3,2,1.4891855285275903,8,NON_COMPLIANT
0.6084963460597558,0.8746201169537218,0.7730907658221673,0.5155391292493344,1,1,1.0353600016909021,12,PARTIALLY_COMPLIANT
0.9474068230354934,0.9834438265520342,0.9697983670534955,0.9831882347650783,1,0,0.8663904344803977,7,COMPLIANT
0.7652943038926091,0.711849644482791,0.714452718179615,0.4789529804563833,1,0,1.0430647326942588,11,PARTIALLY_COMPLIANT
0.9402330818949736,0.9648279956102965,0.9571636246106863,0.9397513206304827,1,0,1.0903659266004504,6,COMPLIANT
0.8131392359491887,0.8124224183423349,0.7144993765478616,0.6408996346288027,1,0,0.9632496037787046,11,PARTIALLY_COMPLIANT
0.6262568638563497,0.6112025035705024,0.3729028820935859,0.20067871966246464,6,4,0.6566933338525145,6,NON_COMPLIANT
0.6227608193421006,0.7991409291992702,0.5389258012507754,0.41114461059183427,3,0,0.9043031496307785,13,PARTIALLY_COMPLIANT
0.8578586943392291,0.9579812450716083,0.9003434909466868,0.7692018602673203,0,0,0.7118538768222591,15,COMPLIANT
0.8680508143052493,0.9523472678573907,0.9076135917236874,0.7591829843566534,1,0,1.0897922367833766,8,COMPLIANT
0.9578077169893303,0.955530179943658,0.8553385346209714,0.9985825756714287,1,0,0.8163183191933874,12,COMPLIANT
0.5380363053007915,0.28270013968470253,0.4994511574102186,0.32457855347611686,9,3,0.504759040069905,1,NON_COMPLIANT
0.3187369485006335,0.6562552266225439,0.45059765769548155,0.4959313961644064,8,1,1.0331367220453773,1,NON_COMPLIANT
0.5656857087347826,0.9393728894677378,0.8335043321253293,0.49777471313426597,2,0,0.7540173127500813,13,PARTIALLY_COMPLIANT
0.8201319139673822,0.9187586328113146,0.7149569459156696,0.46586999358795184,3,0,0.6118951794764157,13,PARTIALLY_COMPLIANT
0.8547667726535987,0.9891025384631879,0.886010611073135,0.7860773001804008,0,0,0.7263826289298012,14,COMPLIANT
0.8950970502597309,0.934441139829556,0.8017535354025926,0.7111956874967005,2,0,1.3041983955804508,1,PARTIALLY_COMPLIANT
0.7727647479925339,0.7984711587354042,0.6044331797465141,0.630157841285357,1,1,0.7493970276778614,5,PARTIALLY_COMPLIANT
0.5506314528830403,0.4692066612139596,0.5424473853006965,0.3360543026818208,3,4,1.0682718543000336,1,PARTIALLY_COMPLIANT
0.20577602062853162,0.37170380522476526,0.268593847417695,0.16622845032781647,3,4,1.0858841300521092,2,NON_COMPLIANT
0.7076877886734767,0.7029112248757741,0.694884250099259,0.6315335134511613,1,0,0.7494246457298965,6,PARTIALLY_COMPLIANT
0.6496442891106444,0.939984142949721,0.6326803530670982,0.4033549740505381,3,0,1.1277825123239071,13,PARTIALLY_COMPLIANT
0.8566136899925488,0.8692585805146793,0.7302379309554434,0.47460747083716787,3,1,0.9172313820515873,14,PARTIALLY_COMPLIANT
0.3479429716141146,0.25039746365337706,0.39282060631920845,0.3343528849411167,3,4,0.8110201472158838,2,NON_COMPLIANT
0.2653170467908091,0.46343612916865246,0.3096380903607241,0.3662901285164516,9,2,1.158750171066226,8,NON_COMPLIANT
0.5146325187456329,0.44150544316212104,0.46564519303294416,0.4709845120973707,6,3,0.9419653553113824,6,NON_COMPLIANT
0.962765825955864,0.9614347204700182,0.9934480140081291,0.7870444820574863,1,0,0.8412393719885133,6,COMPLIANT
0.6298311026694788,0.7792534752877254,0.5747196042945223,0.7170541872084901,3,0,0.9716307708195353,5,PARTIALLY_COMPLIANT
0.8798623469241936,0.9793851614170738,0.8596065285797183,0.9656085325352892,1,0,0.9099693426741191,15,COMPLIANT
0.39246478163242343,0.5979680164026322,0.5147300469906109,0.4595543015448581,8,2,0.8020787992734968,4,NON_COMPLIANT
0.8676213848314739,0.9892833300972228,0.9510275180225889,0.7787527342070244,0,0,1.0653420487103882,15,NON_COMPLIANT
0.8777842669821114,0.9958876244585688,0.9136791137794542,0.7717597406469147,1,0,0.9751132710781308,15,COMPLIANT
0.9455142575566491,0.9874116415665948,0.8837562814256308,0.8821811047746089,1,0,0.7954632925358217,16,COMPLIANT
0.91052214535405,0.9617377210862486,0.9728303905780707,0.8343326522114414,1,0,0.7343243330739361,10,COMPLIANT
0.20528851681909305,0.5782862937780071,0.2595325776098275,0.1896888559557672,4,4,0.5892212111881854,2,NON_COMPLIANT
0.6047110274897333,0.7859532259087723,0.7537397817063868,0.40549322736985627,2,0,1.2535867046472555,14,PARTIALLY_COMPLIANT
0.8525134456738573,0.9839599575600585,0.8614852387650308,0.8551903004414815,1,0,0.7163295303922479,7,COMPLIANT
0.9481034616488141,0.9708108515516157,0.8769488933544868,0.922277270371706,1,0,1.1924789848129156,18,COMPLIANT
0.6523891499685495,0.8709733386944192,0.7781792141872718,0.43950035773029406,4,0,1.0141111485515475,9,PARTIALLY_COMPLIANT
0.6020395373248439,0.9169581241836241,0.6055404046511028,0.5589266505093197,2,1,0.670908987114474,6,PARTIALLY_COMPLIANT
0.36521442169043317,0.5700915921941089,0.2184679397112412,0.3803971575956595,4,3,0.9558683716019345,4,NON_COMPLIANT
0.2951622993648012,0.3571412072076274,0.5353761764992765,0.45573318589764433,8,3,0.81364109918687,1,NON_COMPLIANT
0.8528648799030588,0.9844895623656433,0.991824229083925,0.9080300304789128,0,0,0.9276974526239703,12,COMPLIANT
0.2966964374417551,0.3563158228054849,0.13103924201601805,0.2215881103884022,7,3,1.4618331662913198,7,NON_COMPLIANT
0.861176569272796,0.9755196360674353,0.9954159063513818,0.9233023855547169,1,0,0.7466489277383717,7,NON_COMPLIANT
0.46008073795486,0.5609365529754131,0.24175501782580502,0.4486542015691226,3,2,1.2723196933737526,1,NON_COMPLIANT
0.21542894822276007,0.5998672594773687,0.57167207467768,0.16474186543012093,7,3,1.3134255606523169,5,NON_COMPLIANT
0.741327342606189,0.9299916307159106,0.8471293245160182,0.5005549300128677,4,0,0.6388267605837351,12,PARTIALLY_COMPLIANT
0.6084408196947486,0.7399011372080113,0.27990473863431675,0.2470103338562185,7,3,1.3615281302980384,9,NON_COMPLIANT
0.34789930899745036,0.6335186247669773,0.5457066672988063,0.23857975107546658,3,3,1.2107736831667975,8,NON_COMPLIANT
0.4733429424145179,0.28811261491754997,0.48927772995576924,0.21973458287574613,8,1,1.0582887464374169,3,NON_COMPLIANT
0.9060920701718601,0.9943144108227859,0.8727056756894912,0.7879715430841576,1,0,0.8967776680531577,19,COMPLIANT
0.25306993770282854,0.2337551113974134,0.2554973510059768,0.1546355753505696,5,4,1.0189812535232787,0,NON_COMPLIANT
0.9689692806944584,0.9610254393568324,0.8778942261336127,0.9877046649791079,0,0,1.1778247336332446,14,PARTIALLY_COMPLIANT
0.7990627046617602,0.9295278346901403,0.5869797982275288,0.6146344220297685,2,0,1.015562213214045,11,PARTIALLY_COMPLIANT
0.6318537102730817,0.7134130410024226,0.6502395561085429,0.6758717888750709,1,0,0.9128338337515752,14,PARTIALLY_COMPLIANT
0.8572986495492569,0.9790507546687555,0.9139106466439145,0.88700808916606,1,0,1.0758734961979202,9,COMPLIANT
0.906677582391368,0.9620542416164816,0.8807567992759787,0.8128606098779496,0,0,1.00308731722544,3,COMPLIANT
0.9581886861900737,0.9838553183098139,0.9283859230392715,0.945488154243038,0,0,1.1781105868218138,15,COMPLIANT
0.5589679580693195,0.2605845017687948,0.3844979173518357,0.20932688920564027,7,4,0.7179934810843698,2,NON_COMPLIANT
0.8959663504825365,0.9981106455057972,0.9946732337535782,0.8223590920075055,1,0,1.0884106836201406,14,COMPLIANT
0.2387117692490916,0.3054070740975969,0.4012222832137292,0.17867456106058013,4,4,1.0528304323866364,2,NON_COMPLIANT
0.3516580154723544,0.6240743638664399,0.1533065431556054,0.19193559831947815,6,2,1.1324378147136092,7,NON_COMPLIANT
0.9786902370995993,0.983346372372934,0.9153094485099627,0.9882800285985345,1,0,1.048096225150545,8,COMPLIANT
0.8814629421525522,0.9689513563109549,0.996018608496426,0.8342101254652758,0,0,1.109531756930828,8,COMPLIANT
0.8683339457768153,0.9069675948765434,0.5572746444647733,0.7049096161863404,2,1,1.0396181980182069,13,PARTIALLY_COMPLIANT
0.6540703116390161,0.7643528075491763,0.6335043787369631,0.5246584378600551,2,0,1.316675112373432,8,PARTIALLY_COMPLIANT
0.8901290545372513,0.975960348730173,0.8851555136016813,0.7808916218503941,1,0,1.1718831911060072,16,COMPLIANT
0.86304505303839,0.9651609891922125,0.9949837659070816,0.9861768454181205,0,0,0.8293554737078173,19,PARTIALLY_COMPLIANT
0.9856679217343741,0.9500373854185266,0.9391204587216326,0.9298251522562784,1,0,0.7961578863921752,8,COMPLIANT
0.8748858712533265,0.8992436947239533,0.713254103751995,0.4405484719513176,4,1,1.1366377491916544,6,PARTIALLY_COMPLIANT
0.876063021296135,0.9885427054270495,0.9920946832384507,0.7915943967330681,1,0,0.7336753007343858,12,COMPLIANT
0.8563139784454543,0.9508936967366707,0.9981583584604048,0.8569432834339656,0,0,0.8958150702701779,6,COMPLIANT
0.7145335854580307,0.7974438299055718,0.6374479862504759,0.6156134849189849,3,0,1.0826604525156787,12,PARTIALLY_COMPLIANT
0.956893199964777,0.9908389733252818,0.8772420951634904,0.8427352520394413,0,0,1.199771959359547,6,COMPLIANT
0.749439968095496,0.7891414393344484,0.7709933604656998,0.5910322699666208,2,0,0.6033577286644521,6,PARTIALLY_COMPLIANT
0.9966990135607352,0.999714399288053,0.9333425732023605,0.7925356850442895,0,0,1.1345608071405173,17,COMPLIANT
0.9339835797768679,0.9743202517768089,0.92573992061341,0.7941029776069716,0,0,1.1433077444946778,6,COMPLIANT
0.5938677234460991,0.7469626677391925,0.35900222617862665,0.1373048791635716,9,4,0.8236182425543099,2,NON_COMPLIANT
0.8745436000315351,0.9562459905370316,0.8540015143913309,0.753106398448483,0,0,1.0764930965195925,17,COMPLIANT
0.9982623984118115,0.9742679491579943,0.8683650847538411,0.9312963870068477,1,0,0.7829774476478925,8,COMPLIANT
0.804311667532182,0.8753726538823408,0.7507291692899152,0.5590434129485123,1,0,1.0995399417475138,9,PARTIALLY_COMPLIANT
0.5925666452271351,0.8933298858007694,0.5237150489725106,0.71773915072525,3,0,1.0587014304012468,6,PARTIALLY_COMPLIANT
0.3920581712284218,0.3960646372633031,0.5989783577511429,0.3127875843116734,5,2,0.8858608133416018,9,NON_COMPLIANT
0.6778921458155449,0.8176080619158103,0.5932925421590004,0.5207058242926235,3,1,1.3164571832664609,3,PARTIALLY_COMPLIANT
0.5519820501840289,0.7129458609857668,0.82065221875647,0.7179622299911378,3,0,0.8617532846631303,7,PARTIALLY_COMPLIANT
0.9481261902211111,0.9599048816379869,0.9347995381857415,0.865983121672084,0,0,1.1735179938693614,14,COMPLIANT
0.8893727511850886,0.9790607738744691,0.957725192134077,0.7811054717129734,0,0,1.179069059902248,7,COMPLIANT
0.9156021358648893,0.9966320531276992,0.9448708303617216,0.8220739511385641,1,0,0.7065051067129363,10,COMPLIANT
0.29225865119244054,0.20088152290517872,0.28649269404150746,0.2164712671601488,4,1,1.245810244076155,3,COMPLIANT
0.8422941571701215,0.7481297179549494,0.7482909694017659,0.4214923040993926,2,0,0.6344647760047398,10,PARTIALLY_COMPLIANT
0.6043903950586554,0.8624476818781561,0.52943853475839,0.4634640496365096,3,0,1.3142645010105913,11,PARTIALLY_COMPLIANT
0.8336406793006441,0.8069252927048096,0.7455597724648589,0.5521108290512972,3,1,1.1896999727179818,2,PARTIALLY_COMPLIANT
0.5137734006535444,0.34182506555398057,0.2778667390327334,0.29559679292446617,4,1,0.5253617771607282,4,NON_COMPLIANT
0.8025769904881076,0.718665411161306,0.8200541294139165,0.40722520384102767,3,0,0.8284200573722716,14,PARTIALLY_COMPLIANT
0.8686161051570666,0.9560707452752486,0.9581698536035236,0.7959461662769753,0,0,1.0333428259462565,14,COMPLIANT
0.8700543481599154,0.99676972448339,0.9627134976296954,0.9853335981967254,1,0,1.10653139860706,13,COMPLIANT
0.9463628917309473,0.951325565527081,0.9378663371910195,0.9850575603562394,1,0,1.038584171191491,5,COMPLIANT
0.7005413957626918,0.8727684016511423,0.6823836628530439,0.7419259958790604,2,1,1.364331331796877,1,PARTIALLY_COMPLIANT
0.3208599468989447,0.23551550546640077,0.191206945075983,0.29513665739111117,7,4,0.7039623173087667,0,NON_COMPLIANT
0.6476418367881485,0.6417556383404452,0.4285060784437672,0.45818542310358945,5,1,1.473166457659615,7,NON_COMPLIANT
0.7351861436811535,0.9190508405562462,0.6618729959043533,0.497804847782563,3,0,1.0706462155044725,3,PARTIALLY_COMPLIANT
0.8004858218993689,0.7976756376720273,0.7681279996913775,0.5558531703313236,4,1,1.2012643322262702,2,COMPLIANT
0.5541752431305799,0.6076339703071123,0.18918750096804524,0.26873152102991754,7,1,0.6109355974023111,9,NON_COMPLIANT
0.8919650396330561,0.9782476303826236,0.8632213365086188,0.8534163808958017,0,0,1.0168770435951682,19,COMPLIANT
0.44186966877538625,0.4741696248689279,0.19365930985095517,0.35351527956291673,7,1,1.1519330594757506,0,NON_COMPLIANT
0.35269793757586065,0.3370031585343034,0.444590879471621,0.48783458756351794,4,4,0.9913500405593755,3,NON_COMPLIANT
0.8756283302655353,0.7911599977534457,0.8001811389647897,0.49318172308123054,1,0,1.0137202898271016,8,PARTIALLY_COMPLIANT
0.9000491335950539,0.9693847577419503,0.8707552301332285,0.9345420676342109,1,0,1.0640582186680831,5,COMPLIANT
0.6080950889287109,0.6725012238138426,0.26656273026130584,0.3143827447947253,9,1,1.2090775702600758,3,NON_COMPLIANT
0.9769771508035416,0.9959463266819777,0.8878361530260043,0.9387604821865696,0,0,1.1891986394002978,16,COMPLIANT
0.5019125528240712,0.53092804226393,0.14166888868060293,0.4720544318047838,6,2,1.1742577101274052,6,NON_COMPLIANT
0.8912055722571838,0.9903482745441997,0.9189497305603992,0.8866442855080737,0,0,0.92929897175692,5,COMPLIANT
0.6965118149851703,0.711073857749248,0.7061710537338519,0.5923894895486327,1,0,0.6278279846869872,12,PARTIALLY_COMPLIANT
0.7530766372916892,0.922026979752868,0.6657388764146117,0.6612983358311875,4,0,0.9032991285641773,5,PARTIALLY_COMPLIANT
0.8698431921476557,0.9988794980172522,0.9373942969060548,0.9988685380867036,1,0,0.9721286685076254,3,COMPLIANT
0.9754118351192922,0.9577393017423056,0.8951763380496038,0.8122442247903412,0,0,1.1443732584069064,16,COMPLIANT
0.47468504166214975,0.5162251870540709,0.4403119642013682,0.23585812922880592,5,4,0.8142700982209226,0,NON_COMPLIANT
0.5968995384219848,0.7221297631407668,0.817853880129626,0.5874279361375743,3,1,0.8264611514003014,14,PARTIALLY_COMPLIANT
0.9323169788894518,0.98981428414714,0.9374601526633215,0.9900545180957061,1,0,1.144299640218576,10,COMPLIANT
0.5176221028769495,0.7059125631937719,0.38818530492777215,0.1744488978115024,5,3,0.7597353304667479,5,NON_COMPLIANT
0.45799118505718495,0.5787297363715225,0.2630748585596808,0.3454336739423507,8,3,0.5992933462968036,5,NON_COMPLIANT
0.9160485127552523,0.98076490125349,0.8625196127484075,0.9706040921018346,1,0,1.0698651660427703,18,COMPLIANT
0.721782537308446,0.8120227781989799,0.8406574778251318,0.7466344621943767,3,1,1.03041757050854,1,PARTIALLY_COMPLIANT
0.6382636936367443,0.7509293483194166,0.6191346931871422,0.5667987802530066,4,0,1.3614124129138614,13,PARTIALLY_COMPLIANT
0.6015458329744144,0.8131411258588956,0.8084190688444743,0.5474169829388869,4,1,1.1036082577221196,7,PARTIALLY_COMPLIANT
0.8514129783958668,0.9904396486596347,0.8889099608202781,0.9090334169320164,0,0,0.9228649104514346,14,COMPLIANT
0.5486249743915599,0.6137418595606043,0.5506273985514658,0.22290199245152445,7,4,1.364999612606053,1,NON_COMPLIANT
0.9432016745880294,0.9779592403414663,0.9442357165694922,0.8831689716903888,0,0,1.136376919783064,16,COMPLIANT
0.893304060515605,0.9677836358232474,0.9578568857776368,0.8242804289057938,0,0,1.1746533985288827,17,COMPLIANT
0.43589347352646446,0.32251696245090866,0.5231141615577055,0.42729521127677195,5,2,1.0886075856938553,8,PARTIALLY_COMPLIANT
0.9416535117312886,0.9812096036448135,0.8698052765334993,0.9390583974540533,1,0,0.8208822537398408,15,COMPLIANT
0.8761235038593095,0.9773440586893716,0.9571689525828673,0.8611569144784762,0,0,0.8164292784380471,9,COMPLIANT
0.8673408415917269,0.9694315472803551,0.8555832556853994,0.9794001740654751,0,0,1.11814565655123,3,COMPLIANT
0.6097716657986234,0.425708106463928,0.36879533006765874,0.20728604910420373,8,4,0.5460337815613625,6,NON_COMPLIANT
0.7094608881255817,0.790833445479066,0.7203485883090701,0.6358432864084419,3,0,0.7802695291634624,9,PARTIALLY_COMPLIANT
0.8557129450898979,0.9809984282437082,0.954729764601475,0.8037291328466798,0,0,0.9976148663597008,11,COMPLIANT
0.8792260737483046,0.9745665215956065,0.9925755342383702,0.8459022600887895,0,0,0.7818378318648639,19,COMPLIANT
0.4783600621394778,0.5351973671091506,0.5606702799024608,0.19953262226635327,6,3,1.0131935546949618,9,NON_COMPLIANT
0.5432025907894493,0.7484628291858657,0.4937043142154509,0.4508047835771415,7,4,1.2949356367907936,9,NON_COMPLIANT
0.313864194589463,0.2231702553241474,0.13630542629804007,0.19735331170424356,4,1,0.7454105920874615,0,NON_COMPLIANT
0.5424611153006562,0.462022595306098,0.181287858655125,0.11865395145782949,8,1,1.445602778526021,3,NON_COMPLIANT
0.7397337782194116,0.8913746251013248,0.7940270058907034,0.6823501688156546,3,0,1.1340672174388486,2,PARTIALLY_COMPLIANT
0.3464759743971002,0.21164099618664087,0.15418735364658495,0.20602169279555493,9,1,1.1026324003547026,5,NON_COMPLIANT
0.9143331147025315,0.9826132002971885,0.9590696795322892,0.750179214676645,1,0,1.1279114535619517,14,COMPLIANT
0.7673938546817902,0.7588313877399373,0.6951313926335463,0.7349109549215382,4,0,1.0518760817737212,1,PARTIALLY_COMPLIANT
0.9592324522917789,0.9683891566359626,0.9448458745890369,0.9083824276902237,0,0,1.108215936609692,18,COMPLIANT
0.395420672478652,0.3876490300301957,0.4037634310876692,0.3807597375475894,9,3,0.6854312414047316,0,NON_COMPLIANT
0.2798507663609346,0.5110174558337934,0.31952163023472646,0.1509772222280492,6,3,0.6643993051752605,0,NON_COMPLIANT
0.5198722640456925,0.6024658205157858,0.18852884839128517,0.2734783668032943,5,4,0.5260666069325989,2,NON_COMPLIANT
0.26969447170739413,0.3927805880532182,0.4961180836221344,0.13388032587252627,8,2,0.6356316058442765,6,NON_COMPLIANT
0.9509247534880645,0.9748614597509998,0.9925460520604272,0.8249846224495159,0,0,0.8570810319184861,3,COMPLIANT
0.568582348075179,0.6416753696079305,0.5727252750588944,0.4990191046469441,5,4,1.110028313475314,0,NON_COMPLIANT
0.895764953022929,0.9584429644683518,0.919100918748249,0.8267719358400621,1,0,1.0447915327666148,5,COMPLIANT
0.596585538509515,0.9124186545336519,0.8423120442330798,0.4552795199612885,3,1,1.3806655118261657,3,PARTIALLY_COMPLIANT
0.5338469757454263,0.5756157887346405,0.524955717546069,0.1862893961862438,4,2,1.3813552403057496,2,NON_COMPLIANT
0.461077440875873,0.3872080654615977,0.3585406502788807,0.3356110148498874,6,2,0.555638384756184,2,NON_COMPLIANT
0.9344067548533509,0.9720611856827663,0.9408632954708585,0.9796836776515944,0,0,0.9886395146165656,16,COMPLIANT
0.4500634289571834,0.6818024274056129,0.5154706982306534,0.12317826256440077,7,1,0.5951093742183918,7,NON_COMPLIANT
0.42040369012756984,0.3208631954112371,0.35372619836842834,0.11583822871963112,4,4,1.3185502511944411,9,NON_COMPLIANT
0.5133625701124127,0.6942610110649451,0.4545684957797128,0.4883968594095257,3,1,1.4635501381630547,0,NON_COMPLIANT
0.8135320098820887,0.7378705282574896,0.640206275061934,0.5689861230226438,2,0,1.2329277496720545,1,PARTIALLY_COMPLIANT
0.6160260934315378,0.4084666439052892,0.13032103872583764,0.26719770315200636,3,4,1.0935961349482208,0,NON_COMPLIANT
0.858314948341185,0.9777093825502395,0.9381853487342222,0.983635061405465,1,0,0.9863862548685545,8,COMPLIANT
0.24494030881489548,0.27715526972982235,0.17984475623104204,0.47155593066220713,5,1,1.155427501103104,1,NON_COMPLIANT
0.5957183884042522,0.9334885329488094,0.5504663123671536,0.4715413211679377,1,1,0.9694186434490331,5,PARTIALLY_COMPLIANT
0.5554877201145252,0.47444420662811515,0.1479348373541092,0.25254559007262656,4,4,0.7296125565197147,1,NON_COMPLIANT
0.9313821793450969,0.9989222196076785,0.9715026667069395,0.8889262150979865,0,0,0.9285119760963128,17,COMPLIANT
0.5780726977348042,0.887769798475609,0.5492917912026343,0.4349602112991624,1,0,0.733894024581321,6,PARTIALLY_COMPLIANT
0.9293901172215385,0.9792197960794728,0.9695292355414287,0.8352416408656211,1,0,0.9451562447049141,16,COMPLIANT
0.7269410782888575,0.862535433661741,0.6126940805494434,0.41438476037355637,1,0,1.0755986925998067,4,PARTIALLY_COMPLIANT
0.9758770592470448,0.9580339792355922,0.8537457493175574,0.8622596919825315,0,0,0.8680035294950543,14,COMPLIANT
0.8895200760133244,0.8079257446641047,0.8392723650469388,0.44911323191873914,4,1,0.6545901464824326,14,PARTIALLY_COMPLIANT
0.25472545173074046,0.3461324186088161,0.5180015194043147,0.4614995722973565,6,1,0.5316356172129324,1,NON_COMPLIANT
0.7751635097865259,0.7573546691289283,0.5552021109791374,0.6196686453230686,2,1,0.974616744211594,12,PARTIALLY_COMPLIANT
0.5634489759736705,0.8004226421404035,0.7796756968201686,0.5829440426234295,1,0,1.2842515714903506,7,PARTIALLY_COMPLIANT
0.6390434591260722,0.7237933271774806,0.26266391338207074,0.2686774854872727,9,1,0.747544287018046,4,NON_COMPLIANT
0.5521291588202358,0.817826100439127,0.5416048869593687,0.6973821821725668,1,0,0.8383010652182347,6,PARTIALLY_COMPLIANT
0.8596362447336725,0.8540560629017382,0.6500537996130185,0.4638173142523769,1,1,1.274869556474832,2,PARTIALLY_COMPLIANT
0.35105844866596203,0.6182986415606937,0.5755010062045082,0.3583922712783073,4,2,0.6028862453220512,0,NON_COMPLIANT
0.8512743367910814,0.9880502991474778,0.9569521437792611,0.8415715965516306,0,0,0.7008005937745143,6,COMPLIANT
0.7074045579133237,0.7696230008393466,0.8301070947486722,0.709424538295506,2,0,0.9935331358019013,11,PARTIALLY_COMPLIANT
0.48080899735132876,0.7100720216510068,0.29152190642504183,0.16075456080694492,4,2,1.16983195229722,1,NON_COMPLIANT
0.8671400950083531,0.9707252292101813,0.9795277210919435,0.9807400579496213,0,0,0.8734766009481139,4,COMPLIANT
0.3148652087159448,0.35194595852228366,0.4226339736236664,0.12199275024915252,4,3,0.6887061614792671,6,NON_COMPLIANT
0.6868822854518772,0.7199956206991887,0.5314390134002294,0.6067638024735726,4,0,0.8257244672289114,2,PARTIALLY_COMPLIANT
0.8827764751531195,0.9698398423543158,0.8566581658256281,0.8194555181954336,1,0,0.7435463833978857,11,COMPLIANT
0.8943133054470648,0.954527973380046,0.950200487611452,0.7833317040856438,1,0,1.086076013807919,5,COMPLIANT
0.6693067888543778,0.8021218472205682,0.6220459837950424,0.667276461383127,1,1,0.9286474098994731,11,PARTIALLY_COMPLIANT
0.9745304326518643,0.9832006114033801,0.9007551798887824,0.9838807556897143,1,0,1.0387316771199866,15,COMPLIANT
0.608835892431813,0.7863615964513784,0.7664450003688761,0.7339809751167476,2,1,0.7262407016205326,14,PARTIALLY_COMPLIANT
0.27168983098625676,0.3386257728196388,0.4924399547496411,0.27345836989281197,5,3,0.629808461165144,5,NON_COMPLIANT
0.6882937096710986,0.779083477297138,0.5339689458441822,0.5514310376917508,3,1,0.7431428092486687,10,PARTIALLY_COMPLIANT
0.9912588567428388,0.9834286323361456,0.9518004935008847,0.8404799977094662,0,0,0.9993462011595486,16,COMPLIANT
0.816226778852309,0.7454701745378968,0.5593551002872497,0.7019800119450545,4,0,0.7021333079858443,5,PARTIALLY_COMPLIANT
0.8927935507535975,0.9714591296698178,0.8901665013232501,0.9472902116471829,0,0,0.9607228445217947,7,COMPLIANT
0.5162349674538746,0.74706426437974,0.42952992524797573,0.41762365262909407,8,2,1.3104273690648183,4,NON_COMPLIANT
0.3424081134474392,0.6833543762603589,0.2986779770530287,0.19842193681237213,5,2,0.7152982973214461,4,NON_COMPLIANT
0.9718586086279226,0.9541202985930973,0.9399951787391599,0.8714117163335693,0,0,0.8512331587307348,15,COMPLIANT
0.337426027117222,0.46464881251170587,0.5592711675495944,0.2676220202356357,6,1,0.6631309149817713,0,NON_COMPLIANT
0.5219583208598404,0.652314297366297,0.4799666055847467,0.11132458695409207,8,2,0.9973154638556732,3,NON_COMPLIANT
0.8711386337462144,0.9901098490377019,0.8611825965519656,0.9967217341501293,1,0,0.8974407590877849,10,COMPLIANT
0.45177888504679764,0.6130855757228375,0.19785490716803397,0.2471643751264283,3,1,1.339522055722212,4,NON_COMPLIANT
0.891815501647396,0.7540822425415676,0.5492799692733916,0.5822463237138648,1,0,0.8062960028384069,4,PARTIALLY_COMPLIANT
0.7196723210316565,0.7264447267235167,0.5972727037692757,0.7116100596747779,3,1,0.9499065939943918,3,PARTIALLY_COMPLIANT
0.9619269457828409,0.9901019135141435,0.8740890542564963,0.8843351242107953,0,0,1.1496244591446012,15,COMPLIANT
0.48378678003165965,0.7179035057555669,0.49780446240973664,0.32283073678977214,4,1,0.9508742314022398,6,NON_COMPLIANT
0.28173945645097226,0.5776629306908119,0.597474993060971,0.28694347384756763,4,2,0.9950924499931562,2,NON_COMPLIANT
0.9395917123383146,0.9993128497933408,0.9304885968980998,0.9810104397768583,1,0,1.009127385765148,16,COMPLIANT
0.8767053950304627,0.9980535158734728,0.8722994091629669,0.8536560309317559,1,0,0.9675348594668293,10,COMPLIANT
0.8623491621376138,0.8609351145943116,0.6839212305732612,0.5159875806937807,3,0,1.1725952312003738,13,PARTIALLY_COMPLIANT
0.500763506278449,0.37067057234891915,0.12492343705722717,0.4327481637403855,4,2,0.5631052248586784,8,NON_COMPLIANT
0.28822445815461606,0.699324147945424,0.5655689545963115,0.12075889647405239,3,3,0.9326324491988691,5,NON_COMPLIANT
0.7387992801016827,0.9151755081355375,0.5341634993803976,0.4841559472865683,2,1,1.1112259980373578,9,PARTIALLY_COMPLIANT
0.5798403786229013,0.7611754612874146,0.7993579288644042,0.604033532277582,4,0,0.8280795995063952,1,PARTIALLY_COMPLIANT
0.29372051957040607,0.5961761173073183,0.5055589363703475,0.15544059923928072,9,2,0.7487156819788625,2,NON_COMPLIANT
0.46447048840516253,0.3233026029082412,0.39399492912013034,0.42779983317960724,9,4,1.3002504545930118,8,NON_COMPLIANT
0.6799109422411896,0.7188387240572229,0.8354220042708298,0.5522541746031163,1,1,1.0996681961209398,2,PARTIALLY_COMPLIANT
0.5327358002290827,0.6295668873836555,0.29871763619353786,0.2535813811533688,7,2,0.593407681760216,8,NON_COMPLIANT
0.5513006350951944,0.765149471592944,0.6883701369934371,0.5865057877065274,3,0,0.815037676933582,4,PARTIALLY_COMPLIANT
0.5612063186618079,0.7741793628947602,0.7046177031196738,0.5472951859353339,1,0,1.32354027385372,12,PARTIALLY_COMPLIANT
0.914974466697275,0.9887151341472298,0.9778877432407513,0.88541160455419,1,0,0.7782383580018002,12,COMPLIANT
0.6724991330001664,0.9114667265512088,0.8308782304202855,0.7026498870063558,2,1,0.7247348077302616,12,PARTIALLY_COMPLIANT
0.5901414239349608,0.7178101788106497,0.798175762193363,0.6711995291007473,3,0,1.2255954284088482,7,PARTIALLY_COMPLIANT
0.5770601404089292,0.8705763657167652,0.6230276404032558,0.478665572278541,3,0,0.8739999944065099,9,PARTIALLY_COMPLIANT
0.9613301513681699,0.9754867755001968,0.9133668685046319,0.8495217945590577,0,0,0.7896481176300242,11,COMPLIANT
0.5470317632532027,0.26143836722813435,0.30534408583788597,0.4269784009301206,3,3,0.5060426968580669,7,NON_COMPLIANT
0.8594361214027035,0.9593673395663395,0.8548706157537622,0.9358382238925032,0,0,1.1978095298113534,18,COMPLIANT
0.971862048643585,0.992669786676847,0.9871510663999725,0.8163212722715131,1,0,1.0142114144588363,19,PARTIALLY_COMPLIANT
0.8485861812255091,0.8831964930910985,0.7152962646846728,0.7037273591631034,3,0,0.8899285134506413,6,PARTIALLY_COMPLIANT
0.6153393740700109,0.8015999632136244,0.7556960283141128,0.7379103624539312,2,1,1.2235032626426565,12,PARTIALLY_COMPLIANT
0.8502030438573202,0.9649900263782618,0.9469688112456895,0.9935486109540893,0,0,1.03779004597513,13,COMPLIANT
0.9707678813131997,0.9925066367342519,0.8933725501681227,0.9880650195905809,0,0,0.9837216040116148,4,COMPLIANT
0.21099408918845966,0.7436766884605135,0.45501136575009227,0.30815689039718497,9,2,1.0185181326097128,9,NON_COMPLIANT
0.9098552976463652,0.9919900803332213,0.8782810908623877,0.9181151245062572,1,0,1.032497258118887,12,COMPLIANT
0.6194402552360008,0.8181150822134868,0.6720646706941158,0.4064519733952597,3,1,1.0635799925549667,14,PARTIALLY_COMPLIANT
0.26169497605947484,0.4683890852957926,0.46142293767164455,0.4879078852865064,7,1,0.7042409552481617,3,NON_COMPLIANT
0.8013021735376769,0.9359084176621236,0.7427134170874095,0.7291404802917649,4,0,0.8240425644932451,13,PARTIALLY_COMPLIANT
0.24680382007651386,0.3773321913623996,0.36909928916091284,0.48947238175928265,6,2,0.7200399238546211,6,NON_COMPLIANT
0.794899577004018,0.7615676835257933,0.8161927145519775,0.4365300103289902,1,1,1.1650950174802461,14,PARTIALLY_COMPLIANT
0.6788572298479506,0.8836300394618583,0.6732099743866923,0.4063233222835525,3,0,0.9385915531921492,14,PARTIALLY_COMPLIANT
0.8940448587639811,0.9699799255810434,0.9778645626353678,0.875074468598498,0,0,0.9907124474345435,3,COMPLIANT
0.813707398584737,0.7614509640694664,0.7358528878718908,0.41512697803923504,3,0,0.9046066325745467,12,PARTIALLY_COMPLIANT
0.5891509812212129,0.8578842274356651,0.5848392566881612,0.49716682486678593,2,1,0.7580852651126869,4,PARTIALLY_COMPLIANT
0.8977724069725297,0.7230243569476307,0.5842354624458503,0.7070055114931487,1,0,1.299981646899294,7,PARTIALLY_COMPLIANT
0.580929621673073,0.7251730417645079,0.11029331666862088,0.24102330218840345,3,2,1.027729433242667,7,NON_COMPLIANT
0.7153857223588154,0.7852041922175043,0.8341331353938085,0.6438394117302855,4,1,1.3554657885986332,9,PARTIALLY_COMPLIANT
0.7225065639973548,0.858320878409922,0.5641307515597545,0.4031031973467682,1,0,1.0372754107977955,13,PARTIALLY_COMPLIANT
0.8923825401277958,0.9639504145173898,0.9107452881064283,0.9996982339539137,0,0,1.110295894662074,5,COMPLIANT
0.658935838402509,0.8274731439327179,0.8020594318523683,0.5458345291222296,2,1,1.224351711928942,9,PARTIALLY_COMPLIANT
0.24076748258640499,0.28622974532755596,0.16814453878093497,0.20378630822437327,9,4,0.8717162978989844,9,NON_COMPLIANT
0.9054606716309033,0.9743028770951341,0.8970673214958593,0.7854610994042464,0,0,1.0694006916340948,11,COMPLIANT
0.5163144491278856,0.6683090576377826,0.35368177161228176,0.2923469834544903,7,4,0.6770966942940838,5,NON_COMPLIANT
0.5313069185218031,0.6027196580290738,0.1825743560549872,0.4826640353696854,6,4,0.9577493673821993,5,NON_COMPLIANT
0.2593567724738604,0.219384446988586,0.29752270948483395,0.4917766567885181,6,4,0.601718444039629,2,PARTIALLY_COMPLIANT
0.7753992837706658,0.9486262760551396,0.5042032070794924,0.5893219346505545,2,0,1.1348707348466238,9,PARTIALLY_COMPLIANT
0.6198635694201373,0.7266572456781517,0.3984426839305073,0.10795480718177274,4,3,1.3339905257694427,4,NON_COMPLIANT
0.9280173121753592,0.980536588982231,0.8896449629160632,0.8218103369937102,0,0,1.1350124627600828,18,COMPLIANT
0.683875605740007,0.8027902414615873,0.7354493842703695,0.674500020109164,2,1,1.1798314409563484,5,PARTIALLY_COMPLIANT
0.6695656218635672,0.7072162098645076,0.6382809828248215,0.7256682868529534,3,1,1.1750552349388217,4,COMPLIANT
0.9725957968319855,0.9965199210084663,0.8643041381909505,0.8625146598565563,0,0,1.0132285098384635,7,COMPLIANT
0.9392249070831256,0.9667664503729467,0.9723782883618536,0.9506411335871561,0,0,0.8940607283842485,14,COMPLIANT
0.5121422814753447,0.42362197548119507,0.4909837815353293,0.38358036973366283,9,4,1.0629169201201005,6,NON_COMPLIANT
0.468176286948228,0.3993694947186178,0.43193688878612324,0.20008678355685203,4,4,1.4592677361349362,8,NON_COMPLIANT
0.39016215591676046,0.5436043611676296,0.5363589206478464,0.28243915535677566,5,4,0.8631150678883381,4,NON_COMPLIANT
0.5568912591915129,0.8725943929078558,0.8270813764415277,0.649879727939364,2,0,0.7186713445757704,14,PARTIALLY_COMPLIANT
0.6186077709693741,0.44331401440910123,0.5012717844882784,0.47087389802408364,4,1,0.9953468465611736,5,NON_COMPLIANT
0.7105312873632957,0.8921437931023496,0.7070803229332846,0.5086759633923192,4,1,0.7317237506048236,6,PARTIALLY_COMPLIANT
0.582221696670328,0.3507127157482052,0.5238531951569638,0.27076981675740774,6,4,1.2895625168209663,8,NON_COMPLIANT
0.8554824501772142,0.9736033472554999,0.9347261699893925,0.7664271598570881,1,0,1.0570295998949142,4,COMPLIANT
0.3709595724002999,0.2735741970462341,0.31593519480623466,0.3402514661728125,5,1,0.8485675066807289,7,NON_COMPLIANT
0.9924699869937886,0.986285975419418,0.9420122793903685,0.8545607590726547,1,0,1.1383307429628964,15,COMPLIANT
0.627582345080586,0.7549811370098435,0.8315294595713487,0.7339538044917122,3,0,1.1766017746221076,14,PARTIALLY_COMPLIANT
0.8594694863811949,0.9698377528227764,0.9211009398922667,0.8628166535182786,0,0,0.9976831850784362,5,COMPLIANT
0.918597491483923,0.9923096933077187,0.9178485216451444,0.8560972545181276,0,0,1.030680196830653,9,COMPLIANT
0.7008221975228492,0.9385911538878761,0.5720036896353833,0.5090891398960865,2,0,1.1005337445052743,12,PARTIALLY_COMPLIANT
0.3212779062739173,0.2549218034596141,0.5325719907189016,0.21851719510779974,6,2,1.3202211977415281,3,NON_COMPLIANT
0.6375343757156013,0.30460258980060606,0.16146339407632251,0.15551585349440578,3,3,1.0284683395078744,6,NON_COMPLIANT
0.503526700444807,0.45628998012098326,0.40270006687526205,0.13766552354113193,9,1,1.0437773088398854,8,PARTIALLY_COMPLIANT
0.6254739169540473,0.7209510397737652,0.6690130528095095,0.5799282434667457,4,1,1.1879863773039163,12,PARTIALLY_COMPLIANT
0.7524076703147031,0.8751534546018847,0.7291212090709833,0.41717042859302517,1,1,1.305917227813091,12,PARTIALLY_COMPLIANT
0.9954041867493664,0.9979813076894866,0.9036204468252612,0.7664735045529799,0,0,0.9028096951277211,14,COMPLIANT
0.5512421471526701,0.8533565653803079,0.5104201675924962,0.5764519714049107,4,1,1.131581570325113,1,PARTIALLY_COMPLIANT
0.5850902868105623,0.5123534072971974,0.1447611064512276,0.441328281247347,8,2,0.9155918041059085,7,NON_COMPLIANT
0.5587254975014182,0.7325755634276561,0.1276503431641742,0.3366757894972435,7,3,1.4858013507485217,0,NON_COMPLIANT
0.2456710706939463,0.5972769310833552,0.5122254057147503,0.3810612779620689,7,1,1.326878820259627,6,NON_COMPLIANT
0.9211009642724733,0.9722063856582875,0.9992286959588983,0.8863452803045756,0,0,0.8442027189093728,17,COMPLIANT
0.6207062430628374,0.8979912479911507,0.7599718243877631,0.5667141398716022,3,0,0.862617834846521,6,PARTIALLY_COMPLIANT
0.936587459615292,0.9869034561669259,0.9709293821505687,0.9609343316016811,0,0,1.0170710691478684,18,COMPLIANT
0.5448042479916726,0.5638115858764343,0.18325935526693068,0.2752060705032325,6,4,1.355817856373974,2,NON_COMPLIANT
0.21499795773931518,0.42773694161725995,0.50862940550694,0.255030400160286,5,1,0.7098558004845394,0,NON_COMPLIANT
0.7026172272176618,0.768449497850478,0.7062684322826918,0.44973743594140386,4,0,0.7090218438954534,6,PARTIALLY_COMPLIANT
0.8529002917789401,0.7741253927559847,0.5557490630723104,0.5523862886448048,4,0,0.7018340264760626,11,PARTIALLY_COMPLIANT
0.9543822361552727,0.9582289072356751,0.9630520773314486,0.9920280591015291,1,0,1.1527910687865661,9,PARTIALLY_COMPLIANT
0.31195304471061236,0.36386213657731276,0.526233920094497,0.26802994602251884,3,3,0.6519430299074411,1,NON_COMPLIANT
0.7611707378591137,0.7078304463055399,0.5415936970378858,0.5091615524315486,1,0,1.1653555042740118,8,PARTIALLY_COMPLIANT
0.20185391782670145,0.717471425277072,0.514626245760229,0.13099022290318363,3,2,0.7328982347992329,5,NON_COMPLIANT
0.8272067227790474,0.9483418752205222,0.8389044101310592,0.571338839732954,4,0,1.0570055213043021,6,PARTIALLY_COMPLIANT
0.20714348980723152,0.6328310205821011,0.2557321663407063,0.3355349877367325,9,4,1.2154602666747474,6,NON_COMPLIANT
0.8399323509605763,0.7807446833409519,0.583039027279998,0.4919217643281258,1,1,1.290837225337143,6,PARTIALLY_COMPLIANT
0.854075113183834,0.9532602295630246,0.9195897065218499,0.97730505146539,0,0,0.8953641828068066,5,COMPLIANT
0.6838276092708488,0.9336395181358204,0.651241011465563,0.5885867785373842,2,1,1.2660226790339055,10,PARTIALLY_COMPLIANT
0.26409918522459597,0.2217710512392439,0.45072456899230984,0.14682258358583467,5,4,0.687500146346985,9,NON_COMPLIANT
0.8267308341159638,0.8742849534864457,0.8484320798925326,0.4047871778866255,2,0,1.2148304776091328,7,PARTIALLY_COMPLIANT
0.5769187235573672,0.7512734384309024,0.7504194629210363,0.683124557526227,4,0,0.8218673648396434,5,PARTIALLY_COMPLIANT
0.7706604040348486,0.8324776521402373,0.5241455578905382,0.7389509465623645,2,1,1.3394530840059433,8,PARTIALLY_COMPLIANT
0.7885864769256757,0.751647278043148,0.5386693370231065,0.6903217355517182,2,0,1.3075770508604219,11,PARTIALLY_COMPLIANT
0.8602258464078241,0.9512905953474743,0.8702749433732234,0.9907787778972934,1,0,1.0883618152358463,15,COMPLIANT
0.42882685742601157,0.4474660610141807,0.4579372084658543,0.1203804343174654,5,3,0.8324712269233808,6,NON_COMPLIANT
0.8994061045068855,0.7453717812146746,0.5421340376711169,0.45025211220700834,4,1,1.0346224239344843,13,PARTIALLY_COMPLIANT
0.8691355261857057,0.9704542574317437,0.9031565774479203,0.8257074722446855,0,0,0.9419012699303235,15,COMPLIANT
0.9085443320819155,0.9945510841483606,0.9720413220051034,0.9287382058879443,0,0,1.0150093403094136,6,NON_COMPLIANT
0.5714716452869262,0.9260775929968184,0.7765193570081428,0.4801587777521308,2,1,1.0219488679433824,6,PARTIALLY_COMPLIANT
0.8419894262548102,0.776045619407129,0.6641550506934757,0.7058369216980183,2,1,1.1293765379141827,10,PARTIALLY_COMPLIANT
0.8772153152634696,0.9791520780484846,0.9132136825888747,0.9731679277692438,0,0,1.0123806355216254,13,COMPLIANT
0.6405630758206369,0.7773232659307574,0.5565556256153239,0.6880432188600016,1,1,0.7428263236317718,6,PARTIALLY_COMPLIANT
0.81699941726373,0.8519927918995406,0.5359045961158573,0.6982827837415688,1,0,0.9617461482893553,10,PARTIALLY_COMPLIANT
0.7219721815940748,0.9181163808146346,0.7492221974932097,0.6029866931872889,4,0,0.6303506503487484,12,PARTIALLY_COMPLIANT
0.9819372782427294,0.9935289212523003,0.8858194317072309,0.862809836045247,1,0,1.0753647534996735,19,COMPLIANT
0.9047233705311698,0.9820482764049379,0.9199272386691335,0.7974840341143903,1,0,1.0852236105369948,14,COMPLIANT
0.885512992515547,0.7925408389090942,0.7944179195569179,0.7023334563555296,1,0,0.897268672730028,6,PARTIALLY_COMPLIANT
0.27148343427184524,0.3879207219732057,0.18028118890408815,0.40664698565172586,4,2,1.3404066555637142,8,COMPLIANT
0.9061822365069372,0.9898866131674107,0.9051086093045606,0.7717543045756972,0,0,1.0647318849158318,7,PARTIALLY_COMPLIANT
0.691794125667901,0.9181301292115455,0.683647639413793,0.40778762317421585,1,0,1.047516195710776,14,PARTIALLY_COMPLIANT
0.8974294873444741,0.9794153337897529,0.9524473095125698,0.8629871503247598,1,0,0.8884722147124537,8,COMPLIANT
0.9561095500049391,0.9694615235845894,0.8843313193725248,0.8992129692219398,1,0,0.8895638291878234,4,COMPLIANT
0.8977167330427179,0.9933219333763823,0.9990005406037943,0.9381069406538931,0,0,0.9835081304933339,11,COMPLIANT
0.858424301485497,0.962781954689768,0.929134547349913,0.7928990917662975,1,0,0.9203324417121468,8,COMPLIANT
0.3671306140699998,0.5334369977367082,0.4233912200030093,0.2619971083664905,6,2,1.2263133719191683,3,NON_COMPLIANT
0.6162699220413592,0.2128577469306388,0.426462092472089,0.48821792010619536,5,3,0.9424322302855819,7,NON_COMPLIANT
0.8451997284981673,0.8904356766173789,0.520404021351825,0.7494474318733209,4,1,0.8597290137481552,6,PARTIALLY_COMPLIANT
0.7504347041168924,0.8792967224313178,0.7607780599067763,0.7167419086235884,1,1,0.7805480746761766,2,PARTIALLY_COMPLIANT
0.5676679003741307,0.5662210992318325,0.46767266090710113,0.20871150968332053,4,2,0.6831656544938871,4,NON_COMPLIANT
0.3781265639406032,0.4729527124815712,0.2227916841369332,0.1000500555026302,6,2,0.5334848535377446,5,NON_COMPLIANT
0.7353025091894468,0.7988722690458925,0.6128184603283302,0.6136378533254188,3,1,0.8276882116481417,10,PARTIALLY_COMPLIANT
0.22244097903798843,0.6952808540006122,0.44817340724889265,0.4762423441696312,4,1,1.1949213646398613,7,NON_COMPLIANT
0.6103820758900422,0.5426153819181846,0.3224688490039703,0.39029460400361515,6,4,1.4536660570954179,5,NON_COMPLIANT
0.8578861596716505,0.9552207684749059,0.9353474791456184,0.8828698115704552,1,0,0.7781810708224375,10,COMPLIANT
0.896554293838536,0.97276100745409,0.8517430809862151,0.7681117219486397,1,0,0.8977725419399842,17,COMPLIANT
0.5752950981539731,0.8726752598747914,0.6869097056346511,0.5327063023929802,4,0,0.9513684087454997,4,PARTIALLY_COMPLIANT
0.652870808911698,0.8436758009798719,0.6454459980529997,0.44121739729681647,1,0,0.8969224370241397,13,PARTIALLY_COMPLIANT
0.9382189098201782,0.9833482851743591,0.8801069264370688,0.9700386832275647,0,0,0.7387418132777412,4,COMPLIANT
0.7269830100795324,0.7080863219797243,0.7264249193843864,0.5940033240280649,2,0,1.2370766203837191,6,PARTIALLY_COMPLIANT
0.8334585549969988,0.8877884259113946,0.7661355837631763,0.5361712483665284,4,1,1.1254200333279778,13,PARTIALLY_COMPLIANT
0.7928152721221764,0.798657267476508,0.6303641286192379,0.5595075349029697,3,1,1.0422642848739194,5,PARTIALLY_COMPLIANT
0.9643688028611036,0.9938382818380874,0.9013122623073861,0.9553143261680033,0,0,0.8894107827784579,15,COMPLIANT
0.919572137459152,0.9660013658281196,0.9214691906859099,0.8295760236730868,1,0,1.0362536313368245,8,COMPLIANT
0.746798875968633,0.763024664890575,0.8342113985032402,0.5691740060706146,4,1,0.8431207015779746,5,PARTIALLY_COMPLIANT
0.8534593637562123,0.9762387330129194,0.9099791457572883,0.7616664158034039,1,0,0.8831809216468458,17,COMPLIANT
0.8921444784388345,0.9975205742038279,0.9835395675836375,0.8639141881964283,1,0,0.8678300323984816,6,COMPLIANT
0.7431227493039934,0.7685135518573869,0.5228174807646419,0.4174728699821827,3,0,0.9667016313109285,2,PARTIALLY_COMPLIANT
0.9916672874041454,0.9820867198649279,0.950721872300081,0.90807053840941,1,0,1.0904979468074956,12,COMPLIANT
0.859757738947792,0.9974442768626667,0.9948448049611839,0.9520993370291153,0,0,0.707983126110107,4,COMPLIANT
0.9221688537725268,0.9666683919058281,0.9173685120895376,0.8926661447451972,1,0,0.7649494022684054,3,COMPLIANT
0.8567290836441576,0.9811273495231141,0.8963376584265649,0.8421812888677115,0,0,0.7670124471594959,3,COMPLIANT
0.7881475692489769,0.9261819018557365,0.8141121025866064,0.4186039299029779,1,0,0.9673039262203491,12,PARTIALLY_COMPLIANT
0.931853033274321,0.97222097263756,0.8522000585569396,0.8967654269252877,1,0,1.0341063992775081,12,COMPLIANT
0.8789259413413368,0.9595552811345572,0.9653146271081741,0.81639689957684,0,0,0.7048896901528809,12,COMPLIANT
0.7138622170080702,0.9265664481432623,0.8257463976173659,0.7133949203234569,3,1,1.3616812285683375,9,PARTIALLY_COMPLIANT
0.9448023229030628,0.9529227307054277,0.8712661590290652,0.8186350635000313,0,0,1.047572277023797,5,COMPLIANT
0.31730470707551894,0.4162719673423299,0.3524738813950423,0.45704613363561264,5,2,1.074355070303878,8,NON_COMPLIANT
0.9895672900817547,0.9918463916422312,0.999322541609983,0.7556421458005943,0,0,1.0848210819418271,12,COMPLIANT
0.36722229468538536,0.25616803391111737,0.5499832598980954,0.2144448092911452,7,1,1.420262597994954,6,NON_COMPLIANT
0.5465406716321484,0.20291638101306533,0.46868681676979307,0.39496867144879944,9,2,0.5459824160063722,7,NON_COMPLIANT
0.28159286423694607,0.533086219117654,0.31946497179148214,0.2871945869169593,5,2,1.3999501467236601,9,NON_COMPLIANT
0.6250147166836596,0.8718440976819678,0.7087318161926398,0.5281430427277012,4,1,1.1071787267523536,10,PARTIALLY_COMPLIANT
0.48024253655308485,0.2615118926628868,0.25666391607565775,0.2671042686498169,4,1,1.0060738984667101,1,NON_COMPLIANT
0.7978594726424498,0.8088663812679946,0.5875862138420279,0.640428424483346,4,0,0.740923130002288,14,PARTIALLY_COMPLIANT
0.8124954445329914,0.8274724870514025,0.5366879243292679,0.7004019674435871,4,0,0.8676167793146378,8,PARTIALLY_COMPLIANT
0.24406645249351,0.7485377345405637,0.4782045962004976,0.3939227324031572,7,1,0.8987051265728986,3,NON_COMPLIANT
0.4722610687413237,0.6695507508804107,0.1333303816389345,0.2557804713967695,8,3,1.4064650646515402,8,NON_COMPLIANT
0.5221044633558325,0.28442335100413785,0.12945433053283303,0.33148714217594744,4,2,0.6352996375128349,8,NON_COMPLIANT
0.562564034947131,0.7272615779839842,0.5771288728729319,0.34773782215613447,5,4,1.374438785160744,4,NON_COMPLIANT
0.5707351102216061,0.6300052419569017,0.5322787451510784,0.39984227463294164,7,3,1.0165613264852313,1,NON_COMPLIANT
0.6609758192770704,0.8348766434960738,0.7418221995249182,0.5474689358138669,1,0,0.8823022786656948,9,PARTIALLY_COMPLIANT
0.564597126291065,0.6438574996162361,0.2849306791203672,0.32690786955101775,5,4,0.5608102614804772,3,NON_COMPLIANT
0.8225282528762183,0.922499370645283,0.8248462651054054,0.48334272499971237,2,0,0.836850743766556,13,PARTIALLY_COMPLIANT
0.6856240824991376,0.8566942435115575,0.6937115151737273,0.7363863562396877,2,0,0.6367440257832719,1,PARTIALLY_COMPLIANT
0.7703744319813601,0.8987851806278806,0.7736110505853461,0.5243688978768415,3,1,1.360889760781013,3,PARTIALLY_COMPLIANT
0.9917477178333765,0.9570805675308949,0.9464250086223607,0.8454950113657365,0,0,0.8018880170955318,15,COMPLIANT
0.5999405233425616,0.4886010932362384,0.5334717479709346,0.3507077847031229,8,1,0.5309809532778619,4,NON_COMPLIANT
0.7210727858803831,0.801998590562038,0.5739497631494782,0.5688769569837397,3,0,1.009521697015699,3,PARTIALLY_COMPLIANT
0.3484648194695952,0.5519697143076401,0.36345772294757106,0.31696495713174505,9,2,0.6947036822861923,7,NON_COMPLIANT
0.6511301962876989,0.7725801509833915,0.5721798481005544,0.566389080152359,3,0,1.1915291643653532,1,PARTIALLY_COMPLIANT
0.8628614908814375,0.8469968279022846,0.7152145369594864,0.6507077937284286,4,0,0.9797185262254439,11,PARTIALLY_COMPLIANT
0.566402297632882,0.41386008437607,0.5254654137166205,0.35465164737801946,5,4,1.1496631634695276,7,PARTIALLY_COMPLIANT
0.8905965912972649,0.9540614817403336,0.9988872693231645,0.7890503769826498,0,0,0.7586400739002225,12,COMPLIANT
0.5661451190130767,0.26920036746607195,0.34728381226907123,0.29393847479699586,4,4,1.289341895391805,5,NON_COMPLIANT
0.6743918923668175,0.9051241111644637,0.5156474259966017,0.6644008852177097,3,0,1.2128207196154372,11,PARTIALLY_COMPLIANT
0.9068842877445701,0.9963224711794856,0.9582394826126915,0.7620236609910219,0,0,0.7698861883131447,11,COMPLIANT
0.6299120608289299,0.7954644063054581,0.7288434364358192,0.42663127997235173,1,0,0.9474710813186333,2,PARTIALLY_COMPLIANT
0.450555264613481,0.5199298216112241,0.5281481543994857,0.2233421756915806,9,2,1.0659337486920473,3,NON_COMPLIANT
0.9599729534659878,0.9547029910114294,0.9927094558726623,0.905579159312138,0,0,1.0731569062845383,6,COMPLIANT
0.6331577987725369,0.6468173829603259,0.5185877918197439,0.10606919366873391,3,1,1.2780902238487406,8,NON_COMPLIANT
0.8606920405082745,0.9977330015016653,0.9482039622147023,0.8450186272343013,1,0,1.1672180134027572,4,COMPLIANT
0.8651684014184186,0.9542053403057499,0.955145369718868,0.7681907515910484,1,0,1.1459484543883882,4,PARTIALLY_COMPLIANT
0.264025508908605,0.6472673071255444,0.4021475053057094,0.4863321591992069,8,4,0.8545866924404031,7,NON_COMPLIANT
0.8596810783360685,0.8809488075436963,0.7344030527409027,0.6795622021332003,2,1,0.6354753700498713,13,PARTIALLY_COMPLIANT
0.6575527751348026,0.8334006003813569,0.5470039375383153,0.7264204880087759,4,1,1.234449376722838,5,PARTIALLY_COMPLIANT
0.9756050619655225,0.9584864214288461,0.8528717301995254,0.9447756465989468,0,0,0.7857170883552713,17,COMPLIANT
0.35764288664254784,0.4045171164871774,0.4620382108952016,0.299993412641934,7,1,1.2129057903648377,0,NON_COMPLIANT
0.9411841590691388,0.9689652849192774,0.9616374477764933,0.8013949520939094,0,0,0.7023160115023014,11,COMPLIANT
0.5727980335348136,0.8950567291544737,0.7645559529124355,0.6847726083306407,1,1,1.2192167383720647,5,PARTIALLY_COMPLIANT
0.8969141091132724,0.9913403556390517,0.9392430233171216,0.948473340440518,0,0,1.0144525724618074,13,COMPLIANT
0.24801053174717214,0.7046058740551422,0.5476635899719555,0.4635027267733153,3,2,0.6069999714835993,5,NON_COMPLIANT
0.8537873194776533,0.9323371311727479,0.6176127157896595,0.4234879615342231,1,1,1.3639263271480027,14,PARTIALLY_COMPLIANT
0.4516122209778885,0.2885753983848743,0.19356860429891073,0.27452225238286576,5,4,0.7743870902057053,9,NON_COMPLIANT
0.26636778863177035,0.5012175289817906,0.4556202959014698,0.4442380898863806,4,2,1.2846399144689324,7,NON_COMPLIANT
0.6387271661237551,0.9297448313750996,0.7344799146773182,0.4047054153941957,2,0,0.9521043346190404,13,PARTIALLY_COMPLIANT
0.9096172235348637,0.9756805523272162,0.8880035755089492,0.996914898085313,1,0,0.734229359666789,12,COMPLIANT
0.8272591976797876,0.8236893098964511,0.6049908678540864,0.4561309823083352,3,0,1.2737328240491064,11,PARTIALLY_COMPLIANT
0.5243079126220919,0.3633045324225599,0.14831073476854664,0.45786628825778497,5,3,1.1481104088762915,8,NON_COMPLIANT
0.4030957797697408,0.34104095829915193,0.3606354750895976,0.3729386613575202,7,2,1.225271203161024,6,NON_COMPLIANT
0.2364137354790557,0.27497830825866876,0.3812376677249262,0.1596009219324373,9,3,1.146911407540208,3,NON_COMPLIANT
0.3768230575178302,0.5859212043416215,0.1082613648932633,0.15846187290968544,8,2,1.2978140664413176,5,NON_COMPLIANT
0.4922302103198721,0.3526013471883692,0.36576839847699494,0.3508894331631932,4,3,1.0852542262381828,9,NON_COMPLIANT
0.75408509962078,0.9339678229911145,0.8036754115192,0.5164266723669511,3,1,1.0073962004023,13,PARTIALLY_COMPLIANT
0.5806075547759638,0.705062344947523,0.7517507300532981,0.5537172579889335,3,1,1.126740435357692,7,PARTIALLY_COMPLIANT
0.5227271264262205,0.5181459836515264,0.21501441493953002,0.1061502496177988,5,2,0.731026175844293,8,NON_COMPLIANT
0.9520376032495561,0.9912719947874314,0.8719912450540005,0.7899165873417877,1,0,1.07101122593988,18,COMPLIANT
0.7869498618780251,0.86876165557248,0.8426861879882956,0.6491835458229427,1,0,1.1006867176560937,8,PARTIALLY_COMPLIANT
0.911061516906847,0.9838840770558849,0.8840101340347541,0.9004953382436132,1,0,1.1473737854156505,13,COMPLIANT
0.8998001053176519,0.9872221083918776,0.8727970273711076,0.7825794970228227,0,0,1.023182556061828,6,COMPLIANT
0.8785341896230207,0.9760442891350339,0.9203589616585178,0.7677593553508353,1,0,0.7465087046313374,18,COMPLIANT
0.6297224195662305,0.8459645668270038,0.630012168767065,0.5571191029074766,4,1,0.9158406147703624,10,PARTIALLY_COMPLIANT
0.6108434328939539,0.40741438529442414,0.20999010244909075,0.3432404747408367,7,4,0.9390946215718754,6,NON_COMPLIANT
0.5434820986515264,0.6777165976205997,0.11008069105894705,0.1974025042954379,6,4,0.9420830171893492,9,NON_COMPLIANT
0.4714770437527648,0.4064981160314669,0.27658673110485277,0.4307907508883789,8,4,1.2979467708924224,2,NON_COMPLIANT
0.9294987284389628,0.9914508866272745,0.998689484010045,0.955003157279839,0,0,0.9110171300638195,5,COMPLIANT
0.6451609126714837,0.8274442111758781,0.5614092395689293,0.6821733793103516,3,1,1.305815651615661,9,PARTIALLY_COMPLIANT
0.9080103019450806,0.9968364994368367,0.8706281416218989,0.8352665877625647,0,0,0.8045358103688568,12,COMPLIANT
0.9059889721694139,0.9781829985514381,0.9176029712408369,0.9180140096880633,1,0,0.8564536971068241,6,COMPLIANT
0.8641491139436566,0.9874002368185701,0.9719070429839594,0.9267094639451353,1,0,0.7474589684108348,14,COMPLIANT
0.984258490599975,0.9926621234598558,0.9510319867197086,0.7843404364921686,1,0,0.8283236035930479,4,COMPLIANT
0.946493232766353,0.9729126445245758,0.9318425183973902,0.9853662021941313,0,0,1.1102134218856339,10,COMPLIANT
0.9492751877670997,0.9816855799882764,0.9390192074057085,0.7540608608023635,1,0,1.042313097132483,19,COMPLIANT
0.935780840684078,0.9793884680431099,0.8776714379700459,0.840558860413072,1,0,0.7826470554850873,13,COMPLIANT
0.547369450507943,0.2697159075939783,0.5534552159147931,0.3362141758728102,7,4,0.531379688016853,1,NON_COMPLIANT
0.3261304779411758,0.686841042740765,0.1401290599929015,0.342179042386885,9,2,1.4217427503515334,7,NON_COMPLIANT
0.9544047110483671,0.9671237609593152,0.8661943672166253,0.7674114669370664,1,0,1.1428509567702387,6,COMPLIANT
0.5447677136614055,0.5293961003799208,0.35070158308178545,0.349203034249813,5,4,0.819042242910157,9,NON_COMPLIANT
0.9151542247211827,0.9723220960898274,0.9428158115561507,0.9163413021047261,1,0,1.125287264007558,16,COMPLIANT
0.7788316307845158,0.7237330023914045,0.6115981331278039,0.7474850617894385,4,1,0.704576255160077,11,PARTIALLY_COMPLIANT
0.9656984714825275,0.9920719879978123,0.9426541879282886,0.9111057924074542,1,0,0.8038853147198641,15,COMPLIANT
0.5538637714710859,0.30507483836041244,0.4250817662588219,0.17985920767253366,6,3,1.1774346844463004,4,NON_COMPLIANT
0.9667508843601338,0.9970607347060343,0.9792820496677386,0.891070875433358,0,0,1.1129441132134072,3,COMPLIANT
0.8818966564556644,0.9516594677281213,0.8955919601861085,0.9132906976328208,1,0,1.1518039221733976,19,COMPLIANT
0.8776500511497055,0.9540436483308599,0.9142471712410162,0.9221249751913416,0,0,0.7866471600354228,3,PARTIALLY_COMPLIANT
0.35481835487662755,0.6810187340130384,0.1250535149699842,0.3049261245026649,5,1,1.2512301889080821,2,NON_COMPLIANT
0.9371857332133918,0.9577181357637101,0.9221710152782226,0.8831473581378965,0,0,0.884615240754948,12,COMPLIANT
0.7728290957710258,0.757330310321922,0.6464518860270532,0.68050514405484,4,0,1.1226719395350486,1,PARTIALLY_COMPLIANT
0.9263037911094064,0.9860561378057383,0.9029036680254602,0.8314255528944255,0,0,0.8516040968798374,10,COMPLIANT
0.861110778879769,0.7805483626619907,0.5046916849881968,0.6951870762151747,3,1,1.2633056237187184,13,PARTIALLY_COMPLIANT
0.7326396160273457,0.8085190985492299,0.5671914270507332,0.5708767757197335,1,1,1.396076034090545,3,PARTIALLY_COMPLIANT
0.9377616724559824,0.9756585008165282,0.9243536155343071,0.8331835384959638,0,0,0.9985583100077516,6,COMPLIANT
0.31117899835534,0.2963988312335142,0.5247059016174141,0.18516955294868437,6,2,0.8445837946596324,8,NON_COMPLIANT
0.6332734567857443,0.947164138728503,0.675304483683758,0.4679567270950784,3,0,0.7517181040156292,10,PARTIALLY_COMPLIANT
0.3896594518021891,0.44397475650908347,0.30826725306030733,0.23062618198353935,6,3,1.3819596764854412,6,NON_COMPLIANT
0.8794406724621767,0.8471986322950573,0.6089173555240318,0.557387947809805,4,1,0.983624442177031,13,PARTIALLY_COMPLIANT
0.8260402502309985,0.7878604183676708,0.5584850307179718,0.4116876217030501,1,1,1.284408940309206,10,PARTIALLY_COMPLIANT
0.8605691016500437,0.9639071820224455,0.8986759973753421,0.9862806121862218,0,0,1.1557956139030632,10,COMPLIANT
0.8533754102714153,0.7985615937101486,0.8237088551436923,0.6967154043457717,4,0,1.0907659413050057,2,PARTIALLY_COMPLIANT
0.43172240581428944,0.2231102251964978,0.13470847929506882,0.10296812315226007,3,1,0.9083866600177006,9,NON_COMPLIANT
0.5077410490271381,0.2421229750793829,0.2815275429423838,0.20675629845982513,4,4,0.5609833171739412,0,NON_COMPLIANT
0.912286145850106,0.994423205496146,0.9736490337818904,0.9075099696199955,1,0,1.033423695652829,8,COMPLIANT
0.7011485030083129,0.7888259002503074,0.6183734684964071,0.5179749767317041,3,0,0.6027030774467298,14,PARTIALLY_COMPLIANT
0.6302899415064818,0.5975697988214448,0.5141415225841237,0.2109175587625904,9,2,1.3624381433779964,9,NON_COMPLIANT
0.30163798172997663,0.595400398428866,0.3450453456071807,0.40042819153920417,3,4,0.5864844421516385,7,NON_COMPLIANT
0.8061216332631853,0.741183502221931,0.6229745771292243,0.49270319023475,2,1,1.0440045378675888,10,PARTIALLY_COMPLIANT
0.6784905185691874,0.8946442967333167,0.6139762722656086,0.5662558649476966,1,0,0.7085200847497664,12,PARTIALLY_COMPLIANT
0.3198405420190886,0.5157861665373535,0.5896322990166091,0.28125353948806797,3,3,1.4143635202447618,5,NON_COMPLIANT
0.9766318487929214,0.9742010286254702,0.9271143163826889,0.827117070372371,1,0,0.8076022398665963,5,COMPLIANT
0.7285210799904503,0.8554906560327441,0.6383747788014841,0.6688723687326218,2,0,1.2815103859763064,9,PARTIALLY_COMPLIANT
0.3268034734720514,0.5441202668138172,0.3055783189776533,0.1937327167864032,9,2,1.2974644903726231,2,NON_COMPLIANT
0.29446734227577187,0.469293107275596,0.1446429494589679,0.39869995300613903,6,1,0.6081866573246606,1,NON_COMPLIANT
0.9664619441112995,0.9670401770126509,0.9896135988405347,0.964603187960753,0,0,1.0399223899501229,5,COMPLIANT
0.46261122445108316,0.359497471745316,0.14760497657559787,0.46329299846713423,5,3,0.919648010722407,8,NON_COMPLIANT
0.9029654333407584,0.9899891682222892,0.9332030537182551,0.956483077137504,1,0,0.9330581463292444,18,COMPLIANT
0.9046404791572114,0.9751708635427428,0.9535592242944048,0.7598280349602747,0,0,0.9405726970281465,17,COMPLIANT
0.8984649552499506,0.9993874769549594,0.898852720309593,0.848534011695657,1,0,0.7201427593889992,7,COMPLIANT
0.897099980075603,0.7756169567462115,0.7222463815587576,0.6034327206990628,1,1,1.0688131019826372,2,PARTIALLY_COMPLIANT
0.94225194520583,0.9887316890318893,0.9465856380311696,0.8825755333122896,1,0,1.1479072986859409,12,COMPLIANT
0.6354331003724109,0.8822533553232421,0.6468853022550439,0.7434819865141682,1,0,0.775184183913246,6,PARTIALLY_COMPLIANT
0.2900971986880258,0.22861641582241476,0.31911374727455,0.42265444869010393,5,3,0.7856105357452037,9,NON_COMPLIANT
0.993104969137756,0.9860696725553144,0.9794320754368618,0.7505259607939708,1,0,0.8288036101668609,19,COMPLIANT
0.9562875318651738,0.986593636864325,0.8760945558855008,0.8403040147439529,0,0,0.9500169577848039,8,COMPLIANT
0.7204553870950956,0.8063336489851132,0.6489251570614398,0.7051567331395991,3,1,0.6087727328451578,5,PARTIALLY_COMPLIANT
0.6570158205002266,0.814896751469861,0.5652952692684655,0.6227205103613312,2,0,0.9467302751400934,9,PARTIALLY_COMPLIANT
0.570185099892274,0.5836824757668991,0.1382904656838069,0.33408891500321847,4,2,1.0984947100132758,0,NON_COMPLIANT
0.2657744092153268,0.3634321252789454,0.3411807082323698,0.37647085783096923,9,1,1.0348788154675899,5,NON_COMPLIANT
0.9942326098206349,0.972242621641377,0.9233572600673925,0.8379124680854764,1,0,0.976779266331179,14,COMPLIANT
0.7403907526417678,0.8287650864394673,0.7420369787769419,0.4271359940632104,2,1,0.8097311283270394,5,PARTIALLY_COMPLIANT
0.29835550397563493,0.44429282948004256,0.596798682855855,0.2954252204661517,5,4,1.1944249495236485,6,NON_COMPLIANT
0.9252274442030799,0.9899147589483388,0.9474945896166648,0.9254917193144259,1,0,0.7253842655196985,17,COMPLIANT
0.5957052251464586,0.7448953071272825,0.5709408709024252,0.4391460803291715,3,0,1.2234690122555896,1,PARTIALLY_COMPLIANT
0.9104892041685748,0.9610280562461161,0.9127599683001479,0.8008945700855606,0,0,0.9313114783696581,7,COMPLIANT
0.6852551728257861,0.7825735438670335,0.7083745028786091,0.7052715851496132,3,1,1.3652566859617277,5,PARTIALLY_COMPLIANT
0.6011775209611846,0.9228359012200058,0.6573324104084961,0.5924318407804432,1,1,1.3713166366924463,9,PARTIALLY_COMPLIANT
0.8724502440880375,0.7629198509650775,0.6243324310656759,0.4538863479365492,4,0,1.0222553529796135,9,PARTIALLY_COMPLIANT
0.9920872866075788,0.9993000531911436,0.9630067277888412,0.844064896382729,0,0,0.9408334939820576,14,COMPLIANT
0.7618901301836705,0.8763756651657842,0.7380746798267838,0.5023166589491839,2,1,1.0368368586864927,1,PARTIALLY_COMPLIANT
0.258299181992223,0.6793784330233585,0.27894904277282395,0.35041778818628666,4,1,0.7061648446312071,9,NON_COMPLIANT
0.49012651385340283,0.6705130870881725,0.38976221695695545,0.4158008704461571,9,4,1.0904913456548047,0,NON_COMPLIANT
0.8191581335739269,0.8669390062996338,0.7991724212034528,0.7287264732071899,4,0,0.7584637844480809,1,PARTIALLY_COMPLIANT
0.893972159539152,0.994816790926056,0.8519502885266104,0.771377132713617,0,0,1.1240640477334418,18,COMPLIANT
0.48700129354332394,0.5470826323349941,0.4785480418441599,0.1908083302214048,4,3,0.8921106691353573,2,NON_COMPLIANT
0.9993266452023799,0.9725138405220796,0.8878795584454666,0.8607073425960811,0,0,0.8045486822948071,18,COMPLIANT
0.7795820487934373,0.729960165385301,0.8077454244140182,0.6727210978677878,3,0,0.8522050058998638,12,PARTIALLY_COMPLIANT
0.6030834361251671,0.7204921943983726,0.6510654310803222,0.6899130390246448,3,0,1.175051413355391,3,PARTIALLY_COMPLIANT
0.9639735487642582,0.9669411741211403,0.9928093669958504,0.9344819422497,1,0,0.9894826601479021,14,COMPLIANT
0.9995856849855405,0.9515013002664696,0.9846048798686398,0.9056576333996645,0,0,1.009495782349294,17,COMPLIANT
0.9076028610947438,0.992719975666284,0.9623498526107436,0.8180788492952706,1,0,0.7145618924945526,14,COMPLIANT
0.5027558192597136,0.473590159437659,0.45919620089192303,0.4296416495420887,7,3,0.8361304804831455,5,NON_COMPLIANT
0.8827380831797597,0.9974980591975112,0.9679517521623328,0.7723527505780649,1,0,1.1911652575400407,16,COMPLIANT
0.959597576535887,0.9732602806141859,0.8590213513901178,0.8905742039694775,1,0,1.1808328679774065,17,COMPLIANT
0.9699644114192859,0.9672730575734134,0.8889415937849817,0.8576233958578775,1,0,1.0371098162236985,3,PARTIALLY_COMPLIANT
0.6860676282409186,0.7967497648135772,0.6762536220950611,0.46660608859493047,4,1,0.9431759845740058,3,PARTIALLY_COMPLIANT
0.8642579568299039,0.9913373384013123,0.857146188615476,0.9316873060420492,0,0,1.0855614079259432,12,COMPLIANT
0.7475194087556027,0.9139939650987858,0.813095301007084,0.6270567188558893,2,1,1.38299833169239,11,PARTIALLY_COMPLIANT
0.6339965299287508,0.2948777208416911,0.22083990785358634,0.2854719003019631,9,3,1.2315754776283336,8,NON_COMPLIANT
0.7671010284060047,0.7735734434971852,0.5302560136106895,0.6658000467347702,3,0,0.873812474231797,13,PARTIALLY_COMPLIANT
0.31672161803377574,0.6045014884214818,0.3757022374529503,0.22519567299755044,4,1,1.3958838370675473,7,NON_COMPLIANT
0.61522928608566,0.865223763484732,0.6929344613429161,0.4723355282261765,2,1,1.269216155558063,11,PARTIALLY_COMPLIANT
0.9357454926961198,0.9951438323531497,0.9091726947021258,0.9952827989278876,1,0,0.7488536376933792,17,COMPLIANT
0.28357898003082976,0.4293271331806259,0.331324183557436,0.2625926801260049,3,4,1.2132391520201997,1,NON_COMPLIANT
0.3377467820709276,0.4548292665141813,0.3489950638773843,0.3168782579544295,3,2,1.167259645982349,1,NON_COMPLIANT
0.2484148000699435,0.7420675889690707,0.5209466430003363,0.2692606470054957,3,3,1.171515243696386,1,NON_COMPLIANT
0.7698978106728247,0.8835267452202816,0.7173059656448804,0.7392347456603132,2,0,0.7067752035757272,13,PARTIALLY_COMPLIANT
0.8871010473728624,0.9820307591774443,0.9499900718569929,0.7906749359521414,1,0,1.0817895344332862,14,COMPLIANT
0.5979488900166386,0.8412864926392359,0.7200212559659974,0.700215635232489,4,1,1.38911886118824,1,PARTIALLY_COMPLIANT
0.9857149512520177,0.9823758232421681,0.890956092899171,0.7942981252527977,1,0,1.1087039236530547,18,COMPLIANT
0.4178528889507424,0.6998811269303129,0.11477639547080928,0.23797397437752782,5,3,1.1282889945853214,3,NON_COMPLIANT
0.38644339261355604,0.34675197170648275,0.1992948082468047,0.43543016858900496,3,1,0.6126327204114818,7,NON_COMPLIANT
0.4343891707307954,0.737589615567839,0.5919205858346079,0.3394337037851931,7,4,1.499222712023899,0,NON_COMPLIANT
0.43054861487131235,0.7012740057260058,0.35611426268276636,0.16292922471505922,9,2,1.092200180008514,9,NON_COMPLIANT
0.646642131457465,0.47918571080134675,0.11211879708208641,0.31649226350445764,3,4,1.2725521342662027,5,NON_COMPLIANT
0.8724014981571416,0.9210279884751045,0.5342981597103995,0.6220040936821156,3,0,0.9274743710631557,10,PARTIALLY_COMPLIANT
0.8354432889112449,0.8544836138778233,0.8307378231451483,0.6262507022972011,2,1,0.7711382963997742,6,PARTIALLY_COMPLIANT
0.9690902700177777,0.9970496161287219,0.943481555960201,0.9354068218629722,1,0,0.7205340863952027,3,COMPLIANT
0.3752360941470968,0.2159981902239359,0.5654864571214222,0.47965107236656257,5,4,1.4436870866467166,4,NON_COMPLIANT
0.8884071347657432,0.9515395024830223,0.9957299563585883,0.8051863721131954,0,0,0.7095580472148819,13,COMPLIANT
0.8684833981258249,0.9929707896640294,0.9699671643136032,0.7961462823842582,0,0,0.7534384615473719,12,COMPLIANT
0.4298517281031864,0.3271225233440816,0.30145480818082626,0.24927338394547272,8,4,1.3535658372113795,5,NON_COMPLIANT
0.6322252175602002,0.7250827633030171,0.5518988882635706,0.6457124839687498,4,0,0.9490150888924501,13,PARTIALLY_COMPLIANT
0.8765330717715781,0.9693539380167815,0.9945733413223526,0.8121450644287356,1,0,0.9406720758176618,8,COMPLIANT
0.8602661063863939,0.9948698659160793,0.8679071517007295,0.8319607094714545,0,0,1.007066588093759,10,COMPLIANT
0.856946090840895,0.7521669061278979,0.6736104629887405,0.521708923803574,1,0,0.9724764038703393,11,PARTIALLY_COMPLIANT
0.9841964196366452,0.9500221390718604,0.9852074644962903,0.788451756160402,0,0,1.1597655123280248,3,COMPLIANT
0.97294143295987,0.9912426883743551,0.9681613282453555,0.8208410172227796,0,0,0.8133863126598229,9,COMPLIANT
0.8801400532988585,0.9767913842236541,0.864501467447008,0.8625927340645463,1,0,0.7006183398797047,18,COMPLIANT
0.6428021507759538,0.7042233387678796,0.667895056886741,0.7006193141334744,2,1,1.1005133025620175,9,PARTIALLY_COMPLIANT
0.8252285850865944,0.7625141896275383,0.6459670549123153,0.5226645708112748,2,0,1.191602763924866,9,PARTIALLY_COMPLIANT
0.8567502461948523,0.9107997854059212,0.8332204464040237,0.676538329293483,4,0,1.3554816667774001,9,PARTIALLY_COMPLIANT
0.56362679755128,0.7089974572171669,0.7910493244277015,0.6070074760050587,2,1,0.768386269034127,2,PARTIALLY_COMPLIANT
0.20649894690581547,0.5593690471744941,0.3465544241241223,0.4128392588350406,3,3,1.4879523682065647,3,NON_COMPLIANT
0.4882492084898216,0.46792994952944494,0.10230496798658409,0.35987233517815365,5,1,0.8416983404902229,1,NON_COMPLIANT
0.6348123325217734,0.34073796767847425,0.568088638953236,0.22049534505870422,5,3,1.1642194924591909,6,NON_COMPLIANT
0.908773594492525,0.9773350260278384,0.9298032518476378,0.8976077724556734,1,0,0.9612550905427941,7,COMPLIANT
0.7242147972624138,0.7857788791042524,0.5846670204071153,0.5394757100813932,1,0,1.23035273653832,6,PARTIALLY_COMPLIANT
0.9516584861801981,0.9626157368067576,0.9809564720522805,0.7922146158425988,1,0,1.1298397925401664,3,COMPLIANT
0.352692661404739,0.5433078554342148,0.2239725718770406,0.22006751946866962,4,3,0.602796022981369,1,NON_COMPLIANT
0.3091111594863759,0.30541541285869434,0.17084745863011588,0.2811731482293812,5,1,0.9450452833148654,4,NON_COMPLIANT
0.8981614679768621,0.842803331150624,0.6654146230219489,0.5735775420919328,2,0,0.7811717533419159,4,PARTIALLY_COMPLIANT
0.8796562675515385,0.9124678571402636,0.7957290147065712,0.723475866785241,3,0,1.235013445623803,3,PARTIALLY_COMPLIANT
0.5654482379926851,0.5179981649144427,0.1307437504841096,0.28817852554945245,7,2,1.2148467752101704,7,NON_COMPLIANT
0.9446276557967668,0.9674792597892196,0.8939007168639136,0.8481469375902778,0,0,1.1599354670652713,8,COMPLIANT
0.9507551026608785,0.9809064120228947,0.903724407704926,0.7783893980499073,1,0,0.9490825933229464,5,COMPLIANT
0.6435085834569558,0.5892681682039721,0.32446572271675567,0.10484610804384094,7,1,1.4839282017016178,1,NON_COMPLIANT
0.32833808673731735,0.27501452180357217,0.47952770485529883,0.47186610652017935,7,2,1.1345189544062468,3,NON_COMPLIANT
0.2770362558157363,0.5468934816596867,0.3981039812829351,0.12594119419792024,3,1,0.8909416228892812,4,NON_COMPLIANT
0.6770964065908118,0.9111772917689656,0.646434168199645,0.5542992894458806,1,1,1.0820207121002026,3,PARTIALLY_COMPLIANT
0.32419236515203587,0.299027444981732,0.3783029490901467,0.43710617446012046,5,4,0.5327343406042186,1,NON_COMPLIANT
0.7034501122039133,0.8380537670136573,0.6951814366678457,0.4970815346666555,4,0,0.9080122970844937,4,PARTIALLY_COMPLIANT
0.7412828602413462,0.8264913907550007,0.5778235567236101,0.5906753289105717,2,1,1.3015351454966775,3,PARTIALLY_COMPLIANT
0.4104795220015117,0.3963399932327668,0.3752520703851089,0.38259059488776115,6,3,1.0155199159143766,6,NON_COMPLIANT
0.8537399757577264,0.8610603502064954,0.5071192908736604,0.6536209679147877,4,0,1.232823901609401,11,PARTIALLY_COMPLIANT
0.8819627513027212,0.9969528547983594,0.8510023193835832,0.9430752537913357,1,0,1.0505697972087367,15,COMPLIANT
0.9122456823100117,0.9856388838108415,0.9079317989225546,0.8971262337897472,0,0,0.8207503139964167,4,COMPLIANT
0.3533957211382571,0.21112730393781176,0.46087750161299557,0.4522732188204701,8,2,0.525872105892631,2,NON_COMPLIANT
0.9740071989896527,0.956496496226785,0.934747653651288,0.9666369954372718,1,0,1.0944662358880035,17,PARTIALLY_COMPLIANT
0.8640508631058865,0.9877310610799296,0.9237896650158594,0.825611869572345,1,0,0.842891777762935,3,COMPLIANT
0.5341417231049594,0.6928454083479257,0.16969558686517536,0.3898091354315696,4,2,0.6121192501626989,7,NON_COMPLIANT
0.7222579270493221,0.7846214646423171,0.6592813831372427,0.521610212702508,2,1,0.882838578050764,3,PARTIALLY_COMPLIANT
0.803613217755911,0.7712178017088691,0.763365581827516,0.4107119237179165,1,1,0.8712700906101439,1,PARTIALLY_COMPLIANT
0.40968249123207406,0.27394781113294076,0.312689048599073,0.34125649804859104,7,3,1.0747936467863028,0,NON_COMPLIANT
0.944920391599226,0.9884460022285584,0.9991122481968363,0.7527696381485774,0,0,1.1746365531228085,10,COMPLIANT
0.5472065767180401,0.3908023262039935,0.4451447649667917,0.1000192495577247,6,2,1.0503832353083729,5,NON_COMPLIANT
0.5921814307603952,0.459797241109322,0.2767072822501421,0.384185713438581,4,1,0.6194032322525405,5,PARTIALLY_COMPLIANT
0.973932606366283,0.9613816267909696,0.9286654518786623,0.9515241869901869,1,0,1.0054537610791983,12,COMPLIANT
0.8580227945121053,0.9979270748441599,0.9770714716143385,0.8387262976156802,1,0,1.1750309835254025,17,COMPLIANT
0.9469611062842134,0.9729181739713153,0.9293060979826079,0.7585942145879313,1,0,0.7426341708058386,7,COMPLIANT
0.4325036968745888,0.593145958318473,0.44100449924911356,0.2491253688567966,8,3,0.5629325704485187,1,PARTIALLY_COMPLIANT
0.5249848756140536,0.6701827442441701,0.2936147898114846,0.14586528245678415,6,3,0.9981684156873453,8,NON_COMPLIANT
0.9724050253453103,0.9901280374075814,0.922958744213334,0.8246126652869401,1,0,1.1548634189670985,3,COMPLIANT
0.9740258325567817,0.9833485758495454,0.9365777855067622,0.8371434168104926,1,0,1.1997068628853333,8,COMPLIANT
0.764722470148193,0.7239215518264766,0.6240987373906528,0.4878893003866521,1,0,1.1588571881045862,9,PARTIALLY_COMPLIANT
0.9946026110676554,0.9692103356492899,0.8558494018862367,0.7577389477298359,1,0,0.9070751121641134,8,PARTIALLY_COMPLIANT
0.6992934989845739,0.7464883613477566,0.5388683555323383,0.6529667114938938,3,1,1.316466551992945,2,PARTIALLY_COMPLIANT
0.4321725529095579,0.5072833301891457,0.1451206588337086,0.21379379168292081,4,2,0.6862216094611153,8,NON_COMPLIANT
0.2410464254386924,0.38118910608604306,0.2944489153200698,0.22250307056236177,6,2,0.7508398597217145,3,NON_COMPLIANT
0.5058391088320964,0.23177855563471014,0.13514221032027565,0.4478516770995622,4,4,0.9629515996386478,3,NON_COMPLIANT
0.22687304785393622,0.5494718611475349,0.25883000372857423,0.33331011136671695,9,1,0.8336785210122822,6,NON_COMPLIANT
0.6484704104247098,0.32777808424256016,0.23978550268528473,0.4887388217123154,7,4,1.0112140674591639,1,COMPLIANT
0.9766800773017227,0.987366005506869,0.930953819858362,0.8966877914159621,0,0,0.8404672548436903,15,COMPLIANT
0.5819800041964952,0.8081537332180113,0.5795558425334834,0.4889787605288782,4,1,1.2105491503702457,13,NON_COMPLIANT
0.8040627812042724,0.8424298516333714,0.6868096932721828,0.5583520732911424,1,0,1.259072412136955,2,PARTIALLY_COMPLIANT
0.8643782315912567,0.8453348042330746,0.623139413980384,0.4814081229373477,3,0,1.0970720171427593,3,PARTIALLY_COMPLIANT
0.9141199792250033,0.9822609287922331,0.9617822114036252,0.8080561727253358,0,0,0.7034073489500641,17,COMPLIANT
0.936188107347665,0.978328768108571,0.9086564144587261,0.8752882497955025,0,0,0.758183198942738,15,COMPLIANT
0.2697924218873193,0.20836909133003748,0.4451166667072616,0.139324584094895,3,4,1.2446807264245305,7,NON_COMPLIANT
0.7501543912801063,0.923575723329662,0.6663192018099323,0.7307911275698911,4,0,1.1500016742435326,12,PARTIALLY_COMPLIANT
0.9808072507670511,0.97636130904199,0.9448816164948741,0.9111175692802584,1,0,1.1022186038397526,5,COMPLIANT
0.5567371373471129,0.9063037364379607,0.5499526488889883,0.5083396971517309,4,1,1.309101107699516,9,PARTIALLY_COMPLIANT
0.5209470408994624,0.51422513968237,0.15375570652856843,0.324537779152351,5,2,1.3815172573136296,5,NON_COMPLIANT
0.8714592929085103,0.9507007258763028,0.9350287649941142,0.9830667209802431,0,0,0.9996792935679013,7,COMPLIANT
0.27820983027503926,0.3958069999319481,0.538244641972616,0.2751874024594877,7,1,0.6791668748387149,2,NON_COMPLIANT
0.5387517393323846,0.225452080783387,0.1752902470517114,0.142121807099139,6,1,0.544008515386751,4,NON_COMPLIANT
0.890277479838452,0.9445559171453436,0.6649281658163101,0.45696218772383324,3,1,0.6633812303047358,5,PARTIALLY_COMPLIANT
0.6299464598911776,0.8057536115604407,0.6950707726507634,0.7110073731181522,3,1,1.399853375490142,13,PARTIALLY_COMPLIANT
0.5164908866604995,0.5822763316345986,0.2787885504789064,0.25410331204250425,6,2,1.424407120716988,1,NON_COMPLIANT
0.8890999573843152,0.9926673248804362,0.9795237175694227,0.9431306479406361,0,0,0.7474768237091655,6,COMPLIANT
0.4256042961911507,0.5432115169969551,0.20414279303211683,0.41757548261278254,8,2,1.3911031441677029,4,NON_COMPLIANT
0.7270337392319003,0.8515223351391341,0.5034202809968185,0.6730723002704169,3,1,0.7863316487112266,10,NON_COMPLIANT
0.5897608293158929,0.9170371093135472,0.5451817316049071,0.6215262624903961,4,1,0.6499594845334254,9,PARTIALLY_COMPLIANT
0.9674742146385545,0.9561248930982994,0.9452359988729744,0.7809615066764544,1,0,0.7103790160619821,3,COMPLIANT
0.8881245473604608,0.9647645294209469,0.89838261463579,0.9621674487311687,0,0,1.0512420419935546,18,COMPLIANT
0.9765593189065386,0.9719022037952691,0.901359268494379,0.8866190902563441,0,0,1.0418941004449374,12,PARTIALLY_COMPLIANT
0.21396396464522546,0.34926487607147616,0.4656258287183511,0.3700597677795898,4,3,1.0956877349680623,4,COMPLIANT
0.9032386991315515,0.9525994675988854,0.8547615648059482,0.8558337860382994,1,0,1.1578361161308248,18,COMPLIANT
0.5373954012504111,0.5687067507394363,0.23840339855807688,0.20225746862358507,8,1,1.2329696677216548,3,NON_COMPLIANT
0.3604439644464225,0.7173075934162647,0.22022406270403974,0.13800110472917226,8,3,1.0046151100994622,4,NON_COMPLIANT
0.5625811198443837,0.5393798353573156,0.16769102165472802,0.24959974681023842,5,1,1.0683550459866207,3,NON_COMPLIANT
0.7733011323256869,0.8571803467563954,0.6938048809894264,0.7452449064690111,2,0,0.6222798220662046,6,PARTIALLY_COMPLIANT
0.9170033082616997,0.9627073640063907,0.9737702313492128,0.8713139010368103,1,0,1.1319774110047551,5,COMPLIANT
0.8869522370863453,0.953162670444934,0.8697564302809533,0.9646862421323951,1,0,0.9615790004029913,4,COMPLIANT
0.9181002431794172,0.9844137117890118,0.8710829451367541,0.8713974249148495,1,0,1.1887260589951838,5,COMPLIANT
0.9133984050683437,0.9997818916797404,0.8515740461709916,0.9737663222128115,1,0,1.1048375181329446,9,PARTIALLY_COMPLIANT
0.41869180305384623,0.4344758167423731,0.4562721326432966,0.35826636448493787,4,1,0.706138918210397,8,NON_COMPLIANT
0.8567280352035352,0.9725298509491567,0.9894140041709671,0.7913009848344625,1,0,0.9109140892694156,14,COMPLIANT
0.982423474401774,0.9736495296849076,0.9279527546725566,0.7976440116292984,1,0,1.1212691146993183,4,NON_COMPLIANT
0.22442076682959658,0.5029799183660102,0.45922416312776126,0.14874010010336916,7,3,0.7495218575861523,2,NON_COMPLIANT
0.47502351325623393,0.566443716463754,0.43479860828854766,0.18811494411548113,9,3,1.4054064648584275,1,NON_COMPLIANT
0.820056102563735,0.787810958070832,0.7841935217399985,0.5118325081326165,1,1,1.0531549480693012,8,PARTIALLY_COMPLIANT
0.9033294695728011,0.9904429269516782,0.8942052054828292,0.8928032294378793,0,0,0.7019570528676953,11,COMPLIANT
0.3822256013594877,0.21391027494429823,0.4014481697232035,0.21587840823950877,4,1,0.9884694822499352,1,NON_COMPLIANT
0.8611063326868522,0.9802741334607202,0.9275184908692238,0.9350403421903658,1,0,0.843730832448625,12,COMPLIANT
0.47377232891740795,0.48719504246638595,0.35948692797219384,0.25457934978173796,4,2,1.1354125831353503,3,NON_COMPLIANT
0.6657775469996795,0.8887350500395822,0.6152737334874842,0.44838123037486805,1,1,1.2419678522698963,3,PARTIALLY_COMPLIANT
0.44648770661777865,0.3668530916408027,0.27681374754524135,0.3455195836168323,8,3,1.223036294859281,9,NON_COMPLIANT
0.8654899794302316,0.9084791501152591,0.6937358098750142,0.6156387801455023,4,0,1.0150466496674828,8,COMPLIANT
0.8850413548054356,0.9889185952272745,0.9412857389760961,0.9927261778624674,0,0,1.0953014823848777,7,COMPLIANT
0.7048997823315983,0.8727019060765171,0.7012397195888527,0.46186608018536723,3,0,1.0684112339848637,13,PARTIALLY_COMPLIANT
0.732443713838423,0.7430249631624655,0.6069010924390613,0.5125118672817316,1,1,1.1783208059582222,7,PARTIALLY_COMPLIANT
0.2825227250721822,0.5908890490281026,0.17752986070620672,0.3160373684390858,3,2,1.2667784245332432,9,NON_COMPLIANT
0.9164980481159049,0.979293152526396,0.9964117498708778,0.8830760909620415,0,0,1.156722349237795,12,COMPLIANT
0.5856768318839131,0.8233931983172452,0.7437914724999963,0.49490262641202687,2,1,1.3542176008842213,13,PARTIALLY_COMPLIANT
0.9931595353050211,0.9955321507917273,0.994345112366836,0.8569786725469464,1,0,1.071155122766862,16,COMPLIANT
0.27024724893683016,0.23011796215429545,0.3004316194024632,0.2347514180555489,6,4,1.0356651079334027,2,NON_COMPLIANT
0.35122297081276665,0.5711782832470129,0.41917679207631375,0.2523343520731236,4,3,0.7522736293949605,5,NON_COMPLIANT
0.43878676549954354,0.2563431639279594,0.4548836419707768,0.24513148989074943,3,1,0.8382165171825056,1,NON_COMPLIANT
0.9757493057066706,0.9734346579897485,0.9122229253506497,0.8183517679826766,1,0,0.7376795301762311,19,COMPLIANT
0.8611264293391468,0.9596008125483974,0.9759997334865914,0.9312281866561098,1,0,1.198791296472986,3,COMPLIANT
0.9063778697772968,0.9910272323872994,0.8510713122652367,0.8641826482214601,0,0,0.7895819591450755,7,COMPLIANT
0.6458967101654065,0.8262791796176685,0.8355417288691144,0.46033865015445846,1,0,1.2561229269485183,7,PARTIALLY_COMPLIANT
0.574260691479961,0.7643919314123792,0.6903644472496017,0.6588429020572475,1,0,1.2254721529383903,1,PARTIALLY_COMPLIANT
0.2451415207563261,0.3998330541199622,0.14237765672336403,0.285896123804899,4,3,0.7702047633041317,7,NON_COMPLIANT
0.41257647826658206,0.46562053846539364,0.3856368096024826,0.4657048024704151,9,2,1.3016367795731623,5,NON_COMPLIANT
0.7338414713512786,0.8754871252451263,0.839478023656482,0.5522309356425812,2,1,1.1880926598723167,4,PARTIALLY_COMPLIANT
0.9629869331121176,0.963615092736015,0.9846145614728327,0.8816446166648234,0,0,0.7126931778301724,9,COMPLIANT
0.952581511174496,0.9750920121277818,0.9666916791205482,0.960334929751512,1,0,1.0437184304704337,13,COMPLIANT
0.9126825994926414,0.9522254519638085,0.8933705077628141,0.86282129429441,1,0,1.0501739444332847,16,COMPLIANT
0.8879798360519215,0.9901846725938651,0.9726733110349286,0.9947368389636655,0,0,0.8032672019860032,10,COMPLIANT
0.9864393086666416,0.9503091911320448,0.9716025355506388,0.9870923881972298,0,0,0.9850908158773469,12,COMPLIANT
0.8914493121746287,0.8540676223022978,0.8276518365795581,0.7357829490354316,3,1,0.8332135425209538,14,PARTIALLY_COMPLIANT
0.9114083696775127,0.964494033976693,0.8521772641791413,0.8937097594649688,0,0,0.8581877036938415,14,COMPLIANT
0.9927163043088522,0.9888244651325508,0.941700490332497,0.9643272255902102,0,0,0.9371275104884768,17,COMPLIANT
0.34325278495869216,0.6283750949396762,0.1404360327293405,0.168575864516828,5,4,1.3917366979250958,6,NON_COMPLIANT
0.6152083661258576,0.9317040884820995,0.7469906762583338,0.4531883403947563,3,0,0.653748157219121,7,PARTIALLY_COMPLIANT
0.7806954694181063,0.7126438915197526,0.6726550756836357,0.5035974188003884,2,1,0.9674548040789055,13,PARTIALLY_COMPLIANT
0.8460648760865338,0.8016587639057631,0.7740736145556557,0.6927386025493985,1,0,0.8404964478845136,11,PARTIALLY_COMPLIANT
0.3084094263038232,0.6335996574240722,0.4378549429019706,0.18919438589621498,4,3,0.9275609001206971,7,NON_COMPLIANT
0.7553641788419858,0.7686431739198991,0.5113684627125632,0.6872986566431322,1,0,0.7326449888242338,13,PARTIALLY_COMPLIANT
0.8921994844889249,0.7269811387412484,0.8261804488790302,0.7197523039909433,3,0,1.1517613138916984,2,PARTIALLY_COMPLIANT
0.8897756111775034,0.9831429893817333,0.9948172951900932,0.978953587047686,1,0,1.0850106142279143,7,COMPLIANT
0.8520492528205914,0.9947863177757558,0.854341647511505,0.8099114462393892,1,0,0.9420865160817037,5,COMPLIANT
0.2293723993558203,0.26973716438517215,0.15965955194460543,0.4976409132842905,7,1,1.3967618462562683,8,NON_COMPLIANT
0.5623182507490623,0.8474944011748999,0.6529775654013876,0.40841319383324315,2,1,1.049451104270647,11,NON_COMPLIANT
0.736315710905486,0.7730725431773132,0.729522055624463,0.6245669995500431,2,1,1.3624612714864168,12,PARTIALLY_COMPLIANT
0.2812864479263896,0.6097700937558757,0.1590294498809071,0.19593669939235583,3,4,1.052519780366978,2,NON_COMPLIANT
0.5373856394503909,0.7228243766638207,0.2096335201569259,0.23670914681913302,6,1,1.4300486636415286,6,NON_COMPLIANT
0.6422776903632155,0.7170051294030295,0.5777179228968308,0.45252958392131515,8,4,0.849976030978181,2,NON_COMPLIANT
0.9397892661107006,0.9826474829068921,0.8730879264674357,0.994257919136294,1,0,0.9915651095497917,17,COMPLIANT
0.9112679819606048,0.9686344258506157,0.888963067564049,0.9308550284221462,1,0,0.966301259700381,7,COMPLIANT
0.3770600234331256,0.6651488781016672,0.12347701961620075,0.41281852118519613,9,4,0.7861209078237872,4,NON_COMPLIANT
0.9970497375574069,0.9537673128003064,0.8958545528930772,0.7977277577875865,0,0,0.8584610025781387,12,COMPLIANT
0.37014873700951423,0.7218294259745526,0.30980101046706454,0.4266433405418866,5,1,0.7990887172438467,0,NON_COMPLIANT
0.9504035476361122,0.9615639964157977,0.8865356688796948,0.8265117915571929,1,0,1.1011980152768162,8,COMPLIANT
0.9018500924985795,0.9948394204953006,0.9210942460394308,0.9168894346302567,1,0,1.00096769777048,7,COMPLIANT
0.27441630247430054,0.6297219456357325,0.5149194225116125,0.49778558795840055,6,3,1.37409452013934,8,NON_COMPLIANT
0.9071844929162315,0.9995356279311552,0.8871425630762078,0.8766140942591285,0,0,0.7104547561676174,9,COMPLIANT
0.45586198131049904,0.6260722226053997,0.5295191847731497,0.38039280240873075,7,3,0.6576342317168178,2,NON_COMPLIANT
0.5377533943648123,0.6832404806377387,0.4312436980177293,0.23108133953804755,7,3,1.3835200936741687,9,NON_COMPLIANT
0.28952327677087675,0.41841766408281555,0.13561201436786083,0.28066949123006857,6,2,1.1417307075910106,1,NON_COMPLIANT
0.6075558359196414,0.4223675619344611,0.21521033267831233,0.19307127072883407,7,1,1.001070320707277,0,NON_COMPLIANT
0.7122290181254929,0.8533476070159012,0.5953859091640724,0.49596085012901336,4,1,1.268593796179722,11,PARTIALLY_COMPLIANT
0.9780798990287806,0.9570082716691365,0.9316274723465202,0.7520020351684458,0,0,0.871483259850039,4,COMPLIANT
0.9827522986820888,0.9610763575951183,0.9195321758888383,0.8675810119843016,0,0,1.087988424907621,11,COMPLIANT
0.9904908538442443,0.9519671770334255,0.868316487101504,0.8630497570708588,0,0,0.7442777921116206,3,COMPLIANT
0.8847322653947574,0.9971272969838453,0.8564256332678669,0.8615967225657987,0,0,0.8752602671430809,10,COMPLIANT
0.7145822358632485,0.892359165400274,0.5368346643271783,0.6691326635057886,1,1,1.2356418355373644,13,PARTIALLY_COMPLIANT
0.8677622558763898,0.9605947165220055,0.896650374209902,0.7917327677043754,0,0,0.8955164345636992,17,COMPLIANT
0.643292985502909,0.3293981908156888,0.46113904951817475,0.27398855033268027,7,3,0.7048872286917754,0,COMPLIANT
0.6123820481442628,0.8721219478278898,0.7907930379057035,0.5430848615256936,2,1,0.7201229153471002,9,PARTIALLY_COMPLIANT
0.7276728529297216,0.9019914223151893,0.628829973183175,0.44377737938571393,3,0,1.1681678786530119,6,PARTIALLY_COMPLIANT
0.8697843591049518,0.8175709840658092,0.6992028432291,0.7248371313173306,3,0,0.8010461497137253,12,PARTIALLY_COMPLIANT
0.7983348222518093,0.8531007270257429,0.8328878637289143,0.6862222593900698,2,1,0.9143498440222453,12,PARTIALLY_COMPLIANT
0.4549854333898282,0.40446861667255607,0.5462426012788093,0.1581547715523545,4,4,0.8609947587924671,0,NON_COMPLIANT
0.8439508504359147,0.7730442008455112,0.8258600086971468,0.5935314127522624,1,0,0.8972984082862141,10,PARTIALLY_COMPLIANT
0.8879047772585487,0.8040652498400187,0.5929247260263988,0.5059072534324405,4,0,1.3776767945698487,2,PARTIALLY_COMPLIANT
0.9082948435598258,0.9707994803987621,0.9620006447179955,0.7734554680988608,1,0,1.1439088201679095,15,COMPLIANT
0.23705592308560386,0.6848420764231034,0.5576389894564172,0.2105517381263598,9,2,0.5770322481537611,0,NON_COMPLIANT
0.6284109247263079,0.5844862520241911,0.47746958240294524,0.40300212038219063,9,2,0.7032075932604311,3,NON_COMPLIANT
0.6432069121107107,0.5344342569178112,0.3503897454703008,0.2528877070491564,8,4,0.7439634814185633,3,COMPLIANT
0.6432321745005084,0.9248632711384588,0.8245782433115436,0.5409140034190569,2,0,0.804870740990739,9,PARTIALLY_COMPLIANT
0.8813235545252334,0.9301338078099068,0.7395514413535595,0.5637623848462088,4,0,1.31659475609945,14,PARTIALLY_COMPLIANT
0.5266671409740058,0.48951632576845694,0.4342197899842344,0.16289236667979784,3,1,0.8822571474051205,4,NON_COMPLIANT
0.638396374944334,0.793069914202477,0.537852764608283,0.4880596394176888,4,1,1.250484037688675,5,PARTIALLY_COMPLIANT
0.9723031935783342,0.994465937996416,0.9279096527925201,0.8912581312439875,1,0,0.8310175022534372,8,COMPLIANT
0.7716592610528137,0.8156225526013983,0.6946183484979863,0.4996996458362659,3,0,0.6753944531236205,7,COMPLIANT
0.49163648366706664,0.2647366842513307,0.5732014125110502,0.4457354730155878,4,2,0.5534555139831984,1,NON_COMPLIANT
0.6902138233290702,0.8664431052651972,0.7833175044427589,0.6191752468004909,3,1,1.265989419695716,2,PARTIALLY_COMPLIANT
0.8581763916120579,0.9918219868688062,0.9267907946022892,0.8817519061453835,0,0,1.1412045932218942,14,COMPLIANT
0.3829526765406467,0.23448260138751126,0.5374749957451401,0.3230687618810267,7,2,0.843982976061097,6,NON_COMPLIANT
0.513499910448648,0.3302620202781752,0.2611609161351365,0.46877106825214787,4,4,0.9051464383580896,3,NON_COMPLIANT
0.8447987345618755,0.8866047349343347,0.8472530023305168,0.6147301389511294,2,1,0.7895320951733673,8,PARTIALLY_COMPLIANT
0.9533215755384981,0.9775968180530233,0.8862757293123029,0.856499379867107,0,0,0.818741652584692,12,COMPLIANT
0.41068275321294523,0.6455696492565776,0.48380300972911583,0.3020631674512667,3,1,1.251089530442386,8,NON_COMPLIANT
0.9371398079894196,0.9544813169577471,0.9576453678862944,0.8499763017010391,0,0,0.9067745507626757,13,COMPLIANT
0.972260815101371,0.9938726063301584,0.9659775251888137,0.9178969357347315,1,0,1.0890231532415995,6,COMPLIANT
0.53553587247756,0.26592582141723675,0.4892832199669668,0.24822366328683124,3,3,1.171507789296944,6,NON_COMPLIANT
0.21086334970505016,0.3374257184956517,0.31813464002129466,0.35225241886166525,5,4,1.26455146427049,8,NON_COMPLIANT
0.958821705102323,0.9540529781938801,0.9574679472338185,0.8124061761026459,1,0,0.910448264379613,7,NON_COMPLIANT
0.5848381127886404,0.5174474574542385,0.359126155706605,0.26250170657113103,7,2,0.9589144732646183,2,NON_COMPLIANT
0.8735730254856022,0.8430886280069061,0.5243727105912712,0.59350428773402,2,0,1.100166657394344,3,PARTIALLY_COMPLIANT
0.4725104046638427,0.3334692426824925,0.36287395704763037,0.19340474343730585,8,1,0.8869610795177373,8,NON_COMPLIANT
0.8642584805248846,0.9600234523883179,0.912019865006524,0.8015506789754447,1,0,0.9641133038635784,17,COMPLIANT
0.8724099082680659,0.9754992539656748,0.9190873826042,0.9751900406126831,1,0,1.1174497141821957,16,COMPLIANT
0.8091066767645936,0.8925076171753791,0.8391545372260499,0.6706963738168771,3,1,1.3944149433698496,5,PARTIALLY_COMPLIANT
0.9254608900407414,0.9541457290697241,0.9430002000216112,0.8350557486128143,1,0,0.8424566262762179,18,COMPLIANT
0.6700112653586197,0.781669525952378,0.5850183851375774,0.6131034831202316,4,0,1.234242827812995,2,PARTIALLY_COMPLIANT
0.9513466095797333,0.977128772626779,0.8849566942400309,0.893406964485727,1,0,1.0677603528967905,5,COMPLIANT
0.5493249897315489,0.21413767306031356,0.3486991756680482,0.3113346849248101,3,4,0.812131223490555,8,NON_COMPLIANT
0.5744621341607817,0.8600075970879201,0.8287410801190334,0.4006761700020268,1,1,1.3579817875164997,2,PARTIALLY_COMPLIANT
0.3703255673929121,0.5809402804053294,0.21570854664624164,0.40781768698543774,4,4,0.9404679309785707,0,NON_COMPLIANT
0.35695576483940944,0.6169761538301082,0.1168650537288595,0.32046584058946104,3,2,1.4812446006823907,9,NON_COMPLIANT
0.5104332329358356,0.36996474694123727,0.5220393671911174,0.18695404171090974,5,4,0.7685080419679184,1,NON_COMPLIANT
0.620035143298288,0.7123710109706447,0.38604730336408677,0.21904456988857046,3,4,1.180817089953536,7,NON_COMPLIANT
0.615947148815524,0.5393112827882507,0.40170526826301256,0.46525062990281385,9,2,1.0976232485569792,2,NON_COMPLIANT
0.46242277014518113,0.4538862797161776,0.42887873251310105,0.4263356684710775,7,3,0.5329541751146379,6,NON_COMPLIANT
0.8646415057163487,0.9583424289102789,0.9885597093815164,0.9553678131940477,1,0,0.7623075315945623,4,COMPLIANT
0.9536832786414482,0.984159192822274,0.9733875813867511,0.8824154196637702,1,0,0.9882582377571267,8,COMPLIANT
0.46005472308612544,0.6001261030937592,0.5397851687617765,0.4624232990898789,7,3,1.040942084912055,2,NON_COMPLIANT
0.8699926387123259,0.9963872866537704,0.9801553146878859,0.9269051464351339,0,0,1.0105531624551014,8,COMPLIANT
0.21037852414875216,0.39074406962484715,0.44949070130537727,0.13604131188689134,6,1,1.4094990429407162,2,NON_COMPLIANT
0.92132135728491,0.9924549009979338,0.9075095711587389,0.7920696471269282,0,0,1.0383223174099236,3,COMPLIANT
0.33546047416412766,0.47232172836155534,0.5793024056497678,0.12878535451272768,9,3,1.4258905537259499,2,NON_COMPLIANT
0.7826027998031639,0.9354223021104873,0.5698808903271424,0.4142449283388327,3,0,1.3097634514063135,5,PARTIALLY_COMPLIANT
0.9674044061116224,0.9632693704594097,0.8766649581776872,0.9229045138923299,0,0,0.9547110640748948,9,COMPLIANT
0.9195547607409973,0.9676676114013026,0.9375484167776308,0.7694336592412462,0,0,0.8299749314271313,19,COMPLIANT
0.8476582956767905,0.9061578669972783,0.7607378194613126,0.621701210948686,3,1,0.7130519787222054,8,COMPLIANT
0.8949348516930811,0.9538431037638081,0.9250936402105626,0.9486288861226871,1,0,0.9391299420976117,4,PARTIALLY_COMPLIANT
0.5434750482171398,0.6013545249551173,0.510072033975935,0.4614919904854551,5,2,0.6047638576811188,1,NON_COMPLIANT
0.8436083781767924,0.7917170985715574,0.7662908605068077,0.569880513309218,3,1,1.3668590745034863,6,PARTIALLY_COMPLIANT
0.3075579410179291,0.5315194586946942,0.4236887977797458,0.30902796912999964,6,4,0.8697478730626392,4,NON_COMPLIANT
0.4098156172861794,0.566573207497366,0.29249597386792925,0.4210169028629367,5,3,1.4851896896773886,1,NON_COMPLIANT
0.8609352753051855,0.9701436641316318,0.8942935741071915,0.808096080764012,0,0,0.900653012109856,16,COMPLIANT
0.8384629998688755,0.8809023594394878,0.7914391282670179,0.4702900625612223,4,1,0.8801892914616614,3,PARTIALLY_COMPLIANT
0.34422947982182617,0.30655618130577683,0.41091979324700967,0.2427420612551827,8,2,1.2858283238902646,6,NON_COMPLIANT
0.6057576187881776,0.820965337572655,0.5764480950320708,0.6110316707417115,3,0,0.6413297406631917,14,PARTIALLY_COMPLIANT
0.954000273060206,0.9824117948691048,0.8847220143869482,0.9203382533103373,1,0,1.1168220052375861,10,COMPLIANT
0.7858127261906006,0.8823088773670902,0.7416934241398756,0.4398866934753533,1,0,1.2048132659721456,6,PARTIALLY_COMPLIANT
0.9248554259356122,0.9965767524577631,0.9374999364982777,0.8845960467241083,0,0,1.1162493504929831,8,COMPLIANT
0.7481650945110814,0.8530374554033475,0.692237944982263,0.4955600784865508,2,1,0.8597431650702408,3,PARTIALLY_COMPLIANT
0.9612526193487735,0.9837615418781018,0.8808822982267481,0.8381202617358378,0,0,1.046931580937866,4,COMPLIANT
0.4235560662933632,0.6171997064931376,0.13219205296434042,0.2667306015699408,6,2,0.6334064812782133,0,NON_COMPLIANT
0.4426525742007906,0.5254071301387058,0.3826429331222332,0.35702160460619625,5,2,0.8887775200840254,6,NON_COMPLIANT
0.7932104800325481,0.9043986367378865,0.6904874000734735,0.41126874773056793,2,0,1.3485374904653806,4,PARTIALLY_COMPLIANT
0.6121010782873594,0.8193720126156069,0.6731092197343127,0.5714761136357013,4,0,0.7832932911291192,3,PARTIALLY_COMPLIANT
0.8921158543661284,0.9512157983215727,0.9468208443860752,0.7942776698517622,1,0,0.9349722569954715,16,COMPLIANT
0.5059060405721029,0.5865106159689921,0.5825001047383596,0.2814564925774834,6,4,1.0391908707225317,6,NON_COMPLIANT
0.33762418810328587,0.7122181051002883,0.2095999016947023,0.39330429036131986,5,1,0.5115210120260434,3,NON_COMPLIANT
0.5752771651758413,0.2598225273545771,0.11159370079327505,0.2995885427481739,4,2,0.8139025531672073,3,NON_COMPLIANT
0.6402897938805795,0.8891847695589068,0.7713323297852752,0.5417140187537075,4,1,1.1652237058425527,8,PARTIALLY_COMPLIANT
0.2863929204022918,0.40789408781307934,0.296251006135109,0.4496404252066264,7,2,0.9059614563395894,8,NON_COMPLIANT
0.8622210846569413,0.9596669616806026,0.9926117069819007,0.8521748905677335,1,0,1.135744270878694,19,COMPLIANT
0.6862788036334903,0.9350779502319378,0.6494872969929648,0.5941427899764702,1,1,0.7526475931570457,6,PARTIALLY_COMPLIANT
0.9504930236288827,0.9500200772012669,0.9708836753795281,0.7698124015324822,0,0,0.7242813616478307,16,COMPLIANT
0.46001967782222625,0.26256894694098215,0.33848394554797223,0.24249075499575024,7,2,1.421866435515026,0,NON_COMPLIANT
0.6160210285405958,0.8723185956154036,0.5230604987603314,0.5639785174719386,3,0,0.9965290752280707,7,PARTIALLY_COMPLIANT
0.42179563079483773,0.578420423454221,0.42599542693292747,0.3404517639721075,4,3,0.7285251477067444,0,NON_COMPLIANT
0.8736750683999048,0.7417444705572526,0.5935681468440825,0.4221285187377218,3,0,0.7315192181762474,9,PARTIALLY_COMPLIANT
0.6317917504050834,0.8224110529547539,0.6368065471625399,0.4313977830038709,2,0,0.6251657561968208,6,PARTIALLY_COMPLIANT
0.9397013675993124,0.9692551301411515,0.9782208668198892,0.9881038264991608,0,0,0.8913920502015202,17,COMPLIANT
0.3839651355765419,0.37465697679082666,0.17427257575499047,0.10174947164039182,5,2,1.443499229703927,1,NON_COMPLIANT
0.5422053977119399,0.5213446100000365,0.11904635579476427,0.4509793934603904,3,4,1.4970748769131437,3,NON_COMPLIANT
0.926946902473136,0.9640696491086082,0.9733342168865515,0.9382121639705516,0,0,0.7338023747361915,9,COMPLIANT
0.8973441015645025,0.9822416302011157,0.9092696361417255,0.9283017208206544,1,0,0.989587627687361,13,COMPLIANT
0.34546305615429634,0.6881737916571865,0.43508128876964114,0.4993417405292906,4,1,0.5878678358678288,8,NON_COMPLIANT
0.7765087202178449,0.8717215195954391,0.7717411627077361,0.5089687350252958,1,0,0.7819586032518396,7,PARTIALLY_COMPLIANT
0.7760158500357408,0.9115008558493491,0.6652692435163614,0.654433854056585,3,0,0.8247066184540798,10,PARTIALLY_COMPLIANT
0.8819713178970905,0.9933588677225677,0.9933764720762746,0.8091788264612174,0,0,0.9028226297236187,15,PARTIALLY_COMPLIANT
0.36682110364056986,0.424039063693603,0.3165791096735987,0.4689292245914677,4,1,0.7476461170456555,7,NON_COMPLIANT
0.8625287372020028,0.9605562971279018,0.9628702506379742,0.7628234622453038,1,0,1.0795434662778192,5,COMPLIANT
0.8599928668586225,0.9614512695462398,0.9314273965920113,0.8578820357841106,0,0,1.013854026535709,10,COMPLIANT
0.8697277400374567,0.9928564779928141,0.9363033104877334,0.7690962362478639,0,0,1.1035777686824413,4,COMPLIANT
0.6082692862675148,0.27455256634456915,0.17253775198993362,0.4047794795760591,6,3,1.166513678513108,3,NON_COMPLIANT
0.8887509734284956,0.8194726652364374,0.754589052846083,0.5297487299632244,2,0,0.6398463020667374,1,PARTIALLY_COMPLIANT
0.6172081037446268,0.6696703947817502,0.5151120486427209,0.1275343406066424,8,3,1.283282659656451,6,NON_COMPLIANT
0.6018622056153158,0.7118869022202908,0.7244252465822586,0.4225531689434423,3,0,0.9616612565432964,7,PARTIALLY_COMPLIANT
0.2033019313504106,0.26873273998350844,0.5780922837382527,0.4056347131965323,7,2,0.5357087097081719,8,NON_COMPLIANT
0.8693319582865974,0.9564022919478886,0.8727854040268441,0.7847067931623526,1,0,0.7900336361746492,6,COMPLIANT
0.31601876468906803,0.22187150362628902,0.4532831701243635,0.2488629712781048,6,1,0.5755850924054473,6,NON_COMPLIANT
0.5564379334582786,0.4904392764552427,0.3010586928239787,0.1117770058979326,6,1,1.4721820779667603,5,NON_COMPLIANT
0.8931127254547391,0.8540729475636152,0.5642124888890969,0.637674184641939,1,0,1.3337772361137425,13,PARTIALLY_COMPLIANT
0.8799018234206775,0.9706183243637341,0.8608415421359765,0.8939464656936029,0,0,0.7278704267937208,7,COMPLIANT
0.758732941445828,0.9429126511548732,0.5477578913946605,0.598906786608193,3,1,1.3225220089618346,11,PARTIALLY_COMPLIANT
0.5679880612579569,0.7145553155595512,0.4326640262901894,0.19386074772122994,4,4,0.8252762092417024,6,NON_COMPLIANT
0.7613572963684307,0.7363291140841565,0.7794893203487305,0.6997988687714647,1,1,0.9891272791928691,3,PARTIALLY_COMPLIANT
0.8508283175685404,0.9907730714227417,0.9560286015771425,0.9322517920102469,0,0,1.0029799873905056,12,COMPLIANT
0.8602526193743867,0.775512216372335,0.7498843981347181,0.6142164778802145,2,0,1.3244333289206902,4,COMPLIANT
0.8796205734789906,0.9943462450104634,0.9468716218982809,0.82147669730979,1,0,0.8584612386724724,9,COMPLIANT
0.9237606914528484,0.9948118124573067,0.9710061711617592,0.7509140778361623,1,0,0.9646953106737667,10,COMPLIANT
0.905012811463891,0.9618535195587089,0.9170909452235683,0.7680940982985306,0,0,0.7722898551197923,8,COMPLIANT
0.8995160617075346,0.7588518122103816,0.7544429549710354,0.5323108717816183,1,1,1.0316926804814694,4,PARTIALLY_COMPLIANT
0.4945941304581496,0.5505260924790709,0.10872945411258308,0.2269971569460365,6,3,0.6342735395169234,5,NON_COMPLIANT
0.5137549131981218,0.6693827982300287,0.19777850547789452,0.23177315222619474,4,4,1.4620584480276382,4,NON_COMPLIANT
0.2525655425654552,0.40555343425730705,0.16942082127399263,0.45248509298620554,7,4,1.2575367867972291,7,NON_COMPLIANT
0.5149875664430865,0.3016057579297632,0.3985639552105099,0.4436675812452615,8,2,1.2102769513489124,9,NON_COMPLIANT
0.6608087219444264,0.8692976809181638,0.669413629079747,0.7423943200996459,4,0,0.7234894159167202,6,PARTIALLY_COMPLIANT
0.8172389072819852,0.9287853090637466,0.5832372265467721,0.5501482887240576,2,0,1.021198821862593,11,PARTIALLY_COMPLIANT
0.6473782062567806,0.26114313301461267,0.3951076178143035,0.3726726360449668,6,1,1.2257696736145556,2,NON_COMPLIANT
0.3491948916629306,0.3226769325771131,0.2382451978424394,0.12004217060198874,6,4,0.5573242708644058,1,NON_COMPLIANT
0.7064452015494963,0.7639962384476946,0.7312267611984986,0.5275896895311103,3,1,1.353579545714872,1,COMPLIANT
0.9711935992163528,0.9883882308857169,0.8670948830678862,0.9109769892669412,0,0,0.9497741676023356,19,COMPLIANT
0.5559252733489373,0.8305238092286972,0.6173367424951159,0.4004619541445154,4,1,1.2589875304308422,14,PARTIALLY_COMPLIANT
0.8703618779649851,0.9988719092102006,0.994652985105398,0.7909322394697927,1,0,0.9608667094266228,14,COMPLIANT
0.8740548109179614,0.9836822708737454,0.8768879883608921,0.9234873976275392,0,0,0.9446882244853351,15,COMPLIANT
0.7348118589813395,0.7721415698050066,0.7851290577079176,0.5015177493035213,3,0,1.391778312373045,3,PARTIALLY_COMPLIANT
0.8793022417631441,0.74848195507017,0.556585317443799,0.48418728028058144,2,0,0.8742949916219319,4,PARTIALLY_COMPLIANT
0.975556168786441,0.9639638044227204,0.9464322865088062,0.9235376433774578,0,0,0.8077649343956659,17,COMPLIANT
0.507499690562569,0.48806488946091725,0.4463164080495228,0.11757496262207781,3,2,0.7108169179536846,2,NON_COMPLIANT
0.4820616336104629,0.47740487122653374,0.5835578086856807,0.37684215912556696,6,1,1.4096769219050844,5,NON_COMPLIANT
0.9493725920412412,0.967348132986728,0.9086132728494456,0.7896697184224213,1,0,1.0793576605819604,5,COMPLIANT
0.8069257358520574,0.70769379456479,0.7161119617696274,0.6662314697082623,1,0,0.6808225971930068,2,PARTIALLY_COMPLIANT
0.9034290915192069,0.9848506506967132,0.9340173974514022,0.8466156410819838,0,0,1.0737564852912382,9,COMPLIANT
0.35383941737151237,0.4527864194754822,0.24350008953948496,0.24165225453907813,8,2,1.4815517379172207,3,NON_COMPLIANT
0.5066637408513145,0.6617069031212921,0.1616776857248978,0.2750436408885204,3,4,1.1325359186542943,8,NON_COMPLIANT
0.31517253095448183,0.3670569024464164,0.3995824366835833,0.28861019418083195,4,1,1.3830677000502023,3,NON_COMPLIANT
0.21771172581444148,0.5118433078416428,0.4674765790583847,0.20134351288592278,9,3,0.560345505401881,5,NON_COMPLIANT
0.3271445457932052,0.35864307373103566,0.21714998211186057,0.15831521408822524,5,4,1.18088726000043,3,NON_COMPLIANT
0.2385977402392798,0.6737246779095458,0.41083135060180775,0.48255269793355426,9,4,0.9230873698539043,0,NON_COMPLIANT
0.42163024625013523,0.4946301438536146,0.11558654115886544,0.3745204502974494,5,2,1.2909653988686989,7,NON_COMPLIANT
0.42120227109490693,0.31815514760501407,0.5534053711794299,0.38647913218694496,8,4,0.6349564392975943,7,NON_COMPLIANT
0.8981845602563203,0.7286965696651531,0.7540890727649215,0.4181109178841854,4,1,1.373561113867078,7,PARTIALLY_COMPLIANT
0.8201671851900312,0.8556208297572593,0.6665940692011915,0.6727771427667013,3,0,1.0664959959112066,2,PARTIALLY_COMPLIANT
0.8996817687290588,0.9097728746630263,0.7588960970567362,0.7047542073282684,1,1,0.674662496215861,9,PARTIALLY_COMPLIANT
0.601231578533855,0.7349429152733735,0.7041954023410434,0.7447534117403062,1,1,0.7282347790566629,4,PARTIALLY_COMPLIANT
0.9727310003122371,0.9765799732302215,0.981979401604174,0.8936948885661038,0,0,0.9467732901700593,13,COMPLIANT
0.4741225458677931,0.5351500413383398,0.46326173595675824,0.36468083705688226,6,4,0.9573470259491073,5,NON_COMPLIANT
0.32345757373491635,0.43299205474669833,0.4396586828283475,0.1442442245220119,6,2,1.183770012088142,5,NON_COMPLIANT
0.9413084413267324,0.9963494237408898,0.9497680267170423,0.9227133760849533,1,0,0.7002051447195874,19,COMPLIANT
0.5911598658095456,0.9370773451075916,0.5786845148285646,0.7498724688989054,4,1,0.9469575464855675,12,PARTIALLY_COMPLIANT
0.9733571816778032,0.9528489363498683,0.9127910912377495,0.8646078560328595,0,0,0.8735311842496974,14,COMPLIANT
0.7397594686560003,0.7043250306852424,0.7724873798511919,0.5149092957398623,4,1,1.222612595835023,3,PARTIALLY_COMPLIANT
0.8281317540028866,0.7457433458537173,0.7828415642448624,0.6142003281449039,3,1,0.9914825003260681,13,PARTIALLY_COMPLIANT
0.6134240660799226,0.722763462577366,0.5878850782972871,0.49972543193379004,2,0,0.6730621154922658,14,PARTIALLY_COMPLIANT
0.6980683380022052,0.8312719613679947,0.6937056911816947,0.5361609739236989,4,0,0.9662509200676999,10,PARTIALLY_COMPLIANT
0.36623387504222216,0.5104019451051616,0.5720333246318648,0.47914082922873347,6,4,1.1146456795311703,6,NON_COMPLIANT
0.8745880393070418,0.9690704404951561,0.8711302905926291,0.9062359426019579,1,0,1.0948808868673172,4,NON_COMPLIANT
0.21506422906020178,0.7034847981215908,0.5511846214912198,0.25148678692833,7,1,1.2333695515076037,9,NON_COMPLIANT
0.3648566831188994,0.44951841583190366,0.4558335884928394,0.4748612025303064,4,3,0.9061697659572348,1,NON_COMPLIANT
0.9880942205066163,0.9546816446666814,0.9932594780689354,0.9027315968708695,0,0,0.901263177745071,4,COMPLIANT
0.8623898268861632,0.7151407108531583,0.8103872335702326,0.6503275166203704,4,1,1.1894001767305817,1,PARTIALLY_COMPLIANT
0.7097791148526267,0.7679236540423148,0.6231667695155313,0.4330094280119617,1,0,1.0655758460094513,12,PARTIALLY_COMPLIANT
0.9939675679656572,0.9838078666726723,0.9861626200361857,0.9324426278934204,1,0,1.1176220300794328,8,COMPLIANT
0.5167014522655992,0.4266951757452864,0.25360419341159524,0.16162431749221373,9,2,0.5638413789891007,2,NON_COMPLIANT
0.9246349125083089,0.9577421340810114,0.8774384388943127,0.8412618916731504,1,0,0.7097231292097732,16,COMPLIANT
0.22460288238989956,0.7240106305458962,0.49626861305716163,0.15963915778775797,4,4,1.236901372171708,3,NON_COMPLIANT
0.562244851539255,0.484577803849294,0.44260537316923454,0.465875928457791,7,1,1.0031940725789656,2,NON_COMPLIANT
0.37431417663631106,0.47398093639309197,0.32745834601673074,0.10360133996937076,9,3,1.087319810172082,2,NON_COMPLIANT
0.5893605068184211,0.36961475080076117,0.5234178898755028,0.30213576475836745,8,3,0.7388249054608691,4,NON_COMPLIANT
0.9953222035866707,0.9742106569673821,0.8595402154566696,0.8879219919516155,1,0,0.7247967541100431,19,NON_COMPLIANT
0.6259301288925676,0.7152929387914859,0.5545716275672595,0.55464683051085,4,1,1.174753179788433,4,PARTIALLY_COMPLIANT
0.9312851421067537,0.9936472917938204,0.9598337329614341,0.9516402869653624,0,0,1.0620516646365692,18,COMPLIANT
0.4379334551929007,0.662069387951738,0.13410311737136274,0.1313189067947619,4,3,1.139115128389803,8,NON_COMPLIANT
0.5456617083266919,0.4735880771981919,0.4978150571486539,0.20441613332279862,7,3,0.9251637446553163,0,NON_COMPLIANT
0.3129730959976694,0.28972707895522776,0.2992816938970132,0.13281048994224004,6,1,1.3396051592349743,7,NON_COMPLIANT
0.34686257970107764,0.5445132876968959,0.45948646965322215,0.15707231259247503,6,2,1.2161381777143068,9,COMPLIANT
0.9013161431295391,0.971497880988991,0.9746423756582603,0.779972773368178,1,0,0.9429087144563157,8,COMPLIANT
0.565366614770723,0.8634246732262698,0.7708776450882853,0.6848401960574951,3,0,0.722059379441903,8,PARTIALLY_COMPLIANT
0.9580236191396411,0.9643610604602575,0.9819628603441515,0.7623052286351903,1,0,0.7285585816852216,13,COMPLIANT
0.8549984799159263,0.9956393692693263,0.8677543341776947,0.9114397944845082,0,0,1.0951299519708468,10,COMPLIANT
0.5177343421263418,0.513449994117019,0.11934512725011917,0.4184855076071602,3,3,1.4431740511585731,3,NON_COMPLIANT
0.9672593483507139,0.9601877742924971,0.8890992482249405,0.7731321385916798,1,0,1.19069166712064,16,COMPLIANT
0.6338093253307526,0.2120678071786602,0.4843554543837071,0.4862228343056175,8,2,1.1481105877909719,4,NON_COMPLIANT
0.9141402000555006,0.9721272757407372,0.9473983486865323,0.9840701553672316,1,0,0.9096948058334857,13,COMPLIANT
0.876268471019553,0.9836382307206233,0.8830756395153471,0.8045518836380431,1,0,0.960976501739282,6,COMPLIANT
0.8924328864679547,0.994743460035276,0.8536309066633795,0.8371506173607114,0,0,1.0249319608512875,18,COMPLIANT
0.9399828682079162,0.9847705335484862,0.9738187488694428,0.76400057723475,0,0,1.1313853887296128,3,COMPLIANT
0.239641782820349,0.6727407416121811,0.39553535482385294,0.4608425862873252,9,1,1.4710291312450998,4,NON_COMPLIANT
0.9747051559332955,0.9921162752374967,0.905986173456885,0.9079971700990472,1,0,1.0864047866451687,17,COMPLIANT
0.9447062989072377,0.9713199178400811,0.9322217804092033,0.7936617964740824,0,0,1.0167058701210636,16,COMPLIANT
0.3776614400020998,0.485201087074207,0.3199476010127913,0.3274057653563557,6,4,1.2748599036508586,6,NON_COMPLIANT
0.8729385019023141,0.7006670420023215,0.8128329901258207,0.7093402632164199,4,0,1.0554681614208752,6,PARTIALLY_COMPLIANT
0.9254175162770021,0.9572218242077538,0.9163099319677113,0.8335261630216408,0,0,0.9418569161953565,3,COMPLIANT
0.8226459770648631,0.7850272341257172,0.5625471423264131,0.6047276414186668,3,0,0.6494350485920166,9,PARTIALLY_COMPLIANT
0.9561921740051783,0.9778712372335071,0.8884031759592269,0.912706987622332,0,0,0.797554410012105,11,COMPLIANT
0.36067976243898775,0.6716896248725532,0.11897524313044075,0.16035121872984182,8,1,0.903075542700228,8,NON_COMPLIANT
0.38239611845448684,0.5053616989028593,0.2266354478337351,0.114193362058279,9,2,1.3964844936811716,8,NON_COMPLIANT
0.9996538923885765,0.9876201560019411,0.9560470691865188,0.9446429847626878,0,0,0.7167662173678897,4,COMPLIANT
0.9731875231839556,0.9772315435553568,0.8616784779413155,0.9888620478595169,0,0,1.068940207584371,18,COMPLIANT
0.4059579014406996,0.7154572099152596,0.14865092439895042,0.41583717525588715,7,1,1.1953897509239715,0,NON_COMPLIANT
0.7559098459220152,0.8404388631360975,0.7311236649899396,0.6916923935381076,1,1,0.775494452052216,8,PARTIALLY_COMPLIANT
0.9844422328245682,0.9702245532225955,0.91834384230328,0.9264397627592462,0,0,1.010753655569042,13,COMPLIANT
0.5903519409592601,0.9319106763771488,0.7873997320240236,0.4786674506713747,4,0,1.0994323206266157,7,PARTIALLY_COMPLIANT
0.8891273868943134,0.9504543517475608,0.9472446290948202,0.8777734553680995,1,0,1.1223987905940729,9,COMPLIANT
0.9580054804819111,0.9820573816442648,0.954092266670065,0.885681110836899,0,0,0.9995146823886631,13,PARTIALLY_COMPLIANT
0.8680671009994848,0.9792271556629729,0.9953982718426269,0.8444598034317967,1,0,0.9333640468839752,3,COMPLIANT
0.39877512104761825,0.6054977796391967,0.29769623891856367,0.11279860883707858,8,4,1.2374111625395465,1,NON_COMPLIANT
0.5978738788370674,0.7064738608498491,0.304619198523731,0.21337834380217818,6,4,0.979091921049229,6,NON_COMPLIANT
0.2992807587396144,0.470549683065677,0.31001735333164104,0.4674293919538438,6,1,1.4369837148359623,3,NON_COMPLIANT
0.932004449244451,0.9919910176101744,0.8691228520210369,0.9500515869208948,1,0,0.9032952686797361,8,COMPLIANT
0.9288718898309986,0.9755840693290756,0.8748442520542398,0.9114351275239031,0,0,1.145048517591904,3,COMPLIANT
0.8889719813117551,0.9880144911561067,0.8705664558593499,0.883827532863148,0,0,0.8617501974557369,15,COMPLIANT
0.3037918133833802,0.2468821637878847,0.25688348814421924,0.3631388955685435,6,3,0.8638327102683854,7,NON_COMPLIANT
0.3371875358501386,0.3218239799386425,0.44924040486409444,0.44136108887235137,3,1,0.5702876140299187,2,COMPLIANT
0.5278702159984876,0.730564474395085,0.49134138027823315,0.21945137482715307,3,3,1.1722411933965522,3,NON_COMPLIANT
0.4734370976078594,0.4492774906875002,0.3861346761708887,0.1808329850960816,5,1,0.6868807120505552,0,NON_COMPLIANT
0.9589137000583993,0.9987926039731267,0.9274450522451793,0.8307391182353114,0,0,0.8994104507223972,7,COMPLIANT
0.3133730955841011,0.21223756902237387,0.16790355278459615,0.36364589675990466,8,1,0.6114621395835168,9,NON_COMPLIANT
0.4029673382665919,0.5719292259048876,0.2333785641202408,0.12953856707010514,3,1,1.4138230287952627,4,NON_COMPLIANT
0.8688423419734354,0.9655503501835443,0.9828883171665137,0.9437321180764887,0,0,1.0809671878715486,8,PARTIALLY_COMPLIANT
0.8549517903850491,0.9976968376263204,0.8814877068622077,0.9472317559872199,0,0,0.787945141709331,14,COMPLIANT
0.9452985020062481,0.9598243483478105,0.8817618793078629,0.7603743313774766,0,0,1.1182654453804517,8,COMPLIANT
0.9255355111605332,0.9900821294915684,0.9162301015568345,0.8726533939745498,1,0,1.1482521254794973,8,COMPLIANT
0.9891511812249278,0.9974914602743183,0.933223869475496,0.8352550430640084,1,0,0.7389969332047045,3,COMPLIANT
0.9427579013999631,0.9691230995633581,0.9974846328710183,0.8666907233119949,0,0,1.0037724259507192,11,COMPLIANT
0.3314036222617055,0.5469455254465911,0.10231082751700335,0.34173064491875926,8,4,1.0302931534646738,9,PARTIALLY_COMPLIANT
0.6356763316602987,0.7123618591698367,0.7970634451978322,0.4034859094215062,2,1,1.0268840808978474,2,PARTIALLY_COMPLIANT
0.2942281215852461,0.7280101299142205,0.3282436783301417,0.3281568536227052,9,4,0.7529190767638642,7,NON_COMPLIANT
0.8087428027540466,0.8995505334953318,0.5709942779282381,0.5068093257158658,2,1,0.7709703798820632,6,PARTIALLY_COMPLIANT
0.28692434500479697,0.6607985749455622,0.1317009949699032,0.21948036053775488,8,4,1.1956277454030246,8,NON_COMPLIANT
0.3402151718030467,0.72962686489995,0.169631134944173,0.11750162438478245,4,4,1.2750269096336884,8,NON_COMPLIANT
0.8028106620528839,0.7327962759801996,0.7073661266472652,0.6352883750259747,4,0,1.1926500732080183,5,PARTIALLY_COMPLIANT
0.6290308758133942,0.3714739330788662,0.2547135155996454,0.2931071591523817,9,3,0.5013659258750852,3,NON_COMPLIANT
0.9854243960553947,0.9925214743839464,0.9121490521030311,0.7780965123305652,1,0,1.0008433043102325,8,COMPLIANT
0.9573977040312586,0.9803662208396533,0.8632867509454966,0.9192180689568941,1,0,0.946046005175049,15,NON_COMPLIANT
0.912051801847789,0.9826486460953969,0.9369428645842205,0.7555546205063951,0,0,0.7492120945506844,5,COMPLIANT
0.7120913118826577,0.739402837265717,0.7066092036717666,0.6600506714823318,4,0,0.7359093398452959,6,PARTIALLY_COMPLIANT
0.73567713503134,0.8390928741113528,0.6729096225034041,0.543458239400992,1,1,0.7845077165291306,3,PARTIALLY_COMPLIANT
0.22130473904724798,0.25731354064581824,0.1711487893989921,0.10076628247159963,3,2,1.0772786803783747,7,NON_COMPLIANT
0.8435021832299987,0.8854458327224257,0.8257929610459687,0.4579319074617184,4,1,0.7408262408640005,12,PARTIALLY_COMPLIANT
0.8263948006104302,0.7261895648846245,0.7927084562554851,0.5428675786360964,1,0,0.6847250689398222,4,PARTIALLY_COMPLIANT
0.5869539495165499,0.9478504657624028,0.5854478872824173,0.46949334123798253,1,1,0.8411187019337459,4,PARTIALLY_COMPLIANT
0.877510802291461,0.9715830107071891,0.9726347994316895,0.9607374982847767,0,0,0.8053533325374531,3,COMPLIANT
0.3571199306605334,0.3600227340536709,0.40074647648747064,0.4101315923813703,6,4,1.1300731498609493,6,NON_COMPLIANT
0.8713382859665223,0.9656581600914889,0.9774301323231852,0.7722474287140867,1,0,1.1172858951278137,14,COMPLIANT
0.8737969671463737,0.9560082323902821,0.9012819500074603,0.7729497664533604,0,0,0.720364401159485,16,COMPLIANT
0.9152521891510335,0.9646327548833704,0.9318141925317569,0.7833540838808017,1,0,1.1995247490518224,3,COMPLIANT
0.6471643760364668,0.8425940500872059,0.5876779525600422,0.5089218757649078,4,0,0.9458781906705052,2,PARTIALLY_COMPLIANT
0.4584264339022908,0.6933515369077415,0.541046489374497,0.26987406338890196,6,3,0.6611228967158337,8,NON_COMPLIANT
0.6416914474974812,0.9448626907782058,0.77903385125798,0.5056227280976968,4,0,1.2797402459208997,3,PARTIALLY_COMPLIANT
0.9270933170036062,0.9845061558841004,0.9756174392625192,0.8307474207942172,1,0,0.8604985228204489,13,COMPLIANT
0.27690335669546706,0.5084066079394002,0.39338864411157504,0.3649000285522601,3,3,1.1009573106720043,3,NON_COMPLIANT
0.8661121488154333,0.955058190575877,0.8516998889806731,0.8871585762986459,0,0,0.8223577985118504,13,COMPLIANT
0.8657897743720637,0.9786341407928345,0.9250871334172448,0.9638972235188908,0,0,1.0152943486542716,15,PARTIALLY_COMPLIANT
0.8262630536264073,0.7792721968185313,0.7988170857006922,0.6809206475600118,1,0,1.0370947928209098,7,PARTIALLY_COMPLIANT
0.8007714521664014,0.7569026446604431,0.8455598937737314,0.595960154644358,1,1,1.0920586720148084,14,PARTIALLY_COMPLIANT
0.9166661436507249,0.9570808622493309,0.8653744493783819,0.8838662374142385,1,0,0.926107550050859,5,COMPLIANT
0.24916975010970382,0.4293437318059278,0.4821436159186082,0.2579899998178069,8,1,1.25861548405086,9,NON_COMPLIANT
0.9579687180032029,0.9933466734175942,0.9180920272162536,0.9553579979106483,1,0,0.7358879031132565,16,COMPLIANT
0.7282906543358396,0.881327643885175,0.6745185621431993,0.6129718802972659,3,1,0.7160346173353497,13,PARTIALLY_COMPLIANT
0.8269695334068727,0.8434568933959643,0.5928572295421466,0.633641895317018,1,1,0.8117835967991671,2,PARTIALLY_COMPLIANT
0.9791095874884514,0.9503476065265595,0.9266120953866348,0.8543527507871947,0,0,1.0462180164451351,12,COMPLIANT
0.9024906780356071,0.9891212906106394,0.9988771930242957,0.8101676286892883,1,0,1.1808079035230827,15,COMPLIANT
0.9446707938995894,0.9897405651770824,0.9253955639657788,0.8942259711565897,1,0,1.1320837825359515,18,COMPLIANT
0.2670903959279225,0.21217653961818025,0.2094173387938463,0.14298856158747253,9,2,0.6124979578138854,1,NON_COMPLIANT
0.4717422488955788,0.4237189387613014,0.18863214938795178,0.41495881586948824,7,3,0.5585317392753767,9,NON_COMPLIANT
0.32117803391391925,0.7496147117799241,0.39487642726605277,0.3724616289321785,8,4,1.1144489423161188,0,NON_COMPLIANT
0.9143477397761336,0.9600532576024973,0.9271301560014009,0.9340572206321376,0,0,1.1980788367493893,8,COMPLIANT
0.733481913259151,0.7673024797785994,0.7902185226979204,0.40230734186862865,1,1,0.899469650368157,11,PARTIALLY_COMPLIANT
0.9100534940259746,0.9973576468003177,0.9109694076928109,0.9429590088075275,1,0,0.7403348836955886,19,COMPLIANT
0.5788235466178654,0.8375738807957823,0.5949440052691118,0.6152269622710016,1,0,0.8580627156026684,9,PARTIALLY_COMPLIANT
0.6707112109606141,0.7087264647682773,0.6895745277415686,0.5357457848900464,1,0,0.668373441189985,12,PARTIALLY_COMPLIANT
0.9757232462482963,0.990140546741225,0.9941380220393237,0.8839837697130295,1,0,1.1767675489257543,15,COMPLIANT
0.4907316166721562,0.4601180249479432,0.12490614990160234,0.39669992198291015,7,4,0.7244946884024209,7,NON_COMPLIANT
0.8632187248976331,0.8685498437357151,0.5715633520691514,0.7264386658261758,2,0,1.2072851186392741,12,PARTIALLY_COMPLIANT
0.4473638997326717,0.4968251878653497,0.2862153402088087,0.32756192820184404,4,2,0.9896350142045546,9,NON_COMPLIANT
0.4188219098816349,0.3519024594590574,0.2988896086568239,0.20958773855024115,6,3,0.8869897868363888,5,NON_COMPLIANT
0.23421532848888554,0.6408296050034118,0.21678544902336858,0.2873719761981003,5,3,1.0859372296875067,9,NON_COMPLIANT
0.8787800987078114,0.966168578105776,0.8839984603340482,0.8387490764579844,1,0,0.9212049682403347,4,COMPLIANT
0.6421521628669116,0.4474028016448738,0.5236750140715443,0.22079209078157455,6,4,1.1596300245015665,9,NON_COMPLIANT
0.5366016420359911,0.2963588198309887,0.3122095795838208,0.14594242773407062,5,2,1.1174363798900693,7,NON_COMPLIANT
0.8792437407247946,0.975245572562507,0.9653120697043769,0.765486629644747,1,0,0.9331266407639176,4,COMPLIANT
0.7676385976066455,0.8503399018195885,0.691117476158968,0.606609610313774,4,0,0.6046165290343744,1,PARTIALLY_COMPLIANT
0.6530507722823091,0.8371595979238943,0.721912940694763,0.6061831365358034,2,1,0.7221574483572486,2,PARTIALLY_COMPLIANT
0.9773793477347978,0.9624834004429592,0.9234137445464711,0.8053023604549006,1,0,0.7257979033293549,17,COMPLIANT
0.34993102759438843,0.4126934299996903,0.3855098754521519,0.29196671931902896,6,4,0.8083234218197314,2,NON_COMPLIANT
0.7067798460120076,0.9128205530541327,0.7714791223641116,0.5008523211616813,3,1,1.352097514648426,4,PARTIALLY_COMPLIANT
0.22864849995845343,0.23621075819036638,0.1213723032623045,0.2636581687496149,8,2,0.7037224619305155,7,NON_COMPLIANT
0.3329403429244725,0.44886789122842363,0.3678151426524122,0.49687886125137337,3,1,1.0552795622244981,8,COMPLIANT
0.8535298741621148,0.9714811431948421,0.8918407114110215,0.7822936113107776,0,0,1.0897583507120316,17,PARTIALLY_COMPLIANT
0.5026301161838327,0.2243827379412548,0.21053293252360836,0.28227346660052655,5,1,1.2126210793483219,6,NON_COMPLIANT
0.4164781904057022,0.572326865661032,0.3548916828707921,0.4771861982740183,5,4,0.7297964551786,5,NON_COMPLIANT
0.6494364522296016,0.7440223219859634,0.7601665197479799,0.48822446039756007,4,1,0.82534348357962,14,PARTIALLY_COMPLIANT
0.9893717075817531,0.9693661258987657,0.859924778325166,0.7547888713878133,1,0,0.9155562025485025,10,COMPLIANT
0.3310553676184923,0.6274940386827674,0.26570424969991513,0.35627031655572916,4,2,0.9564542855523553,3,NON_COMPLIANT
0.8373932691412036,0.8087450494720112,0.754552367033849,0.49434659263836084,3,0,1.0211190366922187,9,PARTIALLY_COMPLIANT
0.777627946173406,0.8892486898724139,0.7623343130827684,0.578455919707241,3,0,0.7810434289209875,11,PARTIALLY_COMPLIANT
0.8474135671270164,0.7779946004119745,0.7861128705788363,0.44279549845247235,3,1,0.6970437636521308,14,PARTIALLY_COMPLIANT
0.9877682087408952,0.9793534112068284,0.8549270005365157,0.9781873657197822,1,0,0.7881934932531116,9,COMPLIANT
0.5032639433380415,0.41516189294293393,0.2998938737711242,0.4059558114444576,9,2,1.2256554636438663,4,NON_COMPLIANT
0.3005137463988514,0.3212142275192501,0.3299286238727279,0.2308972516000194,6,1,0.576489773254132,3,NON_COMPLIANT
0.6077835969648726,0.7299353555956727,0.4975524715013957,0.26313333157733854,8,4,1.4312569200955987,1,NON_COMPLIANT
0.5692337088540194,0.7441534231435307,0.6920518619540673,0.5683735167966157,3,1,0.9285409986261602,12,PARTIALLY_COMPLIANT
0.30887880927841876,0.7417243881090527,0.5516052531452339,0.31146937725350654,5,2,1.4012659650033024,6,NON_COMPLIANT
0.9736775604699894,0.9708854283486488,0.8609627636539225,0.8184165962303644,0,0,1.0489321976760722,9,COMPLIANT
0.37030309061779293,0.3807466420735265,0.33991009070372,0.44684070037514834,5,4,0.6009638112412011,6,COMPLIANT
0.9295531590592384,0.9508930946239159,0.9695196741796042,0.8235419933358694,1,0,1.1604239239078433,5,COMPLIANT
0.8947506615381248,0.9631512917871392,0.8745412631265568,0.840691783284369,0,0,0.9944051350781116,11,COMPLIANT
0.9982555850082356,0.9732638765637961,0.8587356746230412,0.8155685804537463,1,0,0.7514525441710003,7,COMPLIANT
0.938198744419575,0.971324987362093,0.9423131169731254,0.7703937314028415,0,0,1.0615358180248344,12,COMPLIANT
0.25124150117241417,0.48230859821257244,0.36054803449637685,0.48866019917264214,6,4,0.7878402930768019,9,NON_COMPLIANT
0.9181604731719929,0.9890094634241497,0.9996434233377078,0.7977830221122242,1,0,1.0440227785370644,19,COMPLIANT
0.9311899868014165,0.9981496001929497,0.9012808249058029,0.908155473283487,1,0,1.0768494170252596,6,COMPLIANT
0.9454266047062349,0.9892825809040116,0.867750428638508,0.8524762224240721,1,0,1.0736097938710187,9,COMPLIANT
0.7074838250232975,0.7305864377893314,0.632106550040491,0.44779842434615513,3,0,1.155697829952381,3,PARTIALLY_COMPLIANT
0.3253926532352683,0.4137371834911725,0.5532231592369123,0.44233585019796784,4,2,0.7381056274720788,5,NON_COMPLIANT
0.5708394254768347,0.6008434094606633,0.21455733387833828,0.4826540053910452,7,3,0.8326852973756406,2,NON_COMPLIANT
0.8912785317660213,0.9954793347526889,0.9450834192748663,0.7679766793291114,1,0,1.13641511707666,12,COMPLIANT
0.4398623771882159,0.6859171582845376,0.32472089912066415,0.1598742668402553,7,1,0.7796383280517268,0,NON_COMPLIANT
0.47225257390259406,0.5914244233137631,0.5133054831759833,0.47066542375778786,5,1,1.2405167995574546,6,NON_COMPLIANT
0.629733601736646,0.9013394175404439,0.7233812862260708,0.5979152460425876,1,0,0.854198051638502,1,PARTIALLY_COMPLIANT
0.553834467234786,0.5200330913403983,0.5167901594309816,0.20546544522790514,7,1,1.4263200487579697,8,NON_COMPLIANT
0.9069399034672498,0.9877530207408092,0.9508490214990462,0.8828002617048991,1,0,0.9059732743061317,14,COMPLIANT
0.8866267616691784,0.7594011242457565,0.5889626759852589,0.40014809499605336,3,0,1.0923245419422165,9,NON_COMPLIANT
0.574911879602287,0.8394261904766678,0.601604119065412,0.6898192405392456,1,0,1.1406278029369852,6,PARTIALLY_COMPLIANT
0.8651129265939365,0.9853761409489021,0.8546762363667881,0.9675491726230605,0,0,0.919520744410574,14,COMPLIANT
0.5427433950356753,0.516126935119749,0.4503992307790192,0.2671269807124497,8,1,1.0461259523689344,3,NON_COMPLIANT
0.8873938343723312,0.9705191461517815,0.9633326707814573,0.8071995413729056,1,0,0.999432733244268,4,COMPLIANT
0.33973830620390255,0.3982526629087134,0.3365825241170358,0.32467734994058994,6,3,0.6903212231560176,8,NON_COMPLIANT
0.5030997764463061,0.7039440911173911,0.5781043296838074,0.2814291657114997,7,4,0.8153153268542742,3,NON_COMPLIANT
0.9445871412374638,0.96098533951957,0.8530781222093987,0.9566545863756222,1,0,0.8776598742369438,15,COMPLIANT
0.8672719267592801,0.9941636800713112,0.9122238483282028,0.8468186028562104,0,0,1.008214088685935,8,COMPLIANT
0.3795958727168671,0.7034982527383042,0.2154267764677116,0.2027880310876578,6,2,1.3594657779705654,0,NON_COMPLIANT
0.4738421544109921,0.3879586691838013,0.2647128433313236,0.374883274452675,4,3,0.8221755053402015,4,NON_COMPLIANT
0.5943025105761077,0.6643795553799168,0.20259759225211668,0.4329356720354721,7,2,1.3637039037779055,5,NON_COMPLIANT
0.6529138985139997,0.8775608354818147,0.5403899503982899,0.5423832519748973,1,0,1.0983783101504765,9,PARTIALLY_COMPLIANT
0.9244773133345907,0.9561659245537646,0.9101455490032527,0.837677446998021,0,0,0.7524178736029956,4,COMPLIANT
0.6063736993637272,0.701591307859232,0.48408691334191967,0.3812428604396897,3,1,0.5846942115866972,9,NON_COMPLIANT
0.7236115114794952,0.7746709959535335,0.5417357189617414,0.5431766120981334,3,0,1.3507330204992494,8,PARTIALLY_COMPLIANT
0.9012798653197226,0.9992901829725153,0.9757913331300944,0.9521426335368476,1,0,0.7172156542866572,14,COMPLIANT
0.2308456095953743,0.42895746706342974,0.17802429886589952,0.20173388540241138,8,1,1.468525631511219,6,NON_COMPLIANT
0.8663664447648625,0.9825255823895858,0.9647786296833677,0.9814187077201779,0,0,1.1039229709706293,15,COMPLIANT
0.6710903707324591,0.8680563451367937,0.832861523662012,0.5699629112988964,4,0,1.132025409361705,8,PARTIALLY_COMPLIANT
0.3903576285974659,0.5705118198002971,0.316859813610077,0.22968955542368807,7,1,0.7029714270243962,1,NON_COMPLIANT
0.8101827077414656,0.9038957850588221,0.7401256043979518,0.5540022115097735,3,0,1.2337778777951427,10,PARTIALLY_COMPLIANT
0.7542642756493674,0.7106477384925782,0.8392325990434881,0.6470517213136897,4,0,0.8248434969390548,7,PARTIALLY_COMPLIANT
0.33586883365125764,0.29043968080889604,0.3128630974106267,0.11420437102822407,4,2,1.1653866237850319,3,NON_COMPLIANT
0.6485649231466055,0.5999065552425109,0.10763691903144237,0.19067609066740535,6,1,1.3086042521738348,6,PARTIALLY_COMPLIANT
0.5575737637308074,0.7582868259045216,0.7650569583672064,0.6051386875643473,3,1,0.8957494261896692,4,PARTIALLY_COMPLIANT
0.5761741395856794,0.9292938587810162,0.7595390479316716,0.517422272088446,1,0,0.8187071344910228,1,PARTIALLY_COMPLIANT
0.6111447729973145,0.7813512405823968,0.5698041179546269,0.6218353921804807,3,0,1.1370428104748131,8,PARTIALLY_COMPLIANT
0.4256736929912287,0.33622778314563073,0.4425806003070931,0.3817053147281383,3,4,1.3811700884741742,7,NON_COMPLIANT
0.9397281249907793,0.9800913174316523,0.8596751138029842,0.9931306239084154,1,0,1.1528783953182238,16,COMPLIANT
0.5782571982709297,0.6619495826088391,0.21818221035284766,0.2273140612465873,7,1,1.238265923412267,1,NON_COMPLIANT
0.9968436260561656,0.977774771205293,0.8784722954458234,0.8955458075231475,0,0,0.8732620839763591,14,COMPLIANT
0.8796535454671731,0.9659408661436502,0.9390244623732777,0.8025294439850537,0,0,0.7550711414594832,16,COMPLIANT
0.3727781596051125,0.5866896120489302,0.580504424455411,0.1609496253661812,5,3,0.9207060703931986,4,PARTIALLY_COMPLIANT
0.4243283599358456,0.5387095335054377,0.26743814673976685,0.37127171736482667,9,2,0.9376523647244223,7,NON_COMPLIANT
0.47855871228775304,0.34563143481261077,0.33270834521303705,0.45772037524291187,9,1,0.7269438767633317,3,NON_COMPLIANT
0.9497583983509946,0.9778289214251077,0.901409638814186,0.7836440667760269,1,0,1.162127137301558,17,COMPLIANT
0.5041346319322152,0.5997851309752287,0.2783681344460539,0.32852810062241394,3,4,1.4763129001106399,6,NON_COMPLIANT
0.9733971890790833,0.9605023668646034,0.9091125472765048,0.8291506087068532,1,0,0.9856069548073987,19,COMPLIANT
0.9255429906960402,0.9933539998579212,0.9929009299748613,0.8512149724045361,1,0,1.1164467974436147,3,COMPLIANT
0.7379038762897108,0.9276987326274871,0.796294012862891,0.444624904335195,2,0,0.9140209587342617,13,PARTIALLY_COMPLIANT
0.6002571861278285,0.613480899940719,0.10228443129538803,0.2631003498429363,7,3,1.394368232959732,4,PARTIALLY_COMPLIANT
0.8129015353830044,0.9333438747854921,0.6109756265672919,0.7287672555100454,3,1,1.2075892553506455,11,PARTIALLY_COMPLIANT
0.23754095399501912,0.49168444183268784,0.20731013733561124,0.23592237819830497,6,4,0.5272284123368484,3,NON_COMPLIANT
0.8695511085353608,0.9654634055749848,0.8675318140886409,0.9964646101027343,1,0,1.1357536067453173,15,COMPLIANT
0.2665266025376094,0.6676457449608311,0.22412905703649375,0.4735733803419897,5,3,1.2469617859648054,2,NON_COMPLIANT
0.21183249830077402,0.32339095250447053,0.5726481224686923,0.10550587733416,9,1,0.575601588894679,0,NON_COMPLIANT
0.5865940603528585,0.8531223767742708,0.7582835920885285,0.6685474053687769,1,0,1.1270288941447304,5,PARTIALLY_COMPLIANT
0.8536601172334807,0.9935049436950465,0.853190411627558,0.9686754181710499,0,0,0.8919819449598628,5,COMPLIANT
0.8635296001280945,0.7686592199542457,0.5955785076124614,0.505917799778661,4,0,0.8007139010830809,4,PARTIALLY_COMPLIANT
0.8651412438334598,0.9599505647207593,0.99997738667296,0.7505460357143122,1,0,0.7779257682757217,3,NON_COMPLIANT
0.3075929268439769,0.5467345555925115,0.5034058418740359,0.4865242835569651,6,2,1.2862182306426042,8,NON_COMPLIANT
0.24414246480844165,0.7365197740820808,0.1692533889125796,0.2363542897876738,3,1,0.5746794328167096,7,NON_COMPLIANT
0.24212348175607418,0.4345544963981476,0.21764195330161187,0.27934662095779045,7,3,0.9866326820448925,0,NON_COMPLIANT
0.8572118452729676,0.9741787292851933,0.852197069090873,0.9802859700452105,1,0,0.9503097661669655,18,COMPLIANT
0.5922405568066905,0.8569496619257594,0.5000415257187975,0.40641176991124034,1,1,0.6290039163532218,14,PARTIALLY_COMPLIANT
0.4229161357854706,0.5314489677138687,0.4391250302315688,0.4537829902242053,3,3,1.0753778193299905,1,NON_COMPLIANT
0.5687940157787811,0.778351390368639,0.5523011657497067,0.6030617294287869,1,0,1.2795234039737653,4,PARTIALLY_COMPLIANT
0.5728393161937522,0.914855647715326,0.803962869424329,0.5652272421380047,3,1,1.3824273511085479,9,PARTIALLY_COMPLIANT
0.901439029641739,0.9736984970715278,0.9032656454918957,0.912205710072894,1,0,0.7434601440437119,17,COMPLIANT
0.5669038217619964,0.36327731806802266,0.5879430940099326,0.3810365727727423,7,4,0.9760426469439403,9,NON_COMPLIANT
0.7016618215815139,0.8368444383749365,0.521724547847979,0.4314502713000164,2,0,0.6413623998725361,6,PARTIALLY_COMPLIANT
0.33253051494699515,0.31461861411889347,0.10606899840837944,0.4586362482501908,4,4,0.5614174416438201,6,NON_COMPLIANT
0.26597635030240874,0.2805892008797528,0.20171375107706876,0.21448015882599358,3,4,1.4157638641811174,4,NON_COMPLIANT
0.8954692533917993,0.9631556284955421,0.9040204611207279,0.7719106866909596,0,0,0.8195276660986328,3,COMPLIANT
0.9798260688840971,0.990853603547464,0.888685424056741,0.7927218968475165,0,0,1.1104307365766761,4,COMPLIANT
0.6498918516059946,0.911052396444058,0.6513387260647815,0.6900335002367579,2,1,0.8833968025513954,9,NON_COMPLIANT
0.8138781895544984,0.7275985585624833,0.6637308442130687,0.4248050952292058,3,1,0.7132416875816848,6,PARTIALLY_COMPLIANT
0.7111180310609574,0.7290043467807508,0.7355212385004417,0.5513565758618248,3,1,0.6309479666057533,13,PARTIALLY_COMPLIANT
0.9298437813927182,0.9551632504437524,0.8758785815419543,0.8919935743290202,0,0,0.980627839037462,11,COMPLIANT
0.9687195311334278,0.9801234915351728,0.9267457873778521,0.7652517857513488,0,0,1.1895757775503077,13,COMPLIANT
0.6295021810929312,0.7974065043395026,0.7122602214402409,0.6643686253263903,2,0,0.9499915526905063,8,PARTIALLY_COMPLIANT
0.4409286954608406,0.5893225601505013,0.20875203337022322,0.38479385839168645,6,4,0.7674813858487999,0,NON_COMPLIANT
0.7060130672868088,0.7610918071319266,0.684745369039111,0.4963402525555108,3,0,1.3450866937651673,2,PARTIALLY_COMPLIANT
0.5560860600239019,0.8012955259502402,0.8241796075720405,0.5236040407988882,1,0,1.1698901307542553,2,PARTIALLY_COMPLIANT
0.9843590088889259,0.9791633258906522,0.9200451999945416,0.8350926865764406,1,0,1.0704520280760357,13,COMPLIANT
0.8937122708014072,0.966808012887226,0.8962703818874029,0.7550114998831412,1,0,0.8991251174317063,15,COMPLIANT
0.7601655021375959,0.7643946956244998,0.6167099571860766,0.5545315437788028,4,1,0.8642139106583328,13,PARTIALLY_COMPLIANT
0.36606339037216906,0.5683893002760385,0.5691648892882593,0.13431643530481463,9,3,0.9440647373942519,9,NON_COMPLIANT
0.6453916767625603,0.9187473737561054,0.7683179328110701,0.5267625651453511,2,0,0.9279073047002164,11,NON_COMPLIANT
0.2359936810733135,0.5313492947399773,0.5253133224068066,0.11915920858696993,9,2,0.8944774409821187,9,NON_COMPLIANT
0.24264880462611696,0.5096330791973116,0.4808742484644426,0.41447623762606345,9,1,1.0255051431507942,4,NON_COMPLIANT
0.57757372485137,0.7692254224352344,0.5871144348176172,0.4820904352618186,2,0,1.3638713677412477,12,PARTIALLY_COMPLIANT
0.6202545370867862,0.40227606968484503,0.44300836798997745,0.3410465107738764,4,3,1.390416474155038,1,NON_COMPLIANT
0.3513506241596027,0.34959613694313163,0.5256361934510524,0.2576458304741842,5,1,0.6477485784141143,9,NON_COMPLIANT
0.29610053367305694,0.20733592465898196,0.5994707852842265,0.33263509318427587,7,4,0.7835654825146794,4,NON_COMPLIANT
0.9977287604143714,0.9877124129841041,0.9089792801541883,0.8976594584986595,0,0,0.8903448405804328,12,COMPLIANT
0.577045104193512,0.785816789268101,0.740492882125932,0.5745052005869242,1,0,1.201304634853814,14,PARTIALLY_COMPLIANT
0.9127544557643189,0.9857076573196086,0.9791848340890579,0.7886712120462153,1,0,0.9438594341576847,17,COMPLIANT
0.5553944695075999,0.33015395133504577,0.5744004148388178,0.3298312986122285,6,1,0.5895156997948855,6,NON_COMPLIANT
0.5755443088648193,0.9162922895358147,0.6505709437637894,0.6034525414269769,4,0,1.0478728764671934,7,PARTIALLY_COMPLIANT
0.894222585752015,0.9677274104414303,0.9346891121935482,0.8130806860659363,0,0,0.8294808025124876,19,COMPLIANT
0.40960350793098765,0.3228667165292638,0.5172744499574079,0.19145090345958918,8,2,0.9529795309181482,4,NON_COMPLIANT
0.3161919767766725,0.3223436256867565,0.17940794808678392,0.499654830486604,5,2,0.9055134972242816,1,NON_COMPLIANT
0.969072715586206,0.9829711481040999,0.9366710575376627,0.9665253863444587,0,0,1.1925872775453374,4,COMPLIANT
0.6020055996674908,0.8057058407224802,0.8374777973305474,0.5440007017354955,1,1,1.3716641486413221,8,PARTIALLY_COMPLIANT
0.41370603132393324,0.39084412525673584,0.41376824497268805,0.12108083783496677,9,2,0.5044794769197076,2,NON_COMPLIANT
0.5606989285716705,0.9424728354704408,0.8236481472159496,0.7273445569036767,4,1,1.3045988616593513,10,PARTIALLY_COMPLIANT
0.947530163859723,0.9576012426564323,0.8592024440666002,0.94519039651711,1,0,0.8058776753327391,13,COMPLIANT
0.6151119214799475,0.9336342454103008,0.8418919928130661,0.65891248158667,1,1,1.1046237864839457,1,PARTIALLY_COMPLIANT
0.5490056665142443,0.26850546361971916,0.4268662500630718,0.21828956198066987,4,2,0.7403739540314662,2,NON_COMPLIANT
0.6933067781695582,0.9190784924788772,0.6042929281317944,0.4041549713342758,3,1,1.1720610939022205,7,PARTIALLY_COMPLIANT
0.8201622512138391,0.8291636001821506,0.7133934093007445,0.653311234892725,3,0,1.142090540434089,14,PARTIALLY_COMPLIANT
0.6421274910034972,0.8775682121423124,0.7372688310461933,0.5236793108396128,3,1,0.6531926361398132,7,PARTIALLY_COMPLIANT
0.8920621067895419,0.8469421156515223,0.6784193857246672,0.5831046221004391,3,1,0.7654252474592961,3,PARTIALLY_COMPLIANT
0.5569062334839419,0.7293883154063594,0.7955279219245837,0.6957199297563886,2,1,1.3632126432953495,2,PARTIALLY_COMPLIANT
0.9248456675370649,0.9659131020692863,0.9841397677384621,0.911225726323089,1,0,1.089910442005034,17,COMPLIANT
0.6091284344328565,0.6972772597827517,0.5154231414541908,0.2626396646565002,5,1,0.8339563563444459,1,NON_COMPLIANT
0.5937537870314453,0.7360050895129249,0.8118001650776994,0.7458028149967859,3,1,1.05758614827521,13,COMPLIANT
0.8551973308989966,0.7626655086778668,0.8003624352087202,0.5741733741431921,1,1,1.1663136245583465,10,PARTIALLY_COMPLIANT
0.52105800559721,0.47914348380620947,0.43449933855650213,0.1443746090062711,7,3,0.8922195535122204,4,NON_COMPLIANT
0.618014223855821,0.9434838935261068,0.6265758647142569,0.6104816740051062,3,0,0.9052607352417453,8,PARTIALLY_COMPLIANT
0.5904690265022947,0.35628230468952427,0.49150426996908003,0.36839779281132645,5,3,1.1034992949717009,4,NON_COMPLIANT
0.9398268100119158,0.9600549363721333,0.9385348988726339,0.8519082144949139,0,0,0.9455478646915825,6,COMPLIANT
0.5685405171161353,0.913900656763507,0.8245427045724452,0.43170487514113565,3,0,0.6658348328143808,7,PARTIALLY_COMPLIANT
0.8404851282046638,0.7386037360849981,0.7879734777031588,0.5891029849353282,2,0,1.08789498798843,7,PARTIALLY_COMPLIANT
0.34422652715318214,0.43438052455427606,0.27089405274061296,0.3702069279461,9,3,0.8508382314944541,6,NON_COMPLIANT
0.47426006139791277,0.48360302707043046,0.563235602279829,0.3084318784416066,8,2,1.009228813848111,3,NON_COMPLIANT
0.8570448950162582,0.9583141684378039,0.9607050424639556,0.7706996669812816,1,0,1.0854929627677392,13,COMPLIANT
0.7130195684242746,0.8280079046728723,0.547921588398482,0.5193559825917211,2,1,1.0214151258155935,1,PARTIALLY_COMPLIANT
0.6240146120174113,0.7664365940466653,0.5331906535954355,0.5213999538251114,4,0,0.6275229021714356,14,PARTIALLY_COMPLIANT
0.8931647792240749,0.8234617536853903,0.5033951242230648,0.4490156842469802,1,0,1.3537869755929328,5,PARTIALLY_COMPLIANT
0.6645667690124405,0.9463394024436848,0.6288588000896329,0.5843537557658262,2,0,0.9928358574179017,9,PARTIALLY_COMPLIANT
0.5983367113798193,0.2598994183977686,0.23299019569669663,0.4332437669678545,7,1,0.775370724121671,1,NON_COMPLIANT
0.24505566442394167,0.22282031992436413,0.23270294379745324,0.17155149555305704,9,4,1.346966541707633,4,NON_COMPLIANT
0.3227259064818905,0.5619543866441268,0.28208393144135635,0.3809976650649959,9,3,0.967658124188041,0,NON_COMPLIANT
0.9183074703220911,0.970748021803984,0.9595738716223449,0.783838858743321,0,0,0.7757161571849815,12,COMPLIANT
0.7111845658977317,0.8201551834041609,0.6962491087029614,0.6862568232608315,3,0,1.3798980267449943,13,PARTIALLY_COMPLIANT
0.6104285723376937,0.27818493026042446,0.2056579794834225,0.34216663374069967,9,1,0.7985033905470489,4,NON_COMPLIANT
0.6079045740066072,0.8622973211591233,0.5854838138308616,0.7162540448555745,3,0,1.289125745243345,4,PARTIALLY_COMPLIANT
0.4885934960734347,0.22564801950358576,0.49508356862261016,0.18980841405485244,6,4,0.5935156824693734,7,NON_COMPLIANT
0.9659234170025207,0.9615026841515717,0.8697002689614067,0.9670135806330732,1,0,0.7755289458904501,17,COMPLIANT
0.9290722572437897,0.9867113900593042,0.8582664459911,0.9719682329628325,0,0,0.8431121536199971,5,COMPLIANT
0.3138115675239945,0.608198471062336,0.1273131443832423,0.3524982883046477,9,2,1.2689094395474751,5,NON_COMPLIANT
0.8756404603631273,0.9709072394081399,0.963592446741325,0.9744911617119472,0,0,1.045202860955536,11,COMPLIANT
0.7402954968757212,0.8179132003320971,0.5941165065965185,0.4196101966371198,2,1,1.2256809803872852,8,PARTIALLY_COMPLIANT
0.36834731073033794,0.5637366196137205,0.4260554286093641,0.44414013392342266,4,3,0.9299397477851188,6,NON_COMPLIANT
0.5124778685040343,0.34768937462734284,0.5564205794779279,0.21923162950527797,3,1,1.3277621636516335,4,NON_COMPLIANT
0.713822911149181,0.7543710884657444,0.6169862309549959,0.7359451993584815,1,1,0.7117619426335217,8,PARTIALLY_COMPLIANT
0.2252501653338831,0.5337887749609642,0.3650819219507144,0.3083063928555887,7,3,0.5444566144266847,1,NON_COMPLIANT
0.973677107034525,0.9678900675464135,0.8983142053329003,0.9943665965786964,1,0,1.0447324845686328,17,COMPLIANT
0.32576294178060994,0.6653477739748018,0.13007544187018763,0.4812002393198286,5,2,1.2878827550354455,6,NON_COMPLIANT
0.48288404700600185,0.7045738093510117,0.25823726581892914,0.18685766313596752,5,3,0.6304623614197261,8,NON_COMPLIANT
0.789760482244216,0.7494419069043796,0.7867711520526198,0.718879796050917,4,1,0.8417484079995334,14,PARTIALLY_COMPLIANT
0.9624318226703332,0.9879338195055503,0.9517568234282713,0.9390661644728632,0,0,0.8528021077451073,7,COMPLIANT
0.9140657568040514,0.973755017034586,0.9846932824277529,0.8812623350613462,0,0,1.009145399377394,4,COMPLIANT
0.9194759075127013,0.9617326720887924,0.8954791089191569,0.8224925297359023,1,0,0.9600849461553755,15,COMPLIANT
0.8653318996337799,0.9959375261130373,0.968512695568613,0.7557556511969094,0,0,0.7762695214571307,11,COMPLIANT
0.3420954016513268,0.6717059167822028,0.548779204943082,0.34406123355965545,7,1,1.2128396881493004,4,COMPLIANT
0.921891839286443,0.9807871010971121,0.8993526156721993,0.8675456481741662,0,0,0.7910589578443497,14,COMPLIANT
0.5260587759885744,0.5127572998984528,0.270420927539034,0.39034973739811396,4,2,1.119094442193602,6,NON_COMPLIANT
0.9620946336339785,0.9523956933956667,0.9922780491270873,0.9277900218819415,1,0,0.8547347745443004,14,COMPLIANT
0.5622495944423951,0.8751644572219635,0.5080225506023729,0.7018068328018348,2,0,1.1547692632505338,13,PARTIALLY_COMPLIANT
0.7372054645155643,0.9191495297087546,0.819369768980629,0.4930909226289393,2,0,0.6564039644546058,14,PARTIALLY_COMPLIANT
0.6477613451721485,0.9328525819482649,0.7391676984480748,0.4918611089902392,2,0,1.286070140609921,10,PARTIALLY_COMPLIANT
0.7675703523151247,0.7320574868259435,0.592813306295613,0.6923359417083008,3,1,0.8414712961980123,2,PARTIALLY_COMPLIANT
0.50505857288068,0.40460684263028346,0.5340577866117402,0.3937092535503466,3,1,1.186888311836002,8,NON_COMPLIANT
0.5741966675361213,0.7368411005387278,0.7429793856145965,0.7124102764046392,1,1,0.7597828152979239,7,PARTIALLY_COMPLIANT
0.48935795708630103,0.518092405646499,0.1134332610979116,0.4998393528800079,7,1,0.8951480082336537,1,NON_COMPLIANT
0.985217024430757,0.977871463963216,0.9802714226804154,0.9586072799764356,0,0,1.0070844251594462,3,COMPLIANT
0.7414207024737776,0.7467880481497324,0.5114184774922331,0.7310409098905544,1,0,1.1619169140323415,14,PARTIALLY_COMPLIANT
0.30377889616412246,0.690147393538943,0.2023602032086844,0.45169626700660415,8,2,1.4344004323485264,0,NON_COMPLIANT
0.8225361327129546,0.8409811144802408,0.6408593123976394,0.7384555960796405,3,1,0.924205424457686,6,PARTIALLY_COMPLIANT
0.4726400813803498,0.4107072917643277,0.15083844821549594,0.3329900270216426,4,1,1.1802726189658028,0,NON_COMPLIANT
0.5557879935962349,0.903698000408974,0.6257176908362135,0.6031463580230515,3,1,1.20968677335795,5,NON_COMPLIANT
0.8654824973318499,0.979251758435933,0.9232813699660386,0.8810490677658268,0,0,0.9336304980037513,7,COMPLIANT
0.815846641869868,0.9132459922575341,0.84049981164862,0.4933296672463766,3,0,1.0908223073308583,14,PARTIALLY_COMPLIANT
0.6979738191979614,0.7164475605041063,0.7833939279712057,0.7334600055942646,3,0,0.6265501041800011,6,PARTIALLY_COMPLIANT
0.9836800109595404,0.950681701195291,0.8984089859089958,0.8885891703040922,1,0,0.7064487348947627,10,COMPLIANT
0.9188873337948801,0.9666854305569511,0.8714300226882911,0.9127221182372132,0,0,1.184954926080997,14,COMPLIANT
0.8423260412130691,0.7524347484846414,0.6149080486252692,0.7045167988122372,4,0,0.7955515567773546,11,PARTIALLY_COMPLIANT
0.8771177725843569,0.9634398807515099,0.8797966865346109,0.8117142568989333,1,0,0.9179975902852928,15,COMPLIANT
0.5024168204230358,0.46043818073347886,0.20072747633951468,0.45545727235763456,8,3,0.6689929248783747,7,NON_COMPLIANT
0.3456759039441088,0.7443310772825873,0.16696374658282745,0.404213595203878,8,2,1.0117949942754185,3,NON_COMPLIANT
0.579821134415539,0.7218728075977912,0.3692727210700655,0.4719976729678622,6,3,0.764559127995585,2,NON_COMPLIANT
0.8610612416630747,0.7675005111951451,0.7337778605918228,0.6822243482777564,4,1,0.7619740336766,2,COMPLIANT
0.24299284047378975,0.3067009979283672,0.5233835997633318,0.328411356500181,7,1,0.68747933083192,8,NON_COMPLIANT
0.5119341517043274,0.5087969595210526,0.28348818669822506,0.11775560048276718,3,1,0.9989128732895759,4,NON_COMPLIANT
0.5527723859130941,0.7115927930562229,0.46614713307004363,0.4104377144873298,6,1,0.7049576622322806,9,NON_COMPLIANT
0.5742745064719337,0.31632862338754936,0.4201096021835026,0.11609634336735214,7,2,1.2135270327045973,4,NON_COMPLIANT
0.9645415719421238,0.9723666213333093,0.9684796931553308,0.9045865767613643,1,0,0.7314287437361904,17,PARTIALLY_COMPLIANT
0.5704470428199723,0.6282152962768518,0.34996051370560033,0.18507489020495008,5,1,0.6562583176576456,4,NON_COMPLIANT
0.8361066776774336,0.7516106730322671,0.6846043659452224,0.4714030227787685,2,1,0.9429729406782902,8,PARTIALLY_COMPLIANT
0.7049975691163237,0.7796173564005763,0.7531303105119371,0.6805619868145651,1,0,1.0704689966837582,1,PARTIALLY_COMPLIANT
0.6729268707336494,0.7784698433709412,0.7394733847059296,0.4754401497865909,3,0,0.9683414578932812,7,PARTIALLY_COMPLIANT
0.924444268825096,0.9772230666074584,0.8752660826697872,0.9401161515690166,1,0,0.7880413165158581,3,COMPLIANT
0.6482518265868106,0.3661941948179084,0.5392429238784552,0.3412217071729927,6,1,0.7225731112886351,0,NON_COMPLIANT
0.3757035869124456,0.36954426965598713,0.4623105193293654,0.296690715665988,5,2,0.7266682313623034,3,NON_COMPLIANT
0.7222273652874762,0.7984860661726461,0.7139610854685785,0.415567016081106,4,0,0.9612370887784452,3,PARTIALLY_COMPLIANT
0.20065264246600722,0.32878752978099707,0.14475032044775324,0.13695396279849767,6,4,0.7139763356390648,7,NON_COMPLIANT
0.42044889813039626,0.5088666551443188,0.30782078332391516,0.1287927748225715,5,2,1.2906273393830772,6,NON_COMPLIANT
0.6874625642385486,0.789139055922089,0.7914995330162724,0.41552140168376045,1,1,1.3873403880920616,8,PARTIALLY_COMPLIANT
0.8722540505934275,0.9586043016226313,0.9818153874689372,0.8895880787660284,0,0,0.9163857421709094,6,COMPLIANT
0.8811675131442537,0.9793848509143773,0.8668546722923478,0.8329966178581757,1,0,0.7363674738893342,17,COMPLIANT
0.8965865523326181,0.9807863026722586,0.9536427049401934,0.851037107944264,1,0,0.7601354815643033,12,COMPLIANT
0.3184539522793745,0.4430408705816578,0.42102662382794476,0.30033250651464083,6,3,1.4398559588938638,6,NON_COMPLIANT
0.4006245759528051,0.46709803726199317,0.21890013069451483,0.2532043502484529,7,3,0.8505711496378131,9,NON_COMPLIANT
0.9268753973155497,0.990320180861642,0.9188859816395437,0.7629891443885671,0,0,0.948627965157344,9,PARTIALLY_COMPLIANT
0.9670521794110238,0.9836850866771079,0.9651248245886058,0.8268824488726141,0,0,1.008552972214328,13,COMPLIANT
0.8496997948163668,0.7280957437321773,0.6217082424457605,0.7067473302615724,1,0,1.1642901527173455,9,PARTIALLY_COMPLIANT
0.6941978963222605,0.8447291331481793,0.6374446896756295,0.6022075195562947,2,1,0.9103617349239136,10,PARTIALLY_COMPLIANT
0.9882270087861127,0.9906038805504339,0.9737817056889446,0.9487645044015328,1,0,1.1484976446822055,16,COMPLIANT
0.20643827827097994,0.6892952184490065,0.34495805580224737,0.31731586201612993,4,3,1.0427447194574935,3,NON_COMPLIANT
0.9989731155385241,0.987915130860526,0.9690448621383372,0.9041152195571993,0,0,0.8353373029826446,15,COMPLIANT
0.5911117254787345,0.8723911027629911,0.6430952816037738,0.47215115609805747,1,1,0.7077273291075654,5,PARTIALLY_COMPLIANT
0.9946648269351971,0.9858935290275964,0.9988938322679305,0.9245844928198507,0,0,0.8750932621659805,16,COMPLIANT
0.38463752610196184,0.4775435756124337,0.28344783093268755,0.39950932872872313,4,4,1.3828853066451843,7,COMPLIANT
0.6349801745718937,0.4077896294111242,0.39492095594410914,0.1565429499553515,3,1,0.9327798722589025,5,NON_COMPLIANT
0.9852228776651124,0.9635191617655328,0.9705312665239642,0.9989010504508765,1,0,0.7505442970871075,17,COMPLIANT
0.8801544390359783,0.8319430522672192,0.6890102172912407,0.5613617488342342,1,1,1.0500096953082532,12,PARTIALLY_COMPLIANT
0.7372164302339256,0.7871272874455213,0.5462233837691642,0.4930633347095417,2,1,0.6255078361668737,11,PARTIALLY_COMPLIANT
0.29591231391156947,0.3050152313929211,0.43036448507458713,0.19713772120017908,5,4,0.5109069953177948,0,NON_COMPLIANT
0.8707277873598385,0.801510977274781,0.7370813713553876,0.6547145010650046,2,1,1.2458514406152417,8,PARTIALLY_COMPLIANT
0.45835494219830986,0.5814801225657091,0.4389642112307093,0.4282803345144254,9,2,1.1588180982080534,9,NON_COMPLIANT
0.7806033334227077,0.8617778152435236,0.5115682682078039,0.4003960162923046,1,0,1.0139210318599727,2,PARTIALLY_COMPLIANT
0.6352415551289871,0.5638863230796158,0.5524976129861624,0.17150340138842574,7,4,1.4086616698450505,4,NON_COMPLIANT
0.8457875546518943,0.8505385765316136,0.6588765366100466,0.5427773798690038,2,1,0.6386711233424743,12,PARTIALLY_COMPLIANT
0.7002624696886728,0.9415140331912997,0.7114381154027964,0.6622327157108635,3,1,0.6065785051111132,2,PARTIALLY_COMPLIANT
0.8694936003678913,0.723138861465257,0.7525909369298572,0.4491740602012806,1,1,0.7972939381525391,8,PARTIALLY_COMPLIANT
0.555637876492268,0.7292612681765815,0.5647241065704861,0.4397555610825362,2,1,0.6462305576158913,6,PARTIALLY_COMPLIANT
0.6103222688195713,0.6985751520823739,0.17574252730603743,0.25382957856209987,9,2,0.5331974085650105,6,NON_COMPLIANT
0.47800086728926744,0.3229404342328421,0.21992163925476918,0.44464120550929187,8,1,0.8987041284279318,7,NON_COMPLIANT
0.43957792784059324,0.3108873393364086,0.32219656351456527,0.49219473677880576,9,2,1.4570164331348332,8,NON_COMPLIANT
0.7271808626318081,0.7064080624711055,0.8236616165525266,0.6981428830866266,1,1,0.7597189135648184,3,PARTIALLY_COMPLIANT
0.8722089639233245,0.954934261387996,0.9369708017750195,0.9069659565005254,1,0,0.9321751249410708,19,COMPLIANT
0.8951449479447432,0.9592022386025106,0.9634676631983368,0.86853948646977,0,0,1.0478974834703727,7,COMPLIANT
0.3379059791077028,0.6212262928163446,0.25287941157784943,0.26336748299947704,3,4,0.58022429180103,4,NON_COMPLIANT
0.5395687393510065,0.578891209417846,0.16660929702006164,0.3008258328006271,6,3,0.7187806822626936,5,NON_COMPLIANT
0.7565407478205648,0.7745104245867286,0.5122727321565516,0.41303885821496866,3,0,1.025458808648644,12,PARTIALLY_COMPLIANT
0.7623687271896941,0.7827379797391625,0.6785902374200314,0.4455749449150471,3,0,0.7392513099258466,12,PARTIALLY_COMPLIANT
0.3677042429731271,0.6033230636962483,0.3027357364434894,0.3510426885328255,3,1,1.0482159106549207,8,NON_COMPLIANT
0.8099858417020661,0.7194957082474958,0.6985689753491274,0.5501754686092512,2,0,1.259569247274351,12,PARTIALLY_COMPLIANT
0.8852367633346407,0.8010781078049396,0.8063651789232678,0.4662746796882328,2,0,1.1368899986995487,6,PARTIALLY_COMPLIANT
0.339840473691601,0.30455174932844487,0.3377419030916434,0.12761376671906663,7,1,1.0183582663019335,4,NON_COMPLIANT
0.4792486963676965,0.5662810900688684,0.490914637571656,0.1731200120982524,5,2,0.9483363414581806,9,NON_COMPLIANT
0.6596633312518771,0.8495352663426332,0.6526874690984357,0.7432951788783645,2,0,0.7358341116407578,13,PARTIALLY_COMPLIANT
0.9589284225793158,0.9920912682182631,0.8948519019414019,0.8291495151026422,1,0,0.8387133674004895,18,COMPLIANT
0.6521683648266203,0.8224225105402203,0.5386520299580507,0.5650554732607034,4,0,0.9031059036409879,3,PARTIALLY_COMPLIANT
0.989723558037839,0.9954205053634285,0.9671935971108538,0.7548503114045538,0,0,0.9540844031719815,18,COMPLIANT
0.953601965672201,0.9798388209980845,0.9252363549876923,0.994046743747021,1,0,0.7983267924764793,11,COMPLIANT
0.45444923008180327,0.6384636144383179,0.3190523948237881,0.4840233103059094,3,4,1.2445671952103163,6,NON_COMPLIANT
0.8880978098429142,0.9408873998477126,0.6553003441920838,0.6782806112310908,2,0,0.8190740152794073,14,PARTIALLY_COMPLIANT
0.3415450225425153,0.32525916690873036,0.3033702769205574,0.10969034496511974,6,1,0.8870142659661245,0,NON_COMPLIANT
0.3607892612336226,0.3848033897043468,0.3493696654061691,0.3809998292876309,6,2,0.8925707204031583,7,NON_COMPLIANT
0.50154805807502,0.6178823666602227,0.15950269535913128,0.2892403445960363,7,2,1.3940975279890293,5,NON_COMPLIANT
0.8301435221637863,0.8210920378356644,0.7008519708869275,0.451584143659072,3,0,1.0508412647736836,5,PARTIALLY_COMPLIANT
0.6618768096556688,0.7952773315020707,0.7147992636489798,0.6182690815540425,1,1,0.6981683551441449,8,PARTIALLY_COMPLIANT
0.7155199155869485,0.8875882806020856,0.7140219670338201,0.4352049798088184,4,0,0.6020220398655272,4,PARTIALLY_COMPLIANT
0.9193802074199722,0.9873735469066878,0.8555024804335897,0.8131092360860052,0,0,1.0435827527016655,16,COMPLIANT
0.9881134676582101,0.9790794418924877,0.9300220313117175,0.8990983999231154,1,0,0.8061387576427572,4,COMPLIANT
0.9422880479923621,0.9880212155841236,0.9269383247162148,0.9260208178303347,0,0,1.0847244470410236,16,COMPLIANT
0.5398365168315853,0.5603980461387008,0.22701384629152013,0.3794311714900661,9,3,0.7307976548946564,8,NON_COMPLIANT
0.3127257185981165,0.39455603902894687,0.46974179281066386,0.29769437056304515,9,3,1.1168498512759222,4,NON_COMPLIANT
0.9287977396676081,0.9533027653911079,0.9958852353474605,0.8400149754826816,1,0,1.0309053642872124,15,COMPLIANT
0.5034950625869619,0.23590801016765067,0.3924674937723128,0.21149287698113883,5,3,1.0589796184501985,7,NON_COMPLIANT
0.20856753538816183,0.36356877523674797,0.33694143667211895,0.1432277181124575,7,4,0.9632367357373411,5,NON_COMPLIANT
0.7272294081782732,0.8679730039090932,0.8190663719261999,0.5757567037672787,4,0,0.9607229224745184,10,PARTIALLY_COMPLIANT
0.26088923120943697,0.5288132154972376,0.4994762562084528,0.33821955851568264,3,4,1.3382995532028406,5,NON_COMPLIANT
0.425003311692147,0.5835840019855554,0.28380798322566636,0.44555441307158283,8,4,0.6124664359613645,4,NON_COMPLIANT
0.8963476828832324,0.7394221680182868,0.6807189365934143,0.6774955868429926,2,1,0.6571209608695255,5,PARTIALLY_COMPLIANT
0.8730944857999755,0.9852678185097059,0.8865457854018374,0.8671504525303775,1,0,1.0861337784187528,7,COMPLIANT
0.9157923128784385,0.9862628830207568,0.9230003412137054,0.9683558095204151,1,0,1.0964780473028157,9,COMPLIANT
0.9630141883385454,0.988446139105382,0.9487810773505082,0.9415289831988966,1,0,1.0500171363860522,10,COMPLIANT
0.2814780588153227,0.5144455052337733,0.27182928983136756,0.2686117459388109,6,3,1.4036310603771054,5,NON_COMPLIANT
0.9760522266382762,0.9508749106993694,0.857350696745691,0.8931925691717364,1,0,1.1991593782854784,11,COMPLIANT
0.8728494384196803,0.9633084006257768,0.8533040381835725,0.8958143731140289,0,0,0.8130144989079998,11,COMPLIANT
0.3059724780760333,0.29320662185699126,0.134253402795503,0.45885331969842613,3,2,0.8077540440643939,3,NON_COMPLIANT
0.4656640798401589,0.5804682919198028,0.46638284054670665,0.3907681354324094,8,1,0.737220333914667,6,NON_COMPLIANT
0.39639549867263624,0.5684977304411032,0.12054389148371261,0.25578066520974013,7,2,0.7833223153643974,1,NON_COMPLIANT
0.9797492464311665,0.9660309953275114,0.8767497268642325,0.8098424590855116,1,0,0.9605868624567687,9,COMPLIANT
0.5105090617918768,0.34517680849291765,0.13320432193464724,0.10574052383411742,6,1,0.8536065020777995,8,NON_COMPLIANT
0.7249920427368466,0.7352259859219958,0.5762665644353847,0.6266845009491915,4,0,0.9845712451874846,5,PARTIALLY_COMPLIANT
0.8604268753982213,0.8132560034003016,0.7700742580183555,0.6950652028350962,3,1,1.1330104209534293,8,PARTIALLY_COMPLIANT
0.6392530940163038,0.679316025901137,0.3018325807500103,0.42580139259806515,5,4,0.5616036708316534,2,NON_COMPLIANT
0.8730119323583632,0.9683275593689613,0.9060029741547747,0.7878526109840213,1,0,0.8808036592126947,10,COMPLIANT
0.8678122067175026,0.7589217785826773,0.8178904941369731,0.5083185527182035,4,0,1.3301608082856882,1,PARTIALLY_COMPLIANT
0.5682067791586534,0.7421983081974337,0.22817086417362895,0.12245263520842893,7,2,1.1202300525347562,4,NON_COMPLIANT
0.562243870907822,0.7652666999738322,0.597547570967248,0.7182761143537388,1,0,1.2611319430791055,5,PARTIALLY_COMPLIANT
0.5227846182593905,0.4174086535882854,0.21629679948787953,0.23716105742035265,3,1,0.8317775090046472,3,NON_COMPLIANT
0.872131722612522,0.7719764760993707,0.7574673422159597,0.6714316781833334,4,1,0.669946157994914,7,PARTIALLY_COMPLIANT
0.9634288351160171,0.9696877570782703,0.941231706514967,0.8611433752673572,0,0,0.845846725360793,18,COMPLIANT
0.8649158653788902,0.7840399162462747,0.6030126104809326,0.7054787137778049,4,0,0.7208728380843086,14,PARTIALLY_COMPLIANT
0.24295306258335242,0.6035637371791346,0.4712557665697432,0.3326090920659713,7,3,0.8210877593075345,0,NON_COMPLIANT
0.8836156752970326,0.7410208213040388,0.5774789958221838,0.4541839342088891,3,1,1.2804176876839795,9,PARTIALLY_COMPLIANT
0.9447128381827564,0.976625203320799,0.8673091963268376,0.9014094723308529,1,0,1.166563617204154,9,COMPLIANT
0.31449116235876307,0.699043199334278,0.4183879275179836,0.2754835605970103,7,2,1.3620141069116403,7,NON_COMPLIANT
0.576487557833135,0.2897709812725393,0.11114121403553531,0.46325954337696074,9,1,0.5696414908113187,1,NON_COMPLIANT
0.2213067821359562,0.3323918363802465,0.2727218047302571,0.4332581215449701,9,3,1.2546217827656063,6,NON_COMPLIANT
0.8778665432048062,0.9542483144944732,0.9154369039535736,0.9145768598765155,1,0,1.074976840901204,14,COMPLIANT
0.743021603372968,0.8129331462190104,0.5055210364200061,0.6883947704580993,4,1,0.808646741754221,10,PARTIALLY_COMPLIANT
0.9722237670619769,0.9540057423192337,0.9842224984090792,0.8868980940384341,1,0,1.0919162767094308,5,COMPLIANT
0.6813883272279107,0.9205594904478454,0.8326546308919205,0.6507672884198825,3,1,1.2578908110499443,5,PARTIALLY_COMPLIANT
0.44206161508898245,0.31989906741363905,0.3789381579344252,0.2865788359035565,4,1,1.0509622214187242,5,NON_COMPLIANT
0.6882032831005023,0.8520960542041314,0.5140695419402568,0.6666635272657673,3,0,1.2741752988315747,8,PARTIALLY_COMPLIANT
0.33579090076260387,0.45730778665445837,0.2048149439756731,0.47003465299445624,9,4,1.3654170352961204,9,NON_COMPLIANT
0.8623789966829531,0.7567579585705672,0.6936873540804173,0.6255008547847226,1,0,0.8215916603097674,2,PARTIALLY_COMPLIANT
0.5992859475899794,0.42708841642594697,0.2719638482760389,0.3024811989064433,4,1,0.6542007712093212,3,NON_COMPLIANT
0.6951675256661698,0.9141429755898338,0.7526524839632501,0.7093622831393867,2,1,1.3913473314928766,11,PARTIALLY_COMPLIANT
0.8791935755057307,0.9528823791099512,0.9013671968252069,0.8175619230326958,1,0,1.1153442552600383,6,COMPLIANT
0.7271881070740644,0.7907821107115179,0.5899786376479789,0.6628615365381629,3,1,0.8789450311879733,14,PARTIALLY_COMPLIANT
0.8772608786064194,0.9717753812736095,0.8998149048089704,0.8354509263730456,0,0,0.9589802638562894,14,COMPLIANT
0.6528615291197609,0.7142253701244053,0.5183722643835604,0.5495979808293028,2,0,0.6525023962685923,2,PARTIALLY_COMPLIANT
0.894192909451929,0.950715763883353,0.9606804277842295,0.958536149250169,0,0,0.7345147704439248,15,COMPLIANT
0.6070989566797591,0.7833884036503286,0.8202994196433184,0.6714172100520808,3,1,0.8833765424274207,11,PARTIALLY_COMPLIANT
0.6563065811809909,0.7841981527705266,0.6987398389103106,0.6910594037543767,3,0,0.9546027531799697,4,NON_COMPLIANT
0.9592922735189165,0.9677422861715329,0.941902651701191,0.8963438556977391,1,0,1.1229826280492667,4,COMPLIANT
0.4728197285895673,0.6651694553647927,0.2478292859215491,0.4648272239553274,3,4,0.895011670013697,2,NON_COMPLIANT
0.6935941984161009,0.726639870116942,0.8170962027272207,0.4144376132151057,4,1,1.033887160393857,4,PARTIALLY_COMPLIANT
0.27757681523615435,0.4818412709684091,0.4864406935208626,0.1876317342670118,5,4,1.045534276582615,2,NON_COMPLIANT
0.7874887354750315,0.84563792409615,0.6935292618662382,0.7007760786634875,3,0,0.6892266722813412,12,PARTIALLY_COMPLIANT
0.9941072127504726,0.9660243448827773,0.9994445206367839,0.9613877988742249,0,0,1.156907261312472,16,COMPLIANT
0.870225477820249,0.7423908796427772,0.7860943593441887,0.7266287714616949,1,0,0.8557216498042405,12,PARTIALLY_COMPLIANT
0.8879911207961293,0.7605430307618193,0.7524389341004089,0.6642912262568961,2,0,0.7162208935630435,5,PARTIALLY_COMPLIANT
0.9684427214191831,0.9545603051524345,0.9241630457053872,0.7643896900041611,0,0,0.727935577338675,5,COMPLIANT
0.7701012048705758,0.8905427763709194,0.8067699645805779,0.6982488473490664,2,0,1.1964674705782863,2,PARTIALLY_COMPLIANT
0.9157447912049749,0.9631346654940002,0.8747076620414471,0.9222858392450844,0,0,0.7599440157419226,19,COMPLIANT
0.2739532705527205,0.21128738144188342,0.49163209939488794,0.13188189577818366,9,3,1.0748300268556905,1,NON_COMPLIANT
0.9303330722319508,0.9678442987585555,0.9030683738104653,0.9571388994765203,0,0,1.1140584145031713,16,COMPLIANT
0.9020915558545761,0.9790233800496848,0.8708795052018543,0.8610109373005508,0,0,1.1083784650597641,6,COMPLIANT
0.8470633633340952,0.8278798893657184,0.7473406979611902,0.4674632036444493,1,1,0.8967637171272164,1,PARTIALLY_COMPLIANT
0.8576895188763997,0.970093813561837,0.9510634344676134,0.8625875964451982,0,0,0.9321019744760632,8,COMPLIANT
0.8974536168577698,0.9397983716146303,0.5020796145455241,0.41669791950885526,4,1,0.6110577632779958,3,PARTIALLY_COMPLIANT
0.9338827197652687,0.975737109687839,0.8649369570310044,0.7540070391137808,1,0,0.966413518700697,7,COMPLIANT
0.9263412671513929,0.9659521964936404,0.9953451793123449,0.9832694132665363,1,0,0.8490751781382777,16,COMPLIANT
0.8812159051894559,0.9876860088281064,0.8880069098244001,0.9737691397904613,0,0,1.0417147075786353,13,COMPLIANT
0.9649097164802953,0.989422367162665,0.9497477355213992,0.8150717143915007,0,0,1.1371133620691758,4,COMPLIANT
0.2152429952005204,0.40819789366812764,0.44658306891097044,0.18947301076239764,9,4,1.4808102639729745,5,NON_COMPLIANT
0.34938962847255495,0.6862938621809873,0.4938543654432094,0.35035608621553105,7,1,1.2006723448461598,0,PARTIALLY_COMPLIANT
0.47006869163312665,0.21275677723476352,0.5861693391719404,0.21930547723035937,7,4,0.9856598756065795,0,NON_COMPLIANT
0.6876492844974769,0.8803785160863535,0.6136879852987164,0.6761815530587447,4,0,1.367459123606571,8,PARTIALLY_COMPLIANT
0.5850333272715841,0.4740933309685361,0.5823918788727049,0.3014486124354927,8,3,0.6933139972452146,2,NON_COMPLIANT
0.8508797091830742,0.9539254934226804,0.9821887101644518,0.7694697472728227,1,0,1.1128017124535075,10,COMPLIANT
0.8532979783058985,0.9908438992946891,0.8520923528037867,0.9142797097653184,1,0,0.9400631145071046,11,COMPLIANT
0.5830633849854134,0.4502355322928331,0.10009743116865857,0.4603737982117123,5,2,0.7445124151940462,6,NON_COMPLIANT
0.38948831045237897,0.22734506086838302,0.4274517661425701,0.1309984086646969,5,4,0.7332326841189462,9,NON_COMPLIANT
0.9958629998560156,0.9724406822873303,0.8738537505610392,0.795048938532037,0,0,0.9308580719065596,3,NON_COMPLIANT
0.46676530817268913,0.5229111198819183,0.36476594197210277,0.14679529427295518,6,1,1.3000670762509892,6,NON_COMPLIANT
0.9175354430008926,0.9627374353668359,0.9027827251520509,0.9264038261960732,0,0,0.7483472798937836,19,COMPLIANT
0.8313856906318311,0.7281101029257464,0.5295910029143427,0.4154854941562329,2,0,1.2271335430772385,13,PARTIALLY_COMPLIANT
0.9561911373609993,0.9856826037246871,0.8878602572413227,0.9142038077721122,1,0,0.9976384205520272,4,COMPLIANT
0.8165395418266381,0.8740576483810358,0.5836250859772505,0.4415007015643327,2,1,0.9510097765213037,3,PARTIALLY_COMPLIANT
0.8561131159138708,0.9581999740494749,0.9157910824734308,0.9312066399685146,1,0,0.8235516170050732,15,PARTIALLY_COMPLIANT
0.8605044558621207,0.9504742716814248,0.8579025753965843,0.7721358526534046,1,0,0.9399378101519544,18,COMPLIANT
0.8897100237501105,0.8387329110935857,0.5640233994474595,0.4459254190260903,3,0,0.7427186015428648,13,PARTIALLY_COMPLIANT
0.34944815519200845,0.5680163759617185,0.22933762013974715,0.39086949049686115,9,2,0.7496500927583027,7,NON_COMPLIANT
0.5561234416201593,0.9434282254104337,0.6652688459653425,0.5377585633457593,4,0,0.9604968383442205,9,PARTIALLY_COMPLIANT
0.9187777843280522,0.9782295319466732,0.9494540805584721,0.9197666511239093,0,0,0.7094727016871772,15,COMPLIANT
0.6526886506750247,0.9194511996522462,0.7677101560578536,0.40775482029568527,2,0,0.8824038007774689,13,PARTIALLY_COMPLIANT
0.5012679623636325,0.27786974355217986,0.4679058019080893,0.35825588790519125,4,2,1.411235363258148,5,NON_COMPLIANT
0.6117679747264481,0.5201867046953461,0.497593987548133,0.10656270410471805,6,2,1.4844656302742807,6,NON_COMPLIANT
0.9570851400094897,0.974000925492231,0.9103590347221645,0.7878644056001036,1,0,0.9632974712948946,18,COMPLIANT
0.7602088462528076,0.7312044172604606,0.7788086844927679,0.6246112548753701,3,0,1.0124750442034818,4,PARTIALLY_COMPLIANT
0.6469692356653723,0.5901077803414074,0.5639104008752164,0.4433641015531816,6,1,1.4329079830430356,8,NON_COMPLIANT
0.8675121854153193,0.9564532562414532,0.9305288719753928,0.9841425545177098,0,0,0.7976794804243041,15,COMPLIANT
0.20612636626524541,0.3787430752563974,0.5661462879365835,0.22161810785432304,7,4,0.9242209219527411,7,NON_COMPLIANT
0.6112561786764231,0.6168912211777948,0.3004006154310116,0.2326022393701014,9,2,1.212626963111311,2,NON_COMPLIANT
0.6510332059364112,0.9344969663648742,0.7889850060928173,0.6442289615718834,2,0,1.1142015311676374,6,PARTIALLY_COMPLIANT
0.5648266761834737,0.8684861122682558,0.6880671886950772,0.5554504707770419,4,0,1.0377968336802297,11,PARTIALLY_COMPLIANT
0.5099271269967736,0.723277652896499,0.381183499310605,0.4843025139965883,9,4,0.628591741225446,4,NON_COMPLIANT
0.8728899690984893,0.720352441256731,0.7409474711851081,0.4793653864305441,4,1,1.3506920121522075,5,PARTIALLY_COMPLIANT
0.8640512151742139,0.9683857901529717,0.8897803551522588,0.8109974108447708,1,0,1.1894464291375044,10,COMPLIANT
0.9291381959908248,0.9629452137396569,0.8579240029547083,0.9315212128709627,0,0,1.0959456618978645,3,COMPLIANT
0.8591115897150131,0.840262183841676,0.7132112077828804,0.70627063745913,4,1,0.7026040896963339,1,PARTIALLY_COMPLIANT
0.34675954715727464,0.4441937448328263,0.4861704877769213,0.35015695988540596,3,4,0.886202924545881,3,NON_COMPLIANT
0.6446561649149993,0.8000888985674895,0.8046385678789956,0.5257066384981466,4,0,1.195682943202704,13,PARTIALLY_COMPLIANT
0.46000615473222073,0.6016679023395792,0.29924384456966746,0.12653024453522704,8,4,0.9361470999157449,3,NON_COMPLIANT
0.8946255292806782,0.7345663359692177,0.6504079531254224,0.548690757825159,4,0,0.624016180573869,10,PARTIALLY_COMPLIANT
0.8248973824267509,0.814561710483573,0.5131505100456135,0.5722897422326305,3,0,0.7463101207172421,11,PARTIALLY_COMPLIANT
0.5714545780572283,0.8313948435155604,0.6738258243363265,0.4504587355363173,4,0,0.6994762539539285,7,PARTIALLY_COMPLIANT
0.22603362094959115,0.20351656364181075,0.1792135747030897,0.4914668747892931,8,4,0.5465674115141094,3,NON_COMPLIANT
0.795891828193822,0.8935008282274399,0.5986854144999258,0.5007611252829449,1,1,1.2472690526426755,6,PARTIALLY_COMPLIANT
0.23556470407981045,0.5238781646139663,0.19331074578341337,0.29942305611271036,3,2,1.3038763771441992,3,NON_COMPLIANT
0.5035674060810141,0.2390157084945757,0.39767888990698697,0.1880050394605542,5,3,0.6296365021474264,8,NON_COMPLIANT
0.6834679419203088,0.7463170439244337,0.6243606925138742,0.5181450387461575,3,0,1.1454374490275092,12,PARTIALLY_COMPLIANT
0.8767668947841658,0.9656135893024398,0.8845369252641805,0.8015465411296065,0,0,0.8159735480579877,16,COMPLIANT
0.6278854238746101,0.8772809602038072,0.5296658156463626,0.6595630918801685,3,0,1.2698250189592466,9,PARTIALLY_COMPLIANT
0.6041002530161687,0.9153687030856735,0.6152855626953088,0.5288467564933984,4,0,0.99495268397548,10,NON_COMPLIANT
0.9901456171251235,0.9958210272266033,0.9453121535292864,0.907455163608677,0,0,0.7456870524302046,8,COMPLIANT
0.8787185515720756,0.8813764212729402,0.8238699837695396,0.47700349232169015,1,0,0.8038540989155051,10,PARTIALLY_COMPLIANT
0.8505579491227089,0.962075311342803,0.9264584757405347,0.8449899880649381,0,0,0.8720377466851779,14,COMPLIANT
0.6951415539580252,0.7310242190274205,0.6469676416944636,0.4679815253934536,1,0,0.6914576574468113,7,PARTIALLY_COMPLIANT
0.2263282181522464,0.5003037133434731,0.450152796157238,0.49930071607450244,9,1,1.3963645620810967,3,COMPLIANT
0.7010057473078036,0.7289029720481036,0.5359870783316883,0.6640267697143799,4,1,0.7025080322004191,3,PARTIALLY_COMPLIANT
0.9388452056593144,0.9847326886405088,0.9047006014351505,0.9346264696276296,0,0,0.9892462541146649,14,COMPLIANT
0.37196568509994576,0.24215083133501833,0.39822279475393196,0.4470320123176139,6,3,0.9918391043523406,5,NON_COMPLIANT
0.518399487640441,0.43613850551481065,0.14568086865443838,0.48494870172135274,4,3,1.1653892371680175,9,NON_COMPLIANT
0.3840487334342808,0.2122217924182105,0.4181536363101579,0.39647777111314586,9,4,0.9766639996195743,8,NON_COMPLIANT
0.7962278504309193,0.8494777480658331,0.6714628105344609,0.41125784461292103,3,0,0.605566069842633,6,PARTIALLY_COMPLIANT
0.3922380212588613,0.26059690050313666,0.323166870220414,0.32461436124053467,5,3,0.6142456307919775,9,NON_COMPLIANT
0.9896347216557144,0.9555460115437403,0.9109373643965357,0.9427595925612137,0,0,0.7635167879866158,4,COMPLIANT
0.23332158452626128,0.3454774224039726,0.2002892745975007,0.4479132654577641,9,3,0.8080759959896641,8,NON_COMPLIANT
0.7487435612187571,0.9442596884041105,0.5954879341080708,0.4554305571852201,2,0,0.9288326244596892,8,COMPLIANT
0.9414912337894077,0.996226123436595,0.967871896820256,0.8974869707004522,0,0,0.9331497064699094,18,COMPLIANT
0.5362960558032752,0.293478034405896,0.22324626253514032,0.27237257730800835,3,3,1.0853922110366443,1,NON_COMPLIANT
0.5797061050099254,0.6500471624877748,0.5931648272756699,0.21267273345926735,4,4,1.4028780010577866,0,NON_COMPLIANT
0.451302140305995,0.2622034204529418,0.28071740756325125,0.36384854739020833,9,2,1.156758395757968,3,NON_COMPLIANT
0.9209814860037335,0.9984096713957361,0.8778288273554682,0.9671557919889027,0,0,0.7768290190805562,16,COMPLIANT
0.5513107831489498,0.8330393712462089,0.5375048439244232,0.5371047172709124,4,1,1.1791381369544522,9,PARTIALLY_COMPLIANT
0.9832963170754776,0.9741924985016611,0.9592633730949157,0.8291136441333644,0,0,1.1667065635117273,15,COMPLIANT
0.4186863413587141,0.2890864067001427,0.5186939079709416,0.4187248474721017,9,2,0.8638272935633775,9,NON_COMPLIANT
0.6451700353482879,0.39235677496419097,0.5827796091593291,0.13848229666503784,5,3,0.6143299946628353,9,NON_COMPLIANT
0.686379570146114,0.7001598652151337,0.6633313086020607,0.5702983392627784,3,0,0.6318445465776699,14,PARTIALLY_COMPLIANT
0.6044416516909886,0.6909663087026044,0.15534779784784578,0.4188866664385985,8,3,0.8239669328305401,6,COMPLIANT
0.8285414306326546,0.700286487657064,0.5988415150960525,0.6044135302393177,3,1,1.1209219605083838,2,PARTIALLY_COMPLIANT
0.9746868707634914,0.9883384178169168,0.902596403718572,0.8442026569435531,0,0,1.1179442040631211,14,COMPLIANT
0.8874286550257373,0.9501009258874117,0.8761122512967143,0.7792665103560421,0,0,0.7774143062988599,17,COMPLIANT
0.6072244324373954,0.6621812869648249,0.10506127927005701,0.4477550343952249,7,4,0.9582804029423283,4,NON_COMPLIANT
0.4058561187350958,0.7442479664160453,0.4748342510526451,0.2722237855919978,7,3,0.9996320077497423,1,NON_COMPLIANT
0.9645273765502318,0.9554341269687345,0.9971886366086915,0.8454041247772838,1,0,0.939079461777922,5,COMPLIANT
0.7621117083821325,0.7528955336426228,0.7149227446545894,0.6529273958262998,2,0,0.7450504651877297,12,PARTIALLY_COMPLIANT
0.8880873120901517,0.96234380314193,0.9544456409259683,0.9280676474811105,0,0,0.8424202471887338,19,COMPLIANT
0.25472875642110027,0.6094788701562459,0.36010453697815736,0.19003890015679545,5,1,1.0573324247507512,0,NON_COMPLIANT
0.9076532557786202,0.9512596706979615,0.9758495991577016,0.7528544958635184,1,0,1.0079559578383606,4,NON_COMPLIANT
0.9589745119506135,0.99178915354273,0.9122745379906156,0.9412197075221171,1,0,0.9806779120946689,16,COMPLIANT
0.5591103424359972,0.75926037722967,0.7709666721000137,0.48401344656745243,2,0,0.6336291217523365,7,NON_COMPLIANT
0.8532972722214435,0.990134870266801,0.9682052724362533,0.824303528461274,1,0,0.8284150188625925,7,COMPLIANT
0.8790575576164447,0.9672914285154797,0.90367617379623,0.7521128740156151,1,0,1.0882434406578334,9,NON_COMPLIANT
0.7247831909789437,0.8026242332807224,0.5273065446502578,0.7123296297278018,2,0,1.0789786728453843,11,PARTIALLY_COMPLIANT
0.6035952088234765,0.37757296929319895,0.14407732212614957,0.12326121119594005,9,3,1.2304362943536913,1,NON_COMPLIANT
0.5496114346645278,0.6056120595444439,0.5458677305288968,0.181867579037579,6,2,0.8010260870416989,5,NON_COMPLIANT
0.6566225413027519,0.8358050235917902,0.5071669791767692,0.5826562886307519,1,0,0.6734802697833607,12,PARTIALLY_COMPLIANT
0.6819478402236592,0.8266779409831995,0.6848490200458137,0.7110547049931002,2,1,0.7657451775155517,7,PARTIALLY_COMPLIANT
0.9238543455279439,0.9850432849562714,0.9783326685153808,0.8545727777733715,0,0,0.8708205563453009,16,COMPLIANT
0.2271853962625224,0.5281972591520494,0.45851796079334195,0.4911567431641838,7,1,0.7762273135652734,7,NON_COMPLIANT
0.6216805337287085,0.7927661837008828,0.7219797995847652,0.4063552879624776,2,1,1.1148435735651354,12,PARTIALLY_COMPLIANT
0.9253292515496864,0.9797692508660022,0.8600614716082641,0.9374901175997945,0,0,1.0998910110371347,19,COMPLIANT
0.5064668548875056,0.5664365487218104,0.40309681236716455,0.38467844443139,7,3,1.4789854855895346,2,NON_COMPLIANT
0.44348191435937734,0.37407617695066,0.487747875818039,0.47213257327858205,8,2,1.3055842491436276,0,NON_COMPLIANT
0.4206328370678726,0.5418776740195839,0.46460379461490653,0.24246846897674984,7,3,1.0851041858231734,0,NON_COMPLIANT
0.534756693312159,0.23706118577137208,0.18376677548633727,0.42858044118389926,5,4,1.205918110598275,8,NON_COMPLIANT
0.6148281657908283,0.7511115917664157,0.5835452816446425,0.47929384698420197,1,0,1.0201746013047204,8,PARTIALLY_COMPLIANT
0.6397554061121159,0.7025177837080707,0.5961765925476299,0.4382899739111169,3,0,1.2772406206558902,5,PARTIALLY_COMPLIANT
0.9565364197934967,0.9657175056591873,0.9206751848399222,0.9554092244276179,1,0,0.857030397496366,4,COMPLIANT
0.9283189740148265,0.9700770869002641,0.8950733137948959,0.950815850156782,1,0,0.9281629619111993,12,COMPLIANT
0.8928637486889058,0.9716383439799631,0.9528165824832853,0.833114039287178,1,0,0.8027007042390146,9,COMPLIANT
0.6577123308127372,0.731606556788757,0.7662826395008769,0.6977731339207387,2,0,0.9540840238247466,14,PARTIALLY_COMPLIANT
0.8006446741668581,0.7861095721071274,0.7753283806267214,0.5186276769779592,1,1,1.1373328457675762,10,PARTIALLY_COMPLIANT
0.5653236698734108,0.3164633325519379,0.5508250884398593,0.12817797527174424,5,1,0.6636328926291901,6,NON_COMPLIANT
0.32935051882576327,0.3803557532542974,0.31193737171723224,0.36216284928583464,7,3,0.550976763468676,9,NON_COMPLIANT
0.9480991332130373,0.9809292574536057,0.8964770675129919,0.7714485712248724,1,0,0.9409930934132029,3,COMPLIANT
0.889601926910784,0.9502699271091838,0.9502757351726474,0.9931566511081381,1,0,1.0274535615739295,3,COMPLIANT
0.9554640855639149,0.9645742068421268,0.9205557351077299,0.9890614889674167,0,0,0.7448158866523089,6,COMPLIANT
0.9469464900486072,0.9823671067186546,0.8692524889922042,0.9125467916114134,0,0,1.0839381818168556,13,COMPLIANT
0.28301294461993587,0.4874238790658076,0.43656056904887675,0.13016602090661122,9,2,0.7462016434484607,6,NON_COMPLIANT
0.5465385423292175,0.7341597623538489,0.597987029257325,0.19629781878855163,7,3,0.5945155013500691,0,NON_COMPLIANT
